category,page,title,detail_url,salary_raw,posted_raw,raw_card_text
Hotel and HospitalityÂ,1,Steward for Restuarant,https://ikman.lk/en/ad/steward-for-restuarant-colombo-1,"Rs 50,000 - 80,000",7 hours,"Steward for Restuarant|SMR HOT KITCHEN  THE OLIVE|Rs 50,000 - 80,000|MEMBER|Colombo, Hotel and Hospitality|7 hours"
Hotel and HospitalityÂ,1,Villa Care Taker/ Manager,https://ikman.lk/en/ad/villa-care-taker-manager-kurunegala-1,"Rs 60,000 - 100,000",11 hours,"Villa Care Taker/ Manager|Wimaladharma & Sons|Rs 60,000 - 100,000|MEMBER|Kurunegala, Hotel and Hospitality|11 hours"
Hotel and HospitalityÂ,1,Steward- Male Females,https://ikman.lk/en/ad/steward-male-females-anuradhapura,"Rs 125,000 - 165,000",16 hours,"Steward- Male Females|Chamy Restaurant Anuradhapura|Rs 125,000 - 165,000|MEMBER|Anuradhapura, Hotel and Hospitality|16 hours"
Hotel and HospitalityÂ,1,Hotel Kitchen helper Steward - Galle fort,https://ikman.lk/en/ad/hotel-kitchen-helper-steward-galle-fort-galle,,18 hours,"Hotel Kitchen helper Steward - Galle fort|TOURISTS BOUTIQUE HOTEL RESORT POST|MEMBER|Galle, Hotel and Hospitality|18 hours"
Hotel and HospitalityÂ,1,Room boy waiter Available - All island Comme.,https://ikman.lk/en/ad/room-boy-waiter-available-all-island-comme-galle-1,,18 hours,"Room boy waiter Available - All island Comme.|HOUSE KEEPING DEPARTMENT POST PVT|MEMBER|Galle, Hotel and Hospitality|18 hours"
Hotel and HospitalityÂ,1,Kitchen Helper,https://ikman.lk/en/ad/kitchen-helper-colombo-986,"Rs 40,000 - 60,000",21 hours,"Kitchen Helper|VIETS KITCHEN (PVT) LTD|Rs 40,000 - 60,000|Colombo, Hotel and Hospitality|21 hours"
Hotel and HospitalityÂ,1,Food Dispatch Assistant,https://ikman.lk/en/ad/food-dispatch-assistant-colombo,,1 day,"Food Dispatch Assistant|Grand Chancellor Kitchens Pvt Ltd|MEMBER|Colombo, Hotel and Hospitality|1 day"
Hotel and HospitalityÂ,1,Kitchen Helper,https://ikman.lk/en/ad/kitchen-helper-colombo-994,,2 days,"Kitchen Helper|Elegance Food Express Colombo 7|MEMBER|Colombo, Hotel and Hospitality|2 days"
Hotel and HospitalityÂ,1,Waiter (Male),https://ikman.lk/en/ad/waiter-male-ratnapura-2,"Rs 45,000 - 65,000",2 days,"Waiter (Male)|kottawatta village|Rs 45,000 - 65,000|Ratnapura, Hotel and Hospitality|2 days"
Hotel and HospitalityÂ,1,Waiter,https://ikman.lk/en/ad/waiter-matara-20,"Rs 50,000 - 70,000",2 days,"Waiter|Polhena Grand Resort & Banquet|Rs 50,000 - 70,000|Matara, Hotel and Hospitality|2 days"
Hotel and HospitalityÂ,1,Room Boy,https://ikman.lk/en/ad/room-boy-matara-69,"Rs 50,000 - 70,000",2 days,"Room Boy|Polhena Grand Resort & Banquet|Rs 50,000 - 70,000|Matara, Hotel and Hospitality|2 days"
Hotel and HospitalityÂ,1,Steward,https://ikman.lk/en/ad/steward-colombo-490,,3 days,"Steward|Ninewells Hospital (Pvt) Ltd|MEMBER|Colombo, Hotel and Hospitality|3 days"
Hotel and HospitalityÂ,1,Room Assistant,https://ikman.lk/en/ad/room-assistant-kurunegala-4,"Rs 65,000 - 95,000",3 days,"Room Assistant|SDR Pvt Ltd|Rs 65,000 - 95,000|MEMBER|Kurunegala, Hotel and Hospitality|3 days"
Hotel and HospitalityÂ,1,Waiter - Dikwella,https://ikman.lk/en/ad/wiater-smoke-and-bitters-matara,"Rs 50,000 - 70,000",4 days,"Waiter - Dikwella|SMOKE & BITTERS|Rs 50,000 - 70,000|Matara, Hotel and Hospitality|4 days"
Hotel and HospitalityÂ,1,Restaurant Waiter - Thannekumbura,https://ikman.lk/en/ad/restaurant-waiter-thannekumbura-kandy,,4 days,"Restaurant Waiter - Thannekumbura|Private Post|MEMBER|Kandy, Hotel and Hospitality|4 days"
Hotel and HospitalityÂ,1,Bar Assistant - Colombo,https://ikman.lk/en/ad/bar-assistant-colombo-colombo-1,,4 days,"Bar Assistant - Colombo|Private Post|MEMBER|Colombo, Hotel and Hospitality|4 days"
Hotel and HospitalityÂ,1,Hotel Receptionist (Male / Female) â Habarana,https://ikman.lk/en/ad/hotel-receptionist-male-female-habarana-anuradhapura-1,,4 days,"Hotel Receptionist (Male / Female) â Habarana|Private Post|MEMBER|Anuradhapura, Hotel and Hospitality|4 days"
Hotel and HospitalityÂ,1,House Keeping - Trincomalee,https://ikman.lk/en/ad/house-keeping-trincomalee-trincomalee-5,,5 days,"House Keeping - Trincomalee|Hotel|MEMBER|Trincomalee, Hotel and Hospitality|5 days"
Hotel and HospitalityÂ,1,à·à·à¶§à·à¶½à· à·à·à·à¶ à·à·à·à·à¶à·- à·à·à¶¯à·à¶¯à·à· .,https://ikman.lk/en/ad/hottel-seevk-seevkaa-vaadduuv-kalutara-2,"Rs 85,000 - 95,000",5 days,"à·à·à¶§à·à¶½à· à·à·à·à¶ à·à·à·à·à¶à·- à·à·à¶¯à·à¶¯à·à· .|hotel careers|Rs 85,000 - 95,000|MEMBER|Kalutara, Hotel and Hospitality|5 days"
Hotel and HospitalityÂ,1,Kitchen Helper - Trincomalee,https://ikman.lk/en/ad/kitchen-helper-trincomalee-trincomalee-4,,5 days,"Kitchen Helper - Trincomalee|Hotel|MEMBER|Trincomalee, Hotel and Hospitality|5 days"
Hotel and HospitalityÂ,1,à·à·à¶§à·à¶½à· à·à·à·à·à¶ à·à·à·à·à¶à·- à¶­à·âà¶»à·à¶à·à¶«à·à¶¸à¶½à¶º,https://ikman.lk/en/ad/hottel-seevk-seevkaa-trikunnaamly-trincomalee-3,"Rs 85,000 - 95,000",5 days,"à·à·à¶§à·à¶½à· à·à·à·à·à¶ à·à·à·à·à¶à·- à¶­à·âà¶»à·à¶à·à¶«à·à¶¸à¶½à¶º|hotel careers|Rs 85,000 - 95,000|MEMBER|Trincomalee, Hotel and Hospitality|5 days"
Hotel and HospitalityÂ,1,à·à·à¶§à·à¶½à· à·à·à·à¶ à·à·à·à·à¶à·- à¶à·à·à¶¹ .,https://ikman.lk/en/ad/hottel-seevk-seevkaa-kollmb-colombo-1,"Rs 85,000 - 95,000",5 days,"à·à·à¶§à·à¶½à· à·à·à·à¶ à·à·à·à·à¶à·- à¶à·à·à¶¹ .|hotel careers|Rs 85,000 - 95,000|MEMBER|Colombo, Hotel and Hospitality|5 days"
Hotel and HospitalityÂ,1,Linen Room Attendant - Male,https://ikman.lk/en/ad/linen-room-attendant-male-kalutara-1,,6 days,"FEATURED|Linen Room Attendant - Male|Wijaya Leisure|AUTH AGENT|Kalutara, Hotel and Hospitality|6 days"
Hotel and HospitalityÂ,1,Linen Room Attendant - Male,https://ikman.lk/en/ad/linen-room-attendant-male-kalutara,,6 days,"FEATURED|Linen Room Attendant - Male|Wijaya Leisure|AUTH AGENT|Kalutara, Hotel and Hospitality|6 days"
Hotel and HospitalityÂ,1,Kitchen Helper,https://ikman.lk/en/ad/need-experience-cook-anuradhapura,"Rs 85,000 - 90,000",7 days,"Kitchen Helper|Wilpattu Corridor Hotel|Rs 85,000 - 90,000|Anuradhapura, Hotel and Hospitality|7 days"
Hotel and HospitalityÂ,2,Room Assistant,https://ikman.lk/en/ad/room-assistant-colombo-18,"Rs 55,000 - 60,000",,"Room Assistant|Private Poster|Rs 55,000 - 60,000|Colombo, Hotel and Hospitality"
Hotel and HospitalityÂ,2,Linen Room Attendant - Male,https://ikman.lk/en/ad/linen-room-attendant-male-kalutara-1,,6 days,"FEATURED|Linen Room Attendant - Male|Wijaya Leisure|AUTH AGENT|Kalutara, Hotel and Hospitality|6 days"
Hotel and HospitalityÂ,2,Linen Room Attendant - Male,https://ikman.lk/en/ad/linen-room-attendant-male-kalutara,,6 days,"FEATURED|Linen Room Attendant - Male|Wijaya Leisure|AUTH AGENT|Kalutara, Hotel and Hospitality|6 days"
Hotel and HospitalityÂ,2,Kitchen Helper,https://ikman.lk/en/ad/need-experience-cook-anuradhapura,"Rs 85,000 - 90,000",7 days,"Kitchen Helper|Wilpattu Corridor Hotel|Rs 85,000 - 90,000|Anuradhapura, Hotel and Hospitality|7 days"
Hotel and HospitalityÂ,2,Room Boy,https://ikman.lk/en/ad/need-experienced-room-boy-anuradhapura,"Rs 60,000 - 65,000",7 days,"Room Boy|Wilpattu Corridor Hotel|Rs 60,000 - 65,000|Anuradhapura, Hotel and Hospitality|7 days"
Hotel and HospitalityÂ,2,à·à·à¶§à·à¶½à· à·à·à·à¶ à·à·à·à·à¶à·- à¶¸à·à¶­à¶»,https://ikman.lk/en/ad/hottel-seevk-seevkaa-maatr-matara-5,"Rs 75,000 - 85,000",7 days,"à·à·à¶§à·à¶½à· à·à·à·à¶ à·à·à·à·à¶à·- à¶¸à·à¶­à¶»|hotel careers|Rs 75,000 - 85,000|MEMBER|Matara, Hotel and Hospitality|7 days"
Hotel and HospitalityÂ,2,à·à·à¶§à·à¶½à· à·à·à·à¶ à·à·à·à·à¶à·- à¶¶à¶¯à·à¶½à·à¶½,https://ikman.lk/en/ad/hottel-seevk-seevkaa-bdull-badulla-5,"Rs 75,000 - 85,000",7 days,"à·à·à¶§à·à¶½à· à·à·à·à¶ à·à·à·à·à¶à·- à¶¶à¶¯à·à¶½à·à¶½|hotel careers|Rs 75,000 - 85,000|MEMBER|Badulla, Hotel and Hospitality|7 days"
Hotel and HospitalityÂ,2,à·à·à¶§à·à¶½à· à·à·à·à¶ - à·à·à¶à·à¶à¶©à·à· .,https://ikman.lk/en/ad/hottel-seevk-hikkdduv-galle,"Rs 75,000 - 85,000",7 days,"à·à·à¶§à·à¶½à· à·à·à·à¶ - à·à·à¶à·à¶à¶©à·à· .|hotel careers|Rs 75,000 - 85,000|MEMBER|Galle, Hotel and Hospitality|7 days"
Hotel and HospitalityÂ,2,Kitchen Helper - Maharagama,https://ikman.lk/en/ad/kitchen-helper-maharagama-colombo-3,"Rs 75,000 - 85,000",7 days,"Kitchen Helper - Maharagama|hotel careers|Rs 75,000 - 85,000|MEMBER|Colombo, Hotel and Hospitality|7 days"
Hotel and HospitalityÂ,2,Steward- Male Females,https://ikman.lk/en/ad/steward-male-females-anuradhapura,"Rs 125,000 - 165,000",7 days,"Steward- Male Females|Chamy Restaurant Anuradhapura|Rs 125,000 - 165,000|MEMBER|Anuradhapura, Hotel and Hospitality|7 days"
Hotel and HospitalityÂ,2,Waiter (Female- Maharagama),https://ikman.lk/en/ad/waiter-female-maharagama-colombo,,7 days,"Waiter (Female- Maharagama)|private poster|Colombo, Hotel and Hospitality|7 days"
Hotel and HospitalityÂ,2,à·à·à¶§à·à¶½à· à·à·à·à¶ à·à·à·à·à¶à·- à¶à·à·à¶¹,https://ikman.lk/en/ad/hottel-seevk-seevkaa-kollmb-colombo,"Rs 85,000 - 95,000",7 days,"à·à·à¶§à·à¶½à· à·à·à·à¶ à·à·à·à·à¶à·- à¶à·à·à¶¹|hotel careers|Rs 85,000 - 95,000|MEMBER|Colombo, Hotel and Hospitality|7 days"
Hotel and HospitalityÂ,2,Steward - Female,https://ikman.lk/en/ad/steward-female-kandy,"Rs 50,000 - 80,000",7 days,"Steward - Female|Crest Residencies Kandy|Rs 50,000 - 80,000|Kandy, Hotel and Hospitality|7 days"
Hotel and HospitalityÂ,2,Waiter - Colombo 7,https://ikman.lk/en/ad/waiter-colombo-7-colombo,,8 days,"Waiter - Colombo 7|Maharaja Palace|Colombo, Hotel and Hospitality|8 days"
Hotel and HospitalityÂ,2,Waiters - Tissamaharama,https://ikman.lk/en/ad/waiters-tissamaharama-hambantota-1,,8 days,"Waiters - Tissamaharama|private poster|Hambantota, Hotel and Hospitality|8 days"
Hotel and HospitalityÂ,2,Kitchen Helper,https://ikman.lk/en/ad/kitchen-helper-colombo-993,"Rs 35,000 - 45,000",8 days,"Kitchen Helper|CAVA BEACH COLOMBO|Rs 35,000 - 45,000|MEMBER|Colombo, Hotel and Hospitality|8 days"
Hotel and HospitalityÂ,2,Bartender,https://ikman.lk/en/ad/bartender-colombo-40,"Rs 50,000 - 60,000",8 days,"Bartender|Cava Beach Colombo|Rs 50,000 - 60,000|MEMBER|Colombo, Hotel and Hospitality|8 days"
Hotel and HospitalityÂ,2,Steward,https://ikman.lk/en/ad/steward-colombo-489,"Rs 50,000 - 60,000",8 days,"Steward|CAVA BEACH COLOMBO|Rs 50,000 - 60,000|MEMBER|Colombo, Hotel and Hospitality|8 days"
Hotel and HospitalityÂ,2,Baristas a - Male/Female,https://ikman.lk/en/ad/baristas-a-male-female-colombo,,8 days,"Baristas a - Male/Female|HOTEL RESORT GROUP PVT|MEMBER|Colombo, Hotel and Hospitality|8 days"
Hotel and HospitalityÂ,2,Experienced Boutique Hotel Manager,https://ikman.lk/en/ad/experienced-boutique-hotel-manager-matale,,8 days,"Experienced Boutique Hotel Manager|Private Poster|Matale, Hotel and Hospitality|8 days"
Hotel and HospitalityÂ,2,Kitchen Helper - Peradeniya,https://ikman.lk/en/ad/kitchen-helper-peradeniya-kandy-2,,8 days,"Kitchen Helper - Peradeniya|Private Post|MEMBER|Kandy, Hotel and Hospitality|8 days"
Hotel and HospitalityÂ,2,Receptionist (Male / Female) â Kandy,https://ikman.lk/en/ad/receptionist-male-female-kandy-kandy-2,"Rs 60,000 - 70,000",8 days,"Receptionist (Male / Female) â Kandy|Private Post|Rs 60,000 - 70,000|MEMBER|Kandy, Hotel and Hospitality|8 days"
Hotel and HospitalityÂ,2,Restaurant Waiter - Dambulla,https://ikman.lk/en/ad/restaurant-waiter-dambulla-matale-1,,8 days,"Restaurant Waiter - Dambulla|Private Post|MEMBER|Matale, Hotel and Hospitality|8 days"
Hotel and HospitalityÂ,2,à¶»à·à¶¸à· à¶à·à¶´à¶»à· - à¶´à·à¶½à·à¶±à·à¶±à¶»à·à·,https://ikman.lk/en/ad/ruum-kiipr-polonnruv-polonnaruwa,"Rs 85,000 - 95,000",8 days,"à¶»à·à¶¸à· à¶à·à¶´à¶»à· - à¶´à·à¶½à·à¶±à·à¶±à¶»à·à·|hotel careers|Rs 85,000 - 95,000|MEMBER|Polonnaruwa, Hotel and Hospitality|8 days"
Hotel and HospitalityÂ,2,à·à·à¶§à·à·à¶§à· - à¶¸à·à¶±à·à·à¶»,https://ikman.lk/en/ad/sttuvtt-mhnuvr-kandy,"Rs 85,000 - 95,000",8 days,"à·à·à¶§à·à·à¶§à· - à¶¸à·à¶±à·à·à¶»|hotel careers|Rs 85,000 - 95,000|MEMBER|Kandy, Hotel and Hospitality|8 days"
Hotel and HospitalityÂ,2,Room Boy,https://ikman.lk/en/ad/room-boy-kandy-114,,9 days,"Room Boy|Private Poster|Kandy, Hotel and Hospitality|9 days"
Hotel and HospitalityÂ,3,Room Assistant,https://ikman.lk/en/ad/room-assistant-colombo-18,"Rs 55,000 - 60,000",,"Room Assistant|Private Poster|Rs 55,000 - 60,000|Colombo, Hotel and Hospitality"
Hotel and HospitalityÂ,3,Kitchen Helper - Female,https://ikman.lk/en/ad/kitchen-helper-female-colombo-4,"Rs 90,000 - 100,000",9 days,"Kitchen Helper - Female|ting ting|Rs 90,000 - 100,000|MEMBER|Colombo, Hotel and Hospitality|9 days"
Hotel and HospitalityÂ,3,à¶´à·âà¶»à·à·à¶¯à·à¶° à·à·à¶§à¶½à· à·à¶¯à·à· à·à·à·à¶ºà¶à¶ºà· à¶´à·à·à·à¶«à· à¶±à·à¶´à·à·à·à¶«à· à·à·à·à¶ à·à·à·à·à¶à·à·à¶±à·,https://ikman.lk/en/ad/prsiddh-hoottl-sdhaa-shaaykyaa-puhunnu-nupuhunnu-seevk-seevikaavn-kurunegala,"Rs 55,000 - 95,000",9 days,"à¶´à·âà¶»à·à·à¶¯à·à¶° à·à·à¶§à¶½à· à·à¶¯à·à· à·à·à·à¶ºà¶à¶ºà· à¶´à·à·à·à¶«à· à¶±à·à¶´à·à·à·à¶«à· à·à·à·à¶ à·à·à·à·à¶à·à·à¶±à·|Sihina Pvt Ltd|Rs 55,000 - 95,000|MEMBER|Kurunegala, Hotel and Hospitality|9 days"
Hotel and HospitalityÂ,3,Kitchen Helper,https://ikman.lk/en/ad/kitchen-helper-colombo-992,,9 days,"Kitchen Helper|Private Poster|Colombo, Hotel and Hospitality|9 days"
Hotel and HospitalityÂ,3,Kitchen Helper - Sigiriya,https://ikman.lk/en/ad/kitchen-restaurant-helper-wanted-sigiriya-matale,"Rs 35,000 - 45,000",10 days,"Kitchen Helper - Sigiriya|Private Poster|Rs 35,000 - 45,000|Matale, Hotel and Hospitality|10 days"
Hotel and HospitalityÂ,3,Room Boy,https://ikman.lk/en/ad/room-boy-gampaha-80,,10 days,"Room Boy|Festas|Gampaha, Hotel and Hospitality|10 days"
Hotel and HospitalityÂ,3,Kitchen Helper - Mannar,https://ikman.lk/en/ad/kitchen-helper-mannar-mannar,,11 days,"Kitchen Helper - Mannar|Hotel|MEMBER|Mannar, Hotel and Hospitality|11 days"
Hotel and HospitalityÂ,3,Tourist Hotel All Round Room Attendant,https://ikman.lk/en/ad/tourist-hotel-all-round-room-attendant-colombo,,11 days,"Tourist Hotel All Round Room Attendant|Tourist Hotel Vacancy|MEMBER|Colombo, Hotel and Hospitality|11 days"
Hotel and HospitalityÂ,3,Waiter,https://ikman.lk/en/ad/waiter-colombo-597,,11 days,"Waiter|Torena Cafe & Restauran|MEMBER|Colombo, Hotel and Hospitality|11 days"
Hotel and HospitalityÂ,3,Bartender,https://ikman.lk/en/ad/bartender-colombo-35,,11 days,"Bartender|Torena Cafe & Restauran|MEMBER|Colombo, Hotel and Hospitality|11 days"
Hotel and HospitalityÂ,3,Kitchen Assistant,https://ikman.lk/en/ad/kitchen-assistant-colombo-14,"Rs 55,000 - 65,000",11 days,"Kitchen Assistant|Cilantra Grill (Pvt) Ltd|Rs 55,000 - 65,000|Colombo, Hotel and Hospitality|11 days"
Hotel and HospitalityÂ,3,Kitchen Helper,https://ikman.lk/en/ad/kitchen-helper-colombo-991,,12 days,"Kitchen Helper|Private Poster|Colombo, Hotel and Hospitality|12 days"
Hotel and HospitalityÂ,3,Room Boy - Mirissa,https://ikman.lk/en/ad/houseboy-airbnb-beach-houses-mirissa-area-matara,"Rs 30,000 - 60,000",12 days,"Room Boy - Mirissa|Airbnb Beach Houses (Mirissa Area)|Rs 30,000 - 60,000|Matara, Hotel and Hospitality|12 days"
Hotel and HospitalityÂ,3,Kitchen Helper - Narahenpita,https://ikman.lk/en/ad/kitchen-helper-narahenpita-colombo,"Rs 30,000 - 55,000",12 days,"Kitchen Helper - Narahenpita|Dad Thai PVT LTD|Rs 30,000 - 55,000|Colombo, Hotel and Hospitality|12 days"
Hotel and HospitalityÂ,3,Hotel All-rounder - Ella,https://ikman.lk/en/ad/hotel-all-rounder-ella-badulla-1,,12 days,"Hotel All-rounder - Ella|Hotel|MEMBER|Badulla, Hotel and Hospitality|12 days"
Hotel and HospitalityÂ,3,Barman - Kandy,https://ikman.lk/en/ad/barman-kandy-kandy,,12 days,"Barman - Kandy|Private Post|MEMBER|Kandy, Hotel and Hospitality|12 days"
Hotel and HospitalityÂ,3,Kitchen Helper - Negombo,https://ikman.lk/en/ad/kitchen-helper-negombo-gampaha-2,,12 days,"Kitchen Helper - Negombo|Private Post|MEMBER|Gampaha, Hotel and Hospitality|12 days"
Hotel and HospitalityÂ,3,MANAGER - Jaffna,https://ikman.lk/en/ad/manager-jaffna-jaffna,,12 days,"MANAGER - Jaffna|Hotel|MEMBER|Jaffna, Hotel and Hospitality|12 days"
Hotel and HospitalityÂ,3,Room Assistant,https://ikman.lk/en/ad/room-assistant-hambantota,,13 days,"Room Assistant|OLA Tangalle|Hambantota, Hotel and Hospitality|13 days"
Hotel and HospitalityÂ,3,Waiters,https://ikman.lk/en/ad/waiters-colombo-192,"Rs 30,000 - 60,000",13 days,"Waiters|Big Plate|Rs 30,000 - 60,000|Colombo, Hotel and Hospitality|13 days"
Hotel and HospitalityÂ,3,Kitchen Helper,https://ikman.lk/en/ad/kitchen-helper-gampaha-159,,13 days,"Kitchen Helper|Kitchen Helpers Wanted With High Salaries|Gampaha, Hotel and Hospitality|13 days"
Hotel and HospitalityÂ,3,à¶½à·à¶±à¶±à· à¶à·à¶¸à¶» à·à·à¶à·à¶» (Linen Room Assistant),https://ikman.lk/en/ad/linn-kaamr-shkaar-linen-room-assistant-colombo,"Rs 45,000 - 60,000",13 days,"à¶½à·à¶±à¶±à· à¶à·à¶¸à¶» à·à·à¶à·à¶» (Linen Room Assistant)|Raffles consolidated (pvt) ltd|Rs 45,000 - 60,000|MEMBER|Colombo, Hotel and Hospitality|13 days"
Hotel and HospitalityÂ,3,Steward,https://ikman.lk/en/ad/steward-matara-35,"Rs 80,000 - 150,000",13 days,"Steward|Sinharaja Forest Edge|Rs 80,000 - 150,000|Matara, Hotel and Hospitality|13 days"
Hotel and HospitalityÂ,3,Bartender,https://ikman.lk/en/ad/bartender-colombo-39,,14 days,"Bartender|Open Door Policy|MEMBER|Colombo, Hotel and Hospitality|14 days"
Hotel and HospitalityÂ,3,1st Commis â Dambulla,https://ikman.lk/en/ad/1st-commis-dambulla-matale,"Rs 65,000 - 75,000",14 days,"1st Commis â Dambulla|Vandy Hotels|Rs 65,000 - 75,000|MEMBER|Matale, Hotel and Hospitality|14 days"
Hotel and HospitalityÂ,3,Kitchen Helper â Sigiriya,https://ikman.lk/en/ad/kitchen-helper-sigiriya-matale-2,,14 days,"Kitchen Helper â Sigiriya|Private Poster|MEMBER|Matale, Hotel and Hospitality|14 days"
Hotel and HospitalityÂ,4,Room Assistant,https://ikman.lk/en/ad/room-assistant-colombo-18,"Rs 55,000 - 60,000",,"Room Assistant|Private Poster|Rs 55,000 - 60,000|Colombo, Hotel and Hospitality"
Hotel and HospitalityÂ,4,Bartender - Kandy,https://ikman.lk/en/ad/bartender-kandy-kandy-3,,14 days,"Bartender - Kandy|Vandy Hotels|MEMBER|Kandy, Hotel and Hospitality|14 days"
Hotel and HospitalityÂ,4,Bar Assistant - Colombo,https://ikman.lk/en/ad/bar-assistant-colombo-colombo,,14 days,"Bar Assistant - Colombo|Private Post|MEMBER|Colombo, Hotel and Hospitality|14 days"
Hotel and HospitalityÂ,4,Barista (Male/Female) - Kandy,https://ikman.lk/en/ad/barista-male-female-kandy-kandy-2,,14 days,"Barista (Male/Female) - Kandy|Private Post|MEMBER|Kandy, Hotel and Hospitality|14 days"
Hotel and HospitalityÂ,4,Room Assistant -Mount Lavinia,https://ikman.lk/en/ad/room-assistant-mount-lavinia-colombo-5,"Rs 48,000 - 58,000",15 days,"Room Assistant -Mount Lavinia|Lavinia Blue Boutique Hotel|Rs 48,000 - 58,000|Colombo, Hotel and Hospitality|15 days"
Hotel and HospitalityÂ,4,Steward in Raddolugama,https://ikman.lk/en/ad/steward-in-raddolugama-gampaha,,15 days,"Steward in Raddolugama|Golden Bird Bakery|Gampaha, Hotel and Hospitality|15 days"
Hotel and HospitalityÂ,4,Kitchen Helper - Colombo 5,https://ikman.lk/en/ad/kitchen-helper-colombo-5-colombo-2,,15 days,"Kitchen Helper - Colombo 5|Hotel|MEMBER|Colombo, Hotel and Hospitality|15 days"
Hotel and HospitalityÂ,4,à·à·à¶§à·à¶½à· à¶´à·à·à·à¶«à· à·à· à¶±à·à¶´à·à·à·à¶«à· - à·à·à·à¶à¶ºà¶±à· à¶à·à·à·âà¶ºà¶ºà·.,https://ikman.lk/en/ad/hottel-puhunnu-hoo-nupuhunnu-seevkyn-avshyyi-galle,,15 days,"à·à·à¶§à·à¶½à· à¶´à·à·à·à¶«à· à·à· à¶±à·à¶´à·à·à·à¶«à· - à·à·à·à¶à¶ºà¶±à· à¶à·à·à·âà¶ºà¶ºà·.|Tourists Hotel Group & Outlet pvt ltd|MEMBER|Galle, Hotel and Hospitality|15 days"
Hotel and HospitalityÂ,4,Bartender Baristas Treening apply - All island,https://ikman.lk/en/ad/bartender-baristas-treening-apply-all-island-colombo,"Rs 50,000 - 80,000",15 days,"Bartender Baristas Treening apply - All island|BARISTAS BARTENDER TOURISTS RESORT|Rs 50,000 - 80,000|MEMBER|Colombo, Hotel and Hospitality|15 days"
Hotel and HospitalityÂ,4,STEWARD (Male),https://ikman.lk/en/ad/steward-male-polonnaruwa-1,,15 days,"STEWARD (Male)|Hungry Muppets Cafe & Restaurant|MEMBER|Polonnaruwa, Hotel and Hospitality|15 days"
Hotel and HospitalityÂ,4,Kitchen Stewart - Battaramulla,https://ikman.lk/en/ad/kitchen-stewart-battaramulla-colombo,,15 days,"Kitchen Stewart - Battaramulla|Hotel|MEMBER|Colombo, Hotel and Hospitality|15 days"
Hotel and HospitalityÂ,4,Steward,https://ikman.lk/en/ad/steward-colombo-486,"Rs 50,000 - 60,000",16 days,"Steward|CAVA BEACH COLOMBO|Rs 50,000 - 60,000|MEMBER|Colombo, Hotel and Hospitality|16 days"
Hotel and HospitalityÂ,4,Room Boy,https://ikman.lk/en/ad/room-boy-trincomalee,"Rs 80,000 - 100,000",16 days,"Room Boy|Vkc Holding|Rs 80,000 - 100,000|MEMBER|Trincomalee, Hotel and Hospitality|16 days"
Hotel and HospitalityÂ,4,Room Boy,https://ikman.lk/en/ad/room-boy-jaffna-1,"Rs 80,000 - 100,000",16 days,"Room Boy|VKC HOLDINGS|Rs 80,000 - 100,000|MEMBER|Jaffna, Hotel and Hospitality|16 days"
Hotel and HospitalityÂ,4,Room Boy,https://ikman.lk/en/ad/room-boy-batticaloa-3,"Rs 80,000 - 100,000",16 days,"Room Boy|VKC HOLDING|Rs 80,000 - 100,000|MEMBER|Batticaloa, Hotel and Hospitality|16 days"
Hotel and HospitalityÂ,4,Room Boy,https://ikman.lk/en/ad/room-boy-badulla-16,"Rs 80,000 - 100,000",16 days,"Room Boy|Vck Holding|Rs 80,000 - 100,000|MEMBER|Badulla, Hotel and Hospitality|16 days"
Hotel and HospitalityÂ,4,Room Boy,https://ikman.lk/en/ad/room-boy-galle-165,"Rs 80,000 - 100,000",16 days,"Room Boy|VKC HOLDINGS|Rs 80,000 - 100,000|MEMBER|Galle, Hotel and Hospitality|16 days"
Hotel and HospitalityÂ,4,Room Boy,https://ikman.lk/en/ad/room-boy-kandy-113,"Rs 80,000 - 100,000",16 days,"Room Boy|VCK HOLDING|Rs 80,000 - 100,000|MEMBER|Kandy, Hotel and Hospitality|16 days"
Hotel and HospitalityÂ,4,Hotel Worker,https://ikman.lk/en/ad/hotel-worker-kandy,"Rs 60,000 - 95,000",16 days,"Hotel Worker|Sihina Pvt Ltd|Rs 60,000 - 95,000|MEMBER|Kandy, Hotel and Hospitality|16 days"
Hotel and HospitalityÂ,4,Steward for Catering Service,https://ikman.lk/en/ad/steward-for-catering-service-colombo-1,,17 days,"Steward for Catering Service|Steward|Colombo, Hotel and Hospitality|17 days"
Hotel and HospitalityÂ,4,Bar Waiter - Habarana,https://ikman.lk/en/ad/bar-waiter-habarana-anuradhapura,,17 days,"Bar Waiter - Habarana|Private Post|MEMBER|Anuradhapura, Hotel and Hospitality|17 days"
Hotel and HospitalityÂ,4,Room Assistant - (Male/ Female) Sigiriya,https://ikman.lk/en/ad/room-assistant-male-female-sigiriya-matale-10,,17 days,"Room Assistant - (Male/ Female) Sigiriya|Private Post|MEMBER|Matale, Hotel and Hospitality|17 days"
Hotel and HospitalityÂ,4,Receptionin (Male/ Female) - Kundasale,https://ikman.lk/en/ad/receptionin-male-female-kundasale-kandy,,17 days,"Receptionin (Male/ Female) - Kundasale|BPR , Kandy|MEMBER|Kandy, Hotel and Hospitality|17 days"
Hotel and HospitalityÂ,4,Waiter (Male/ Female) â Ampitiya,https://ikman.lk/en/ad/waiter-male-female-ampitiya-kandy-3,"Rs 70,000 - 80,000",17 days,"Waiter (Male/ Female) â Ampitiya|Private Post|Rs 70,000 - 80,000|MEMBER|Kandy, Hotel and Hospitality|17 days"
Hotel and HospitalityÂ,4,Room Assistant (Male/Female) - Kandy,https://ikman.lk/en/ad/room-assistant-male-female-kandy-kandy-7,,17 days,"Room Assistant (Male/Female) - Kandy|Private Post|MEMBER|Kandy, Hotel and Hospitality|17 days"
Hotel and HospitalityÂ,4,Vaccancy for a Cook,https://ikman.lk/en/ad/vaccancy-for-a-cook-colombo-1,"Rs 60,000 - 80,000",18 days,"Vaccancy for a Cook|Clouds1939|Rs 60,000 - 80,000|MEMBER|Colombo, Hotel and Hospitality|18 days"
Hotel and HospitalityÂ,5,Room Assistant,https://ikman.lk/en/ad/room-assistant-colombo-18,"Rs 55,000 - 60,000",,"Room Assistant|Private Poster|Rs 55,000 - 60,000|Colombo, Hotel and Hospitality"
Hotel and HospitalityÂ,5,Villa Care Taker/ Manager,https://ikman.lk/en/ad/villa-care-taker-manager-kurunegala,"Rs 50,000 - 80,000",18 days,"Villa Care Taker/ Manager|Clouds1939|Rs 50,000 - 80,000|MEMBER|Kurunegala, Hotel and Hospitality|18 days"
Hotel and HospitalityÂ,5,Room Boy,https://ikman.lk/en/ad/room-boy-badulla-14,"Rs 30,000 - 45,000",19 days,"Room Boy|Crystal springs luxury hotel Ella|Rs 30,000 - 45,000|Badulla, Hotel and Hospitality|19 days"
Hotel and HospitalityÂ,5,Hotel Manager - Kurunegala,https://ikman.lk/en/ad/hotel-manager-kurunegala-kurunegala,"Rs 45,000 - 65,000",19 days,"Hotel Manager - Kurunegala|Hotel Manager|Rs 45,000 - 65,000|MEMBER|Kurunegala, Hotel and Hospitality|19 days"
Hotel and HospitalityÂ,5,Steward - Kurunegala,https://ikman.lk/en/ad/steward-kurunegala-kurunegala-1,"Rs 35,000 - 45,000",19 days,"Steward - Kurunegala|Steward|Rs 35,000 - 45,000|MEMBER|Kurunegala, Hotel and Hospitality|19 days"
Hotel and HospitalityÂ,5,Hotel Laundry Attendant (Male/ Female) - Kandy,https://ikman.lk/en/ad/hotel-laundry-attendant-male-female-kandy-kandy,,19 days,"Hotel Laundry Attendant (Male/ Female) - Kandy|Private Post|MEMBER|Kandy, Hotel and Hospitality|19 days"
Hotel and HospitalityÂ,5,Bartender - Colombo,https://ikman.lk/en/ad/bartender-colombo-colombo-1,,19 days,"Bartender - Colombo|Private Post|MEMBER|Colombo, Hotel and Hospitality|19 days"
Hotel and HospitalityÂ,5,Waiter (Male/ Female) â Asgiriya,https://ikman.lk/en/ad/waiter-male-female-asgiriya-kandy,"Rs 70,000 - 80,000",19 days,"Waiter (Male/ Female) â Asgiriya|Private Post|Rs 70,000 - 80,000|MEMBER|Kandy, Hotel and Hospitality|19 days"
Hotel and HospitalityÂ,5,Bar Man Assistant â Dambulla,https://ikman.lk/en/ad/bar-man-assistant-dambulla-matale-1,,19 days,"Bar Man Assistant â Dambulla|Private Post|MEMBER|Matale, Hotel and Hospitality|19 days"
Hotel and HospitalityÂ,5,GRO ( Female) - Kandy,https://ikman.lk/en/ad/gro-female-kandy-kandy-3,"Rs 70,000 - 80,000",19 days,"GRO ( Female) - Kandy|BPR , Kandy|Rs 70,000 - 80,000|MEMBER|Kandy, Hotel and Hospitality|19 days"
Hotel and HospitalityÂ,5,Ayurveda Therapist â Sigiriya (Female),https://ikman.lk/en/ad/ayurveda-therapist-sigiriya-female-matale-3,,19 days,"Ayurveda Therapist â Sigiriya (Female)|Private Post|MEMBER|Matale, Hotel and Hospitality|19 days"
Hotel and HospitalityÂ,5,Kitchen Helper â Sigiriya,https://ikman.lk/en/ad/kitchen-helper-sigiriya-matale-1,"Rs 60,000 - 70,000",19 days,"Kitchen Helper â Sigiriya|Private Post|Rs 60,000 - 70,000|MEMBER|Matale, Hotel and Hospitality|19 days"
Hotel and HospitalityÂ,5,Female Villa Worker,https://ikman.lk/en/ad/female-villa-worker-kandy,,21 days,"Female Villa Worker|Villa|Kandy, Hotel and Hospitality|21 days"
Hotel and HospitalityÂ,5,Counter - Battaramulla,https://ikman.lk/en/ad/counter-battaramulla-colombo,,22 days,"Counter - Battaramulla|Sen-Saal (Pvt) Ltd|MEMBER|Colombo, Hotel and Hospitality|22 days"
Hotel and HospitalityÂ,5,Steward - Battaramulla,https://ikman.lk/en/ad/steward-battaramulla-colombo-1,,22 days,"Steward - Battaramulla|Sen-Saal (Pvt) Ltd|MEMBER|Colombo, Hotel and Hospitality|22 days"
Hotel and HospitalityÂ,5,à·à·à¶§à¶½à· à·à¶¯à·à· à¶´à·à·à·à¶«à· à¶±à·à¶´à·à·à·à¶«à· à·à·à·à¶ à·à·à·à·à¶à·à·à¶±à·,https://ikman.lk/en/ad/hoottl-sdhaa-puhunnu-nupuhunnu-seevk-seevikaavn-kurunegala,"Rs 55,000 - 95,000",22 days,"à·à·à¶§à¶½à· à·à¶¯à·à· à¶´à·à·à·à¶«à· à¶±à·à¶´à·à·à·à¶«à· à·à·à·à¶ à·à·à·à·à¶à·à·à¶±à·|Sihina Pvt Ltd|Rs 55,000 - 95,000|MEMBER|Kurunegala, Hotel and Hospitality|22 days"
Hotel and HospitalityÂ,5,Room Assistant (Male/Female) - Kuliyapitiya,https://ikman.lk/en/ad/room-assistant-male-female-kuliyapitiya-kurunegala,,22 days,"Room Assistant (Male/Female) - Kuliyapitiya|Private Post|MEMBER|Kurunegala, Hotel and Hospitality|22 days"
Hotel and HospitalityÂ,5,Bar Assistant â Peradeniya,https://ikman.lk/en/ad/bar-assistant-peradeniya-kandy,,22 days,"Bar Assistant â Peradeniya|Vandy Hotels|MEMBER|Kandy, Hotel and Hospitality|22 days"
Hotel and HospitalityÂ,5,Room Assistant (Male/Female) - Negombo,https://ikman.lk/en/ad/room-assistant-male-female-negombo-gampaha-3,"Rs 65,000 - 85,000",22 days,"Room Assistant (Male/Female) - Negombo|Private Post|Rs 65,000 - 85,000|MEMBER|Gampaha, Hotel and Hospitality|22 days"
Hotel and HospitalityÂ,5,à¶à·à¶ à¶±à· à·à·à¶½à·à¶´à¶»à·,https://ikman.lk/en/ad/kicn-helpr-kurunegala,"Rs 65,000 - 95,000",22 days,"à¶à·à¶ à¶±à· à·à·à¶½à·à¶´à¶»à·|sihina pvt ltd|Rs 65,000 - 95,000|MEMBER|Kurunegala, Hotel and Hospitality|22 days"
Hotel and HospitalityÂ,5,Room Boy -Kandy |Hunnasgiriya,https://ikman.lk/en/ad/room-boy-kandy-hunnasgiriya-kandy,,22 days,"Room Boy -Kandy |Hunnasgiriya|Rajagala Residence|Kandy, Hotel and Hospitality|22 days"
Hotel and HospitalityÂ,5,Room Cleaning Assistant - Bandaragama,https://ikman.lk/en/ad/room-cleaning-assistant-bandaragama-kalutara,,22 days,"Room Cleaning Assistant - Bandaragama|Kamvelta Holiday Resort|MEMBER|Kalutara, Hotel and Hospitality|22 days"
Hotel and HospitalityÂ,5,Room Boy,https://ikman.lk/en/ad/room-boy-galle-163,,23 days,"Room Boy|Lavinia Beach Hotel|Galle, Hotel and Hospitality|23 days"
Hotel and HospitalityÂ,5,Assistant Manager - Kandy,https://ikman.lk/en/ad/assistant-manager-kandy-victoria-eco-resort-kandy-1,"Rs 30,000 - 40,000",23 days,"Assistant Manager - Kandy|Dr. A. A. P. Rajapaksha|Rs 30,000 - 40,000|Kandy, Hotel and Hospitality|23 days"
Hotel and HospitalityÂ,5,Waiter - Kosgoda,https://ikman.lk/en/ad/waiter-kosgoda-galle-1,,23 days,"Waiter - Kosgoda|ITS Grandeur Pvt Ltd|MEMBER|Galle, Hotel and Hospitality|23 days"
Hotel and HospitalityÂ,5,Waiter - Kosgoda,https://ikman.lk/en/ad/waiter-kosgoda-galle,,23 days,"Waiter - Kosgoda|ITS Grandeur Pvt Ltd|MEMBER|Galle, Hotel and Hospitality|23 days"
Hotel and HospitalityÂ,6,Room Assistant,https://ikman.lk/en/ad/room-assistant-colombo-18,"Rs 55,000 - 60,000",,"Room Assistant|Private Poster|Rs 55,000 - 60,000|Colombo, Hotel and Hospitality"
Hotel and HospitalityÂ,6,Kitchen Helper,https://ikman.lk/en/ad/kitchen-helper-colombo-981,"Rs 50,000 - 75,000",23 days,"Kitchen Helper|Private Poster|Rs 50,000 - 75,000|Colombo, Hotel and Hospitality|23 days"
Hotel and HospitalityÂ,6,Hotel Helper,https://ikman.lk/en/ad/hotel-helper-kurunegala,"Rs 55,000 - 95,000",23 days,"Hotel Helper|SDR Pvt Ltd|Rs 55,000 - 95,000|MEMBER|Kurunegala, Hotel and Hospitality|23 days"
Hotel and HospitalityÂ,6,Waiter - Colombo 10,https://ikman.lk/en/ad/waiter-and-waitress-for-colombo-10-deans-road-maradana-colombo,"Rs 45,000 - 60,000",23 days,"Waiter - Colombo 10|Private Poster|Rs 45,000 - 60,000|Colombo, Hotel and Hospitality|23 days"
Hotel and HospitalityÂ,6,Room Assistant (Male/Female) - Mount Lavinia,https://ikman.lk/en/ad/room-assistant-male-female-mount-lavinia-colombo,"Rs 60,000 - 80,000",24 days,"Room Assistant (Male/Female) - Mount Lavinia|Hotel Group|Rs 60,000 - 80,000|MEMBER|Colombo, Hotel and Hospitality|24 days"
Hotel and HospitalityÂ,6,"Ayurveda Therapist â Galaha (Male, Female)",https://ikman.lk/en/ad/ayurveda-therapist-galaha-male-female-kandy,"Rs 70,000 - 80,000",24 days,"Ayurveda Therapist â Galaha (Male, Female)|private post|Rs 70,000 - 80,000|MEMBER|Kandy, Hotel and Hospitality|24 days"
Hotel and HospitalityÂ,6,Kitchen Helper â Mount Lavinia,https://ikman.lk/en/ad/kitchen-helper-mount-lavinia-colombo-2,"Rs 60,000 - 80,000",24 days,"Kitchen Helper â Mount Lavinia|private post|Rs 60,000 - 80,000|MEMBER|Colombo, Hotel and Hospitality|24 days"
Hotel and HospitalityÂ,6,Room Assistant (Male/Female) - Kurunegala,https://ikman.lk/en/ad/room-assistant-male-female-kurunegala-kurunegala,"Rs 60,000 - 80,000",24 days,"Room Assistant (Male/Female) - Kurunegala|private post|Rs 60,000 - 80,000|MEMBER|Kurunegala, Hotel and Hospitality|24 days"
Hotel and HospitalityÂ,6,GRO (Male/Female) - Kandy city,https://ikman.lk/en/ad/gro-male-female-kandy-city-kandy-1,"Rs 60,000 - 70,000",24 days,"GRO (Male/Female) - Kandy city|private post|Rs 60,000 - 70,000|MEMBER|Kandy, Hotel and Hospitality|24 days"
Hotel and HospitalityÂ,6,Kitchen Helper â Katugastota,https://ikman.lk/en/ad/kitchen-helper-katugastota-kandy,,24 days,"Kitchen Helper â Katugastota|private post|MEMBER|Kandy, Hotel and Hospitality|24 days"
Hotel and HospitalityÂ,6,Room Assistant (Male/Female) - Peradeniya,https://ikman.lk/en/ad/room-assistant-male-female-peradeniya-kandy,"Rs 60,000 - 70,000",24 days,"Room Assistant (Male/Female) - Peradeniya|private post|Rs 60,000 - 70,000|MEMBER|Kandy, Hotel and Hospitality|24 days"
Hotel and HospitalityÂ,6,F B Waiter (Male/ Female) â Anuradhapura,https://ikman.lk/en/ad/f-b-waiter-male-female-anuradhapura-anuradhapura,"Rs 50,000 - 70,000",24 days,"F B Waiter (Male/ Female) â Anuradhapura|Hotel Group|Rs 50,000 - 70,000|MEMBER|Anuradhapura, Hotel and Hospitality|24 days"
Hotel and HospitalityÂ,6,Villa Worker,https://ikman.lk/en/ad/villa-worker-kandy-1,,24 days,"Villa Worker|Private Poster|Kandy, Hotel and Hospitality|24 days"
Hotel and HospitalityÂ,6,Steward,https://ikman.lk/en/ad/steward-kegalle-1,"Rs 50,000 - 65,000",24 days,"Steward|River Pavilion kitulagala|Rs 50,000 - 65,000|Kegalle, Hotel and Hospitality|24 days"
Hotel and HospitalityÂ,6,Kitchen Helper (Male) - Boralesgamuwa,https://ikman.lk/en/ad/kitchen-helper-male-boralesgamuwa-colombo,"Rs 30,000 - 50,000",26 days,"Kitchen Helper (Male) - Boralesgamuwa|Tango Restaurant Pvt Ltd|Rs 30,000 - 50,000|MEMBER|Colombo, Hotel and Hospitality|26 days"
Hotel and HospitalityÂ,6,Waiter in Boralesgamuwa,https://ikman.lk/en/ad/waiter-in-boralesgamuwa-colombo-1,"Rs 40,000 - 60,000",26 days,"Waiter in Boralesgamuwa|Tango Restaurant Pvt Ltd|Rs 40,000 - 60,000|MEMBER|Colombo, Hotel and Hospitality|26 days"
Hotel and HospitalityÂ,6,Restaurant Steward - Kaduwela,https://ikman.lk/en/ad/restaurant-steward-kaduwela-colombo-1,,26 days,"Restaurant Steward - Kaduwela|Jayawardena Holdings (PVT) Ltd|MEMBER|Colombo, Hotel and Hospitality|26 days"
Hotel and HospitalityÂ,6,Kitchen Helper,https://ikman.lk/en/ad/kitchen-helper-cmaiylrrai-utviyaallrkll-teevai-colombo,,26 days,"Kitchen Helper|FoodPrints by Koluu|Colombo, Hotel and Hospitality|26 days"
Hotel and HospitalityÂ,6,Pantry Keepers Colombo 1,https://ikman.lk/en/ad/pantry-keepers-colombo-1-colombo,,26 days,"Pantry Keepers Colombo 1|The Ruhunu Food Center pvt Ltd|MEMBER|Colombo, Hotel and Hospitality|26 days"
Hotel and HospitalityÂ,6,Waiter Colombo 01,https://ikman.lk/en/ad/waiter-colombo-01-colombo,,26 days,"Waiter Colombo 01|The Ruhunu Food Center pvt Ltd|MEMBER|Colombo, Hotel and Hospitality|26 days"
Hotel and HospitalityÂ,6,Barista (Male/Female) - Kurunegala,https://ikman.lk/en/ad/barista-male-female-kurunegala-kurunegala,,26 days,"Barista (Male/Female) - Kurunegala|Private Post|MEMBER|Kurunegala, Hotel and Hospitality|26 days"
Hotel and HospitalityÂ,6,Restaurant Waiter in Asgiriya,https://ikman.lk/en/ad/restaurant-waiter-in-asgiriya-kandy,"Rs 50,000 - 80,000",26 days,"Restaurant Waiter in Asgiriya|Private Post|Rs 50,000 - 80,000|MEMBER|Kandy, Hotel and Hospitality|26 days"
Hotel and HospitalityÂ,6,à·à·à¶§à·à¶½à· à·à·à·à¶ à·à·à·à·à¶,https://ikman.lk/en/ad/hottel-seevk-seevik-matara,"Rs 65,000 - 70,000",26 days,"à·à·à¶§à·à¶½à· à·à·à·à¶ à·à·à·à·à¶|hotel|Rs 65,000 - 70,000|MEMBER|Matara, Hotel and Hospitality|26 days"
Hotel and HospitalityÂ,6,à·à·à¶§à·à¶½à· à·à·à·à¶ à·à·à·à·à¶à·- à¶±à·à·à¶»,https://ikman.lk/en/ad/hottel-seevk-seevikaa-nuvr-kandy,"Rs 65,000 - 70,000",26 days,"à·à·à¶§à·à¶½à· à·à·à·à¶ à·à·à·à·à¶à·- à¶±à·à·à¶»|hotel|Rs 65,000 - 70,000|MEMBER|Kandy, Hotel and Hospitality|26 days"
Hotel and HospitalityÂ,6,à·à·à¶§à·à¶½à· à·à·à·à¶ à·à·à·à·à¶à·- à¶±à·à¶à·à¶à·à¶©,https://ikman.lk/en/ad/hottel-seevk-seevikaa-nugeegodd-colombo,"Rs 65,000 - 70,000",26 days,"à·à·à¶§à·à¶½à· à·à·à·à¶ à·à·à·à·à¶à·- à¶±à·à¶à·à¶à·à¶©|hotel|Rs 65,000 - 70,000|MEMBER|Colombo, Hotel and Hospitality|26 days"
Hotel and HospitalityÂ,6,à·à·à¶§à·à¶½à· à·à·à·à¶ à·à·à·à·à¶à· - à¶à·à¶½à·à¶½,https://ikman.lk/en/ad/hottel-seevk-seevikaa-gaall-galle,"Rs 65,000 - 70,000",26 days,"à·à·à¶§à·à¶½à· à·à·à·à¶ à·à·à·à·à¶à· - à¶à·à¶½à·à¶½|hotel|Rs 65,000 - 70,000|MEMBER|Galle, Hotel and Hospitality|26 days"
Hotel and HospitalityÂ,7,Room Assistant,https://ikman.lk/en/ad/room-assistant-colombo-18,"Rs 55,000 - 60,000",,"Room Assistant|Private Poster|Rs 55,000 - 60,000|Colombo, Hotel and Hospitality"
Hotel and HospitalityÂ,7,Kitchen Helper (Male/Female) - Colombo 03,https://ikman.lk/en/ad/kitchen-helper-male-female-colombo-03-colombo,"Rs 35,000 - 45,000",26 days,"Kitchen Helper (Male/Female) - Colombo 03|Hotel Vandy|Rs 35,000 - 45,000|MEMBER|Colombo, Hotel and Hospitality|26 days"
Hotel and HospitalityÂ,7,Kitchen Helper,https://ikman.lk/en/ad/needee-kitchen-helpers-colombo,,27 days,"Kitchen Helper|Silva|Colombo, Hotel and Hospitality|27 days"
Hotel and HospitalityÂ,7,Pastry Bakery & Hot Kitchen Cook - Unawatuna .,https://ikman.lk/en/ad/pastry-bakery-and-hot-kitchen-cook-unawatuna-galle,,27 days,"Pastry Bakery & Hot Kitchen Cook - Unawatuna .|Unawatuna And Tourists Hotel post 0774076511|MEMBER|Galle, Hotel and Hospitality|27 days"
Hotel and HospitalityÂ,7,Bar Man Assistant â Kandy,https://ikman.lk/en/ad/bar-man-assistant-kandy-kandy-2,,27 days,"Bar Man Assistant â Kandy|Private Post|MEMBER|Kandy, Hotel and Hospitality|27 days"
Hotel and HospitalityÂ,7,Kitchen Helper â Sigiriya,https://ikman.lk/en/ad/kitchen-helper-sigiriya-kandy,,27 days,"Kitchen Helper â Sigiriya|Private Post|MEMBER|Kandy, Hotel and Hospitality|27 days"
Hotel and HospitalityÂ,7,Waiter in Negombo,https://ikman.lk/en/ad/waiter-in-negombo-gampaha,,27 days,"Waiter in Negombo|OPTIMUM RESIDENCIES Negombo|MEMBER|Gampaha, Hotel and Hospitality|27 days"
Hotel and HospitalityÂ,7,Kitchen Helper in Negombo,https://ikman.lk/en/ad/kitchen-helper-in-negombo-gampaha,,27 days,"Kitchen Helper in Negombo|OPTIMUM RESIDENCIES Negombo|MEMBER|Gampaha, Hotel and Hospitality|27 days"
Hotel and HospitalityÂ,7,Kitchen Helper,https://ikman.lk/en/ad/kitchen-helper-colombo-978,,28 days,"Kitchen Helper|ðð¿ð²ð®ð±ð§ð®ð¹ð¸ ð¦ð¿ð¶ ðð®ð»ð¸ð®|MEMBER|Colombo, Hotel and Hospitality|28 days"
Hotel and HospitalityÂ,7,Kitchen Helper,https://ikman.lk/en/ad/kitchen-helper-colombo-977,,28 days,"Kitchen Helper|ðð¿ð²ð®ð±ð§ð®ð¹ð¸ ð¦ð¿ð¶ ðð®ð»ð¸ð®|MEMBER|Colombo, Hotel and Hospitality|28 days"
Hotel and HospitalityÂ,7,à·à¶à¶ à·à¶»à¶ à·à·à¶§à·à¶½à· à¶»à·à·à·à¶»à·à¶§à· à¶à¶¶à·à¶»à·à¶­à· - à¶¸à·à¶­à¶»,https://ikman.lk/en/ad/sncaark-hottel-risortt-aebaaertu-maatr-matara,"Rs 40,000 - 60,000",28 days,"à·à¶à¶ à·à¶»à¶ à·à·à¶§à·à¶½à· à¶»à·à·à·à¶»à·à¶§à· à¶à¶¶à·à¶»à·à¶­à· - à¶¸à·à¶­à¶»|HOTEL RESORT AND AYURWEDA HOTEL|Rs 40,000 - 60,000|MEMBER|Matara, Hotel and Hospitality|28 days"
Hotel and HospitalityÂ,7,à·à·à¶§à·à¶½à· à·à·à·à¶ à·à·à·à·à¶à·- à¶¸à·à¶­à¶» .,https://ikman.lk/en/ad/hottel-seevk-seevkaa-maatr-matara-2,"Rs 85,000 - 95,000",28 days,"à·à·à¶§à·à¶½à· à·à·à·à¶ à·à·à·à·à¶à·- à¶¸à·à¶­à¶» .|hotel careers|Rs 85,000 - 95,000|MEMBER|Matara, Hotel and Hospitality|28 days"
Hotel and HospitalityÂ,7,à·à·à¶§à·à¶½à· à·à·à·à¶ à·à·à·à·à¶à·- à¶à·à¶½à·à¶½.,https://ikman.lk/en/ad/hottel-seevk-seevkaa-gaall-galle-16,"Rs 85,000 - 95,000",28 days,"à·à·à¶§à·à¶½à· à·à·à·à¶ à·à·à·à·à¶à·- à¶à·à¶½à·à¶½.|hotel careers|Rs 85,000 - 95,000|MEMBER|Galle, Hotel and Hospitality|28 days"
Hotel and HospitalityÂ,7,Bar Man / Assistant -Sigiriya,https://ikman.lk/en/ad/bar-man-assistant-sigiriya-matale-3,,28 days,"Bar Man / Assistant -Sigiriya|Private Post|MEMBER|Matale, Hotel and Hospitality|28 days"
Hotel and HospitalityÂ,7,Room Assistant (Male/Female) - Katugastota,https://ikman.lk/en/ad/room-assistant-male-female-katugastota-kandy,,28 days,"Room Assistant (Male/Female) - Katugastota|Private Post|MEMBER|Kandy, Hotel and Hospitality|28 days"
Hotel and HospitalityÂ,7,F&B Waiter (Male/ Female) â Katugastota,https://ikman.lk/en/ad/f-and-b-waiter-male-female-katugastota-kandy,,28 days,"F&B Waiter (Male/ Female) â Katugastota|Private Post|MEMBER|Kandy, Hotel and Hospitality|28 days"
Hotel and HospitalityÂ,7,Kitchen Helper (Male) - Digana,https://ikman.lk/en/ad/kitchen-helper-male-digana-kandy-5,,28 days,"Kitchen Helper (Male) - Digana|Private Post|MEMBER|Kandy, Hotel and Hospitality|28 days"
Hotel and HospitalityÂ,7,Steward,https://ikman.lk/en/ad/steward-badulla-15,"Rs 90,000 - 110,000",28 days,"Steward|zion view Ella Green retreat|Rs 90,000 - 110,000|Badulla, Hotel and Hospitality|28 days"
Hotel and HospitalityÂ,7,Food Dispatch Assistant,https://ikman.lk/en/ad/food-dispatch-assistant-colombo,,28 days,"Food Dispatch Assistant|Grand Chancellor Kitchens Pvt Ltd|MEMBER|Colombo, Hotel and Hospitality|28 days"
Hotel and HospitalityÂ,7,Room Assistant (Male/ Female) - Kandy,https://ikman.lk/en/ad/room-assistant-male-female-kandy-kandy-6,,29 days,"Room Assistant (Male/ Female) - Kandy|Private Post|MEMBER|Kandy, Hotel and Hospitality|29 days"
Hotel and HospitalityÂ,7,Receptionist (Female) - Kandy,https://ikman.lk/en/ad/receptionist-female-kandy-kandy-7,,29 days,"Receptionist (Female) - Kandy|Private Post|MEMBER|Kandy, Hotel and Hospitality|29 days"
Hotel and HospitalityÂ,7,à·à·à¶§à·à¶½à· à¶§à·âà¶»à·à¶±à·à¶±à· à¶´à·à·à·à¶«à· à¶±à·à¶´à·à·à·à¶«à· - à¶à·à¶±à·à¶­à· à¶´à·à¶»à·à¶¸à· à·à·à·à¶à¶ºà·à¶±à· à¶à·à·à·âà¶ºà¶ºà· .,https://ikman.lk/en/ad/hottel-ttreenin-puhunnu-nupuhunnu-kaantaa-pirimi-seevkyin-avshyyi-monaragala,"Rs 35,000 - 65,000",29 days,"à·à·à¶§à·à¶½à· à¶§à·âà¶»à·à¶±à·à¶±à· à¶´à·à·à·à¶«à· à¶±à·à¶´à·à·à·à¶«à· - à¶à·à¶±à·à¶­à· à¶´à·à¶»à·à¶¸à· à·à·à·à¶à¶ºà·à¶±à· à¶à·à·à·âà¶ºà¶ºà· .|,HOTEL RESORT STAR ð¦ HOTEL GROUP POST|Rs 35,000 - 65,000|MEMBER|Monaragala, Hotel and Hospitality|29 days"
Hotel and HospitalityÂ,7,House Keeping Waiter Apply - All island,https://ikman.lk/en/ad/house-keeping-waiter-apply-all-island-kalutara-1,"Rs 35,000 - 60,000",29 days,"House Keeping Waiter Apply - All island|LUXURY RESORT STAR POST|Rs 35,000 - 60,000|MEMBER|Kalutara, Hotel and Hospitality|29 days"
Hotel and HospitalityÂ,7,à·à·à¶§à·à¶½à· à·à·à¶§à¶»à· à¶»à·à¶¸à·à¶¶à·à¶ºà· à·à¶»à·à¶±à· à¶à·à·à·âà¶ºà¶ºà·,https://ikman.lk/en/ad/hottel-veettr-ruumbooyi-vrun-avshyyi-hambantota,"Rs 35,000 - 65,000",29 days,"à·à·à¶§à·à¶½à· à·à·à¶§à¶»à· à¶»à·à¶¸à·à¶¶à·à¶ºà· à·à¶»à·à¶±à· à¶à·à·à·âà¶ºà¶ºà·|HOTEL RESORT STAR POST PVT LTD|Rs 35,000 - 65,000|MEMBER|Hambantota, Hotel and Hospitality|29 days"
Hotel and HospitalityÂ,7,Hotel HR & House keeping - Male Female Apply,https://ikman.lk/en/ad/hotel-hr-and-house-keeping-male-female-apply-kandy,"Rs 35,000 - 65,000",29 days,"Hotel HR & House keeping - Male Female Apply|HOTEL RESORT POST GALLE PVT|Rs 35,000 - 65,000|MEMBER|Kandy, Hotel and Hospitality|29 days"
Hotel and HospitalityÂ,7,Baristas Resort All staff - island Apply,https://ikman.lk/en/ad/baristas-resort-all-staff-island-apply-gampaha,"Rs 40,000 - 80,000",29 days,"Baristas Resort All staff - island Apply|BARISTAS RESORT POST PVT|Rs 40,000 - 80,000|MEMBER|Gampaha, Hotel and Hospitality|29 days"
Hospital and HealthcareÂ,1,Nursing Assistant or Caregiver,https://ikman.lk/en/ad/nursing-assistant-or-caregiver-colombo-1,"Rs 35,000 - 75,000",,"Nursing Assistant or Caregiver|Siva Home Care And Medicals|Rs 35,000 - 75,000|MEMBER|Colombo, Hospital and Healthcare"
Hospital and HealthcareÂ,1,Male Nurse | à¶´à·à¶»à·à¶¸à· à·à·à¶¯ à¶±à·à¶½à¶°à·à¶»à·à¶±à· à¶à¶½à·à·à·,https://ikman.lk/en/ad/male-nurse-pirimi-hed-nildhaariin-alvv-kurunegala-2,"Rs 55,000 - 65,000",,"Male Nurse | à¶´à·à¶»à·à¶¸à· à·à·à¶¯ à¶±à·à¶½à¶°à·à¶»à·à¶±à· à¶à¶½à·à·à·|Ayodya Human Capital Solutions|Rs 55,000 - 65,000|MEMBER|Kurunegala, Hospital and Healthcare"
Hospital and HealthcareÂ,1,Dental Nurse,https://ikman.lk/en/ad/dental-nurse-gampaha-1,,41 minutes,"Dental Nurse|Private Poster|Gampaha, Hospital and Healthcare|41 minutes"
Hospital and HealthcareÂ,1,à¶à·à·à·à·à¶® à·à·à¶¯ à¶´à·à¶»à·à¶¸à· à·à· à¶à·à·à·à¶«à· à·à·à·à¶º à¶»à·à¶à·à¶ºà·,https://ikman.lk/en/ad/grhsth-hed-pirimi-sh-gaehaennu-shaay-raekiyaa-colombo,"Rs 79,500 - 135,000",15 hours,"à¶à·à·à·à·à¶® à·à·à¶¯ à¶´à·à¶»à·à¶¸à· à·à· à¶à·à·à·à¶«à· à·à·à·à¶º à¶»à·à¶à·à¶ºà·|Royal Nursing Home(Pvt)Ltd|Rs 79,500 - 135,000|MEMBER|Colombo, Hospital and Healthcare|15 hours"
Hospital and HealthcareÂ,1,Pharmacist,https://ikman.lk/en/ad/pharmasist-with-the-license-gampaha,"Rs 100,000 - 150,000",16 hours,"Pharmacist|Ransanu Pharmacy|Rs 100,000 - 150,000|Gampaha, Hospital and Healthcare|16 hours"
Hospital and HealthcareÂ,1,Phlebotomist - Kurunegala,https://ikman.lk/en/ad/phlebotomist-kurunegala-kurunegala,"Rs 45,000 - 55,000",19 hours,"Phlebotomist - Kurunegala|Phlebotomist|Rs 45,000 - 55,000|MEMBER|Kurunegala, Hospital and Healthcare|19 hours"
Hospital and HealthcareÂ,1,Dental Assistant,https://ikman.lk/en/ad/dental-assistant-colombo-63,"Rs 45,000 - 60,000",20 hours,"Dental Assistant|Arogya All smiles|Rs 45,000 - 60,000|Colombo, Hospital and Healthcare|20 hours"
Hospital and HealthcareÂ,1,Nursing Assistant or Caregiver,https://ikman.lk/en/ad/nursing-assistant-or-caregiver-colombo-1,"Rs 35,000 - 75,000",21 hours,"Nursing Assistant or Caregiver|Siva Home Care And Medicals|Rs 35,000 - 75,000|MEMBER|Colombo, Hospital and Healthcare|21 hours"
Hospital and HealthcareÂ,1,Male Nurse | à¶´à·à¶»à·à¶¸à· à·à·à¶¯ à¶±à·à¶½à¶°à·à¶»à·à¶±à· à¶à¶½à·à·à·,https://ikman.lk/en/ad/male-nurse-pirimi-hed-nildhaariin-alvv-kurunegala-2,"Rs 55,000 - 65,000",21 hours,"Male Nurse | à¶´à·à¶»à·à¶¸à· à·à·à¶¯ à¶±à·à¶½à¶°à·à¶»à·à¶±à· à¶à¶½à·à·à·|Ayodya Human Capital Solutions|Rs 55,000 - 65,000|MEMBER|Kurunegala, Hospital and Healthcare|21 hours"
Hospital and HealthcareÂ,1,Male Nurse | à¶´à·à¶»à·à¶¸à· à·à·à¶¯ à¶±à·à¶½à¶°à·à¶»à·à¶±à· à¶à¶½à·à·à·,https://ikman.lk/en/ad/male-nurse-pirimi-hed-nildhaariin-alvv-kurunegala,"Rs 55,000 - 65,000",21 hours,"Male Nurse | à¶´à·à¶»à·à¶¸à· à·à·à¶¯ à¶±à·à¶½à¶°à·à¶»à·à¶±à· à¶à¶½à·à·à·|Ayodya Human Capital Solutions|Rs 55,000 - 65,000|MEMBER|Kurunegala, Hospital and Healthcare|21 hours"
Hospital and HealthcareÂ,1,Assistant Pharmacist - Sri Jayawardhanapura,https://ikman.lk/en/ad/assistant-pharmacist-sri-jayawardhanapura-colombo,,1 day,"Assistant Pharmacist - Sri Jayawardhanapura|Medi Prime Pharmaceutical Pvt Ltd|Colombo, Hospital and Healthcare|1 day"
Hospital and HealthcareÂ,1,à·à·à¶¯ à·à·à·à·à¶à·- à¶à¶¸à·à¶´à·,https://ikman.lk/en/ad/hed-seevkaa-gmph-gampaha-11,"Rs 65,000 - 75,000",3 days,"à·à·à¶¯ à·à·à·à·à¶à·- à¶à¶¸à·à¶´à·|nursing careers|Rs 65,000 - 75,000|MEMBER|Gampaha, Hospital and Healthcare|3 days"
Hospital and HealthcareÂ,1,à·à·à¶¯ à·à·à·à·à¶à·- à¶à·à·à¶¹,https://ikman.lk/en/ad/hed-seevkaa-kollmb-colombo-5,"Rs 65,000 - 75,000",3 days,"à·à·à¶¯ à·à·à·à·à¶à·- à¶à·à·à¶¹|nursing careers|Rs 65,000 - 75,000|MEMBER|Colombo, Hospital and Healthcare|3 days"
Hospital and HealthcareÂ,1,à·à·à¶¯ à·à·à·à·à¶à·- à¶à·à¶½à·à¶½,https://ikman.lk/en/ad/hed-seevkaa-gaall-galle-9,"Rs 65,000 - 75,000",3 days,"à·à·à¶¯ à·à·à·à·à¶à·- à¶à·à¶½à·à¶½|nursing careers|Rs 65,000 - 75,000|MEMBER|Galle, Hospital and Healthcare|3 days"
Hospital and HealthcareÂ,1,Nurse,https://ikman.lk/en/ad/nursing-in-charge-male-female-gampaha,,5 days,"Nurse|Family care hospital ,Kelaniya|Gampaha, Hospital and Healthcare|5 days"
Hospital and HealthcareÂ,1,à·à·à¶­à·à¶­à· à·à·à·à¶à¶ºà¶±à· à¶´à·à·à·à¶«à· à¶à·à¶»à·à¶¸ à·à¶³à·à· à·à·à¶¯ à¶±à·à¶½à¶°à·à¶»à·à¶±à·à¶ºà¶±à· à¶à·à·à·âà¶ºà¶ºà·,https://ikman.lk/en/ad/saattu-seevkyn-puhunnu-kiriim-sndhaa-hed-nildhaariniyn-avshyyi-colombo,"Rs 110,000 - 120,000",5 days,"à·à·à¶­à·à¶­à· à·à·à·à¶à¶ºà¶±à· à¶´à·à·à·à¶«à· à¶à·à¶»à·à¶¸ à·à¶³à·à· à·à·à¶¯ à¶±à·à¶½à¶°à·à¶»à·à¶±à·à¶ºà¶±à· à¶à·à·à·âà¶ºà¶ºà·|Royal Nursing Hone(Pvt)Ltd|Rs 110,000 - 120,000|MEMBER|Colombo, Hospital and Healthcare|5 days"
Hospital and HealthcareÂ,1,Dental Nurse,https://ikman.lk/en/ad/dental-nurse-nursing-assistant-kalutara,"Rs 30,000 - 35,000",5 days,"Dental Nurse|Private Poster|Rs 30,000 - 35,000|Kalutara, Hospital and Healthcare|5 days"
Hospital and HealthcareÂ,1,Pre-Intern Doctor - MBBS Lady,https://ikman.lk/en/ad/pre-intern-doctor-mbbs-lady-colombo,,6 days,"Pre-Intern Doctor - MBBS Lady|Perlyn Medical Center|Colombo, Hospital and Healthcare|6 days"
Hospital and HealthcareÂ,1,"Dental Nursing Assistant - Jaffna, Nelliyadi",https://ikman.lk/en/ad/dental-nursing-assistant-jaffna-nelliyadi-jaffna,,7 days,"Dental Nursing Assistant - Jaffna, Nelliyadi|Private Hospital|MEMBER|Jaffna, Hospital and Healthcare|7 days"
Hospital and HealthcareÂ,1,à·à·à¶¯ à·à·à·à·à¶à·- à¶à·à¶»à·à¶«à·à¶à¶½,https://ikman.lk/en/ad/hed-seevkaa-kurunnaaegl-kurunegala-9,"Rs 65,000 - 75,000",7 days,"à·à·à¶¯ à·à·à·à·à¶à·- à¶à·à¶»à·à¶«à·à¶à¶½|nursing careers|Rs 65,000 - 75,000|MEMBER|Kurunegala, Hospital and Healthcare|7 days"
Hospital and HealthcareÂ,1,à·à·à¶¯ à·à·à·à·à¶à· - à¶à·à¶§à·à¶§à·à·,https://ikman.lk/en/ad/hed-seevkaa-kottttaav-colombo-1,"Rs 65,000 - 75,000",7 days,"à·à·à¶¯ à·à·à·à·à¶à· - à¶à·à¶§à·à¶§à·à·|nursing careers|Rs 65,000 - 75,000|MEMBER|Colombo, Hospital and Healthcare|7 days"
Hospital and HealthcareÂ,1,à·à·à¶¯ à·à·à·à·à¶à· - à·à¶­à·à¶­à¶½,https://ikman.lk/en/ad/hed-seevkaa-vttl-gampaha-1,"Rs 65,000 - 75,000",7 days,"à·à·à¶¯ à·à·à·à·à¶à· - à·à¶­à·à¶­à¶½|nursing careers|Rs 65,000 - 75,000|MEMBER|Gampaha, Hospital and Healthcare|7 days"
Hospital and HealthcareÂ,1,à·à·à¶¯ à·à·à·à·à¶à·- à¶à¶¸à·à¶´à· .,https://ikman.lk/en/ad/hed-seevkaa-gmph-gampaha-9,"Rs 65,000 - 75,000",7 days,"à·à·à¶¯ à·à·à·à·à¶à·- à¶à¶¸à·à¶´à· .|nursing careers|Rs 65,000 - 75,000|MEMBER|Gampaha, Hospital and Healthcare|7 days"
Hospital and HealthcareÂ,1,à·à·à¶¯ à·à·à·à·à¶à·- à¶±à·à¶à·à¶à·à¶©,https://ikman.lk/en/ad/hed-seevkaa-nugeegodd-colombo-2,"Rs 65,000 - 75,000",7 days,"à·à·à¶¯ à·à·à·à·à¶à·- à¶±à·à¶à·à¶à·à¶©|nursing careers|Rs 65,000 - 75,000|MEMBER|Colombo, Hospital and Healthcare|7 days"
Hospital and HealthcareÂ,1,Pharmacy Assistant - Homagama,https://ikman.lk/en/ad/pharmacy-assistant-homagama-colombo,"Rs 20,000 - 80,000",7 days,"Pharmacy Assistant - Homagama|private poster|Rs 20,000 - 80,000|Colombo, Hospital and Healthcare|7 days"
Hospital and HealthcareÂ,1,Pharmacy Assistant,https://ikman.lk/en/ad/pharmacy-assistant-colombo-371,"Rs 35,000 - 50,000",7 days,"Pharmacy Assistant|Lasantha Amuwalage|Rs 35,000 - 50,000|Colombo, Hospital and Healthcare|7 days"
Hospital and HealthcareÂ,1,Nurse - Veyangoda,https://ikman.lk/en/ad/nurse-veyangoda-gampaha,"Rs 35,000 - 55,000",7 days,"Nurse - Veyangoda|Nurse|Rs 35,000 - 55,000|MEMBER|Gampaha, Hospital and Healthcare|7 days"
Hospital and HealthcareÂ,2,à¶à·à·à·à·à¶® à·à·à¶¯ à¶´à·à¶»à·à¶¸à· à·à· à¶à·à·à·à¶«à· à·à·à·à¶º à¶»à·à¶à·à¶ºà·,https://ikman.lk/en/ad/grhsth-hed-pirimi-sh-gaehaennu-shaay-raekiyaa-colombo,"Rs 79,500 - 135,000",,"à¶à·à·à·à·à¶® à·à·à¶¯ à¶´à·à¶»à·à¶¸à· à·à· à¶à·à·à·à¶«à· à·à·à·à¶º à¶»à·à¶à·à¶ºà·|Royal Nursing Home(Pvt)Ltd|Rs 79,500 - 135,000|MEMBER|Colombo, Hospital and Healthcare"
Hospital and HealthcareÂ,2,Pharmacy Assistant,https://ikman.lk/en/ad/pharmacy-assistant-anuradhapura,"Rs 40,000 - 60,000",,"Pharmacy Assistant|BS Pharmacy, Horowpothana|Rs 40,000 - 60,000|Anuradhapura, Hospital and Healthcare"
Hospital and HealthcareÂ,2,Pharmacy Assistant,https://ikman.lk/en/ad/pharmacy-assistant-colombo-371,"Rs 35,000 - 50,000",7 days,"Pharmacy Assistant|Lasantha Amuwalage|Rs 35,000 - 50,000|Colombo, Hospital and Healthcare|7 days"
Hospital and HealthcareÂ,2,Nurse - Veyangoda,https://ikman.lk/en/ad/nurse-veyangoda-gampaha,"Rs 35,000 - 55,000",7 days,"Nurse - Veyangoda|Nurse|Rs 35,000 - 55,000|MEMBER|Gampaha, Hospital and Healthcare|7 days"
Hospital and HealthcareÂ,2,PHARMACY WORK - Colombo 12,https://ikman.lk/en/ad/pharmacy-work-colombo-12-colombo-2,,7 days,"PHARMACY WORK - Colombo 12|Pharmacy|MEMBER|Colombo, Hospital and Healthcare|7 days"
Hospital and HealthcareÂ,2,PHARMACY WORK - Colombo 12,https://ikman.lk/en/ad/pharmacy-work-colombo-12-colombo-1,,7 days,"PHARMACY WORK - Colombo 12|Pharmacy|MEMBER|Colombo, Hospital and Healthcare|7 days"
Hospital and HealthcareÂ,2,Nurse - Ibbagamuwa,https://ikman.lk/en/ad/nurse-ibbagamuwa-kurunegala,"Rs 25,000 - 35,000",7 days,"Nurse - Ibbagamuwa|Nurse|Rs 25,000 - 35,000|MEMBER|Kurunegala, Hospital and Healthcare|7 days"
Hospital and HealthcareÂ,2,"Nurse-Arogya Medi House, Kotikawatta",https://ikman.lk/en/ad/nurse-arogya-medi-house-kotikawatta-colombo,"Rs 40,000 - 50,000",8 days,"Nurse-Arogya Medi House, Kotikawatta|Dr. K.K.I.Wijenayake|Rs 40,000 - 50,000|Colombo, Hospital and Healthcare|8 days"
Hospital and HealthcareÂ,2,Nurse - Gampaha,https://ikman.lk/en/ad/nurse-gampaha-gampaha,"Rs 30,000 - 45,000",9 days,"Nurse - Gampaha|Nurse|Rs 30,000 - 45,000|MEMBER|Gampaha, Hospital and Healthcare|9 days"
Hospital and HealthcareÂ,2,Nurse - Kandy,https://ikman.lk/en/ad/nurse-kandy-kandy-8,"Rs 35,000 - 45,000",9 days,"Nurse - Kandy|Nurse|Rs 35,000 - 45,000|MEMBER|Kandy, Hospital and Healthcare|9 days"
Hospital and HealthcareÂ,2,Dental Nurse,https://ikman.lk/en/ad/dental-nurse-colombo-2,"Rs 30,000 - 50,000",10 days,"Dental Nurse|All smiles|Rs 30,000 - 50,000|Colombo, Hospital and Healthcare|10 days"
Hospital and HealthcareÂ,2,Assistant Pharmacist,https://ikman.lk/en/ad/assistant-pharmacist-colombo-348,,11 days,"Assistant Pharmacist|Highlevel Pharmacy & Grocery (Pvt) Ltd.|Colombo, Hospital and Healthcare|11 days"
Hospital and HealthcareÂ,2,Assistant Pharmacist in Gampaha,https://ikman.lk/en/ad/assistant-pharmacist-in-gampaha-gampaha,"Rs 40,000 - 50,000",12 days,"Assistant Pharmacist in Gampaha|RANSANU PHARMACY, Gampaha|Rs 40,000 - 50,000|Gampaha, Hospital and Healthcare|12 days"
Hospital and HealthcareÂ,2,Dental Assistant,https://ikman.lk/en/ad/dental-assistant-anuradhapura,,12 days,"Dental Assistant|Dentcare Dental|Anuradhapura, Hospital and Healthcare|12 days"
Hospital and HealthcareÂ,2,Dental Nurse,https://ikman.lk/en/ad/dental-nurse-vacancy-in-wattala-gampaha,,13 days,"Dental Nurse|Dental Nurse|Gampaha, Hospital and Healthcare|13 days"
Hospital and HealthcareÂ,2,Healthcare & Clinical Support,https://ikman.lk/en/ad/healthcare-and-clinical-support-colombo-7,,13 days,"FEATURED|Healthcare & Clinical Support|ðð¨ðð­ð¥ð¨ð ð¢ð Holdings PLC|MEMBER|Colombo, Hospital and Healthcare|13 days"
Hospital and HealthcareÂ,2,Lab Assistant - à¶±à·à¶à·à·à¶»à¶§à·à¶º,https://ikman.lk/en/ad/lab-assistant-nikvaerttiy-kurunegala,"Rs 25,000 - 35,000",13 days,"Lab Assistant - à¶±à·à¶à·à·à¶»à¶§à·à¶º|Lab Assistant|Rs 25,000 - 35,000|MEMBER|Kurunegala, Hospital and Healthcare|13 days"
Hospital and HealthcareÂ,2,Cashier cum Accounts clerk,https://ikman.lk/en/ad/cashier-cum-accounts-clerk-colombo-19,,14 days,"Cashier cum Accounts clerk|Sukitha Pharmacy & Clinic (Pvt) Ltd|MEMBER|Colombo, Hospital and Healthcare|14 days"
Hospital and HealthcareÂ,2,Pharmacy Assistants,https://ikman.lk/en/ad/pharmacy-assistants-colombo-23,"Rs 30,000 - 50,000",14 days,"Pharmacy Assistants|My Chemist (Pvt) Ltd|Rs 30,000 - 50,000|Colombo, Hospital and Healthcare|14 days"
Hospital and HealthcareÂ,2,à¶à¶°à·à¶±à·à¶ à¶à·à¶°à·à·à¶¯à· à·à·à·à¶ºà¶/à·à·à·à¶ºà·à¶à·,https://ikman.lk/en/ad/aadhunik-aussdhveedii-shaayk-shaayikaa-kurunegala,,15 days,"à¶à¶°à·à¶±à·à¶ à¶à·à¶°à·à·à¶¯à· à·à·à·à¶ºà¶/à·à·à·à¶ºà·à¶à·|cargills Ceylon Plc|MEMBER|Kurunegala, Hospital and Healthcare|15 days"
Hospital and HealthcareÂ,2,MBBS Doctors - Ratnapura,https://ikman.lk/en/ad/mbbs-doctors-ratnapura-ratnapura,"Rs 240,000 - 400,000",15 days,"MBBS Doctors - Ratnapura|Dr Skin Lab|Rs 240,000 - 400,000|MEMBER|Ratnapura, Hospital and Healthcare|15 days"
Hospital and HealthcareÂ,2,MBBS Doctors - Talawatugoda,https://ikman.lk/en/ad/mbbs-doctors-talawatugoda-colombo,"Rs 240,000 - 400,000",15 days,"MBBS Doctors - Talawatugoda|Dr Skin Lab|Rs 240,000 - 400,000|MEMBER|Colombo, Hospital and Healthcare|15 days"
Hospital and HealthcareÂ,2,MBBS Doctors) - Maharagama,https://ikman.lk/en/ad/mbbs-doctors-maharagama-colombo,"Rs 240,000 - 400,000",15 days,"MBBS Doctors) - Maharagama|Dr Skin Lab|Rs 240,000 - 400,000|MEMBER|Colombo, Hospital and Healthcare|15 days"
Hospital and HealthcareÂ,2,à¶à¶°à·à¶±à·à¶ à¶à·à¶°à·à·à¶¯à· à·à·à·à¶ºà¶/à·à·à·à¶ºà·à¶à·,https://ikman.lk/en/ad/aadhunik-aussdhveedii-shaayk-shaayikaa-hambantota,,15 days,"à¶à¶°à·à¶±à·à¶ à¶à·à¶°à·à·à¶¯à· à·à·à·à¶ºà¶/à·à·à·à¶ºà·à¶à·|cargills Ceylon Plc|MEMBER|Hambantota, Hospital and Healthcare|15 days"
Hospital and HealthcareÂ,2,MBBS Doctors - Bandarawela,https://ikman.lk/en/ad/mbbs-doctors-bandarawela-badulla,"Rs 240,000 - 400,000",15 days,"MBBS Doctors - Bandarawela|Dr Skin Lab|Rs 240,000 - 400,000|MEMBER|Badulla, Hospital and Healthcare|15 days"
Hospital and HealthcareÂ,2,MBBS Doctors - Galle,https://ikman.lk/en/ad/mbbs-doctors-galle-galle,"Rs 240,000 - 400,000",15 days,"MBBS Doctors - Galle|Dr Skin Lab|Rs 240,000 - 400,000|MEMBER|Galle, Hospital and Healthcare|15 days"
Hospital and HealthcareÂ,2,Registered Pharmacist,https://ikman.lk/en/ad/registered-pharmacist-colombo,"Rs 150,000 - 160,000",18 days,"Registered Pharmacist|Royal Nursing Home(Pvt)Ltd|Rs 150,000 - 160,000|MEMBER|Colombo, Hospital and Healthcare|18 days"
Hospital and HealthcareÂ,3,à¶à·à·à·à·à¶® à·à·à¶¯ à¶´à·à¶»à·à¶¸à· à·à· à¶à·à·à·à¶«à· à·à·à·à¶º à¶»à·à¶à·à¶ºà·,https://ikman.lk/en/ad/grhsth-hed-pirimi-sh-gaehaennu-shaay-raekiyaa-colombo,"Rs 79,500 - 135,000",,"à¶à·à·à·à·à¶® à·à·à¶¯ à¶´à·à¶»à·à¶¸à· à·à· à¶à·à·à·à¶«à· à·à·à·à¶º à¶»à·à¶à·à¶ºà·|Royal Nursing Home(Pvt)Ltd|Rs 79,500 - 135,000|MEMBER|Colombo, Hospital and Healthcare"
Hospital and HealthcareÂ,3,Pharmacy Assistant,https://ikman.lk/en/ad/pharmacy-assistant-anuradhapura,"Rs 40,000 - 60,000",,"Pharmacy Assistant|BS Pharmacy, Horowpothana|Rs 40,000 - 60,000|Anuradhapura, Hospital and Healthcare"
Hospital and HealthcareÂ,3,Pharmacy Assistant - Gampaha,https://ikman.lk/en/ad/pharmacy-assistant-gampaha-gampaha-2,"Rs 50,000 - 60,000",19 days,"Pharmacy Assistant - Gampaha|CNS Pharmacy & Grocery Gampaha|Rs 50,000 - 60,000|Gampaha, Hospital and Healthcare|19 days"
Hospital and HealthcareÂ,3,"Resident Doctors, Chief Nursing Officer, Pharmacist",https://ikman.lk/en/ad/resident-doctors-chief-nursing-officer-pharmacist-puttalam,,19 days,"Resident Doctors, Chief Nursing Officer, Pharmacist|SOS Medical Center|MEMBER|Puttalam, Hospital and Healthcare|19 days"
Hospital and HealthcareÂ,3,à¶à·à¶° à¶±à·à¶à·à¶­à· à¶à·à¶»à·à¶¸à· à·à·à¶­à·à¶­à·à¶,https://ikman.lk/en/ad/aussdh-nikut-kiriimee-vrttik-colombo-2,,22 days,"à¶à·à¶° à¶±à·à¶à·à¶­à· à¶à·à¶»à·à¶¸à· à·à·à¶­à·à¶­à·à¶|cargills Ceylon Plc|MEMBER|Colombo, Hospital and Healthcare|22 days"
Hospital and HealthcareÂ,3,à¶à·à¶° à¶±à·à¶à·à¶­à· à¶à·à¶»à·à¶¸à· à·à·à¶­à·à¶­à·à¶,https://ikman.lk/en/ad/aussdh-nikut-kiriimee-vrttik-colombo-1,,22 days,"à¶à·à¶° à¶±à·à¶à·à¶­à· à¶à·à¶»à·à¶¸à· à·à·à¶­à·à¶­à·à¶|cargills Ceylon Plc|MEMBER|Colombo, Hospital and Healthcare|22 days"
Hospital and HealthcareÂ,3,à¶à·à¶° à¶±à·à¶à·à¶­à· à¶à·à¶»à·à¶¸à· à·à·à¶­à·à¶­à·à¶,https://ikman.lk/en/ad/aussdh-nikut-kiriimee-vrttik-colombo,,22 days,"à¶à·à¶° à¶±à·à¶à·à¶­à· à¶à·à¶»à·à¶¸à· à·à·à¶­à·à¶­à·à¶|cargills Ceylon Plc|MEMBER|Colombo, Hospital and Healthcare|22 days"
Hospital and HealthcareÂ,3,Assistant Pharmacist - kandy,https://ikman.lk/en/ad/assistant-pharmacist-kandy-kandy-3,,23 days,"Assistant Pharmacist - kandy|Harcourts Pharmacy (Pvt) Ltd.|MEMBER|Kandy, Hospital and Healthcare|23 days"
Hospital and HealthcareÂ,3,Assistant Pharmacist - Borella,https://ikman.lk/en/ad/assistant-pharmacist-borella-colombo,,23 days,"Assistant Pharmacist - Borella|Harcourts Pharmacy (Pvt) Ltd.|MEMBER|Colombo, Hospital and Healthcare|23 days"
Hospital and HealthcareÂ,3,Assistant Pharmacist - Wattala,https://ikman.lk/en/ad/assistant-pharmacist-wattala-gampaha-1,,23 days,"Assistant Pharmacist - Wattala|Harcourts Pharmacy (Pvt) Ltd.|MEMBER|Gampaha, Hospital and Healthcare|23 days"
Hospital and HealthcareÂ,3,Assistant Pharmacist - Maradana,https://ikman.lk/en/ad/assistant-pharmacist-maradana-colombo,,23 days,"Assistant Pharmacist - Maradana|Harcourts Pharmacy (Pvt) Ltd.|MEMBER|Colombo, Hospital and Healthcare|23 days"
Hospital and HealthcareÂ,3,Assistant Pharmacist - Dehiwala,https://ikman.lk/en/ad/assistant-pharmacist-dehiwala-colombo,,23 days,"Assistant Pharmacist - Dehiwala|Harcourts Pharmacy (Pvt) Ltd.|MEMBER|Colombo, Hospital and Healthcare|23 days"
Hospital and HealthcareÂ,3,Assistant Pharmacist - Kalutara,https://ikman.lk/en/ad/assistant-pharmacist-kalutara-kalutara,,23 days,"Assistant Pharmacist - Kalutara|Harcourts Pharmacy (Pvt) Ltd.|MEMBER|Kalutara, Hospital and Healthcare|23 days"
Hospital and HealthcareÂ,3,Assistant Pharmacist - Ratmalana,https://ikman.lk/en/ad/assistant-pharmacist-ratmalana-colombo,,23 days,"Assistant Pharmacist - Ratmalana|Harcourts Pharmacy (Pvt) Ltd.|MEMBER|Colombo, Hospital and Healthcare|23 days"
Hospital and HealthcareÂ,3,Pharmacist - Wattala,https://ikman.lk/en/ad/pharmacist-wattala-gampaha,,23 days,"Pharmacist - Wattala|Harcourts Pharmacy (Pvt) Ltd.|MEMBER|Gampaha, Hospital and Healthcare|23 days"
Hospital and HealthcareÂ,3,Pharmacist - Dehiwala,https://ikman.lk/en/ad/pharmacist-dehiwala-colombo-2,,23 days,"Pharmacist - Dehiwala|Harcourts Pharmacy (Pvt) Ltd.|MEMBER|Colombo, Hospital and Healthcare|23 days"
Hospital and HealthcareÂ,3,Pharmacist - Ratmalana,https://ikman.lk/en/ad/pharmacist-ratmalana-colombo,,23 days,"Pharmacist - Ratmalana|Harcourts Pharmacy (Pvt) Ltd.|MEMBER|Colombo, Hospital and Healthcare|23 days"
Hospital and HealthcareÂ,3,Pharmacist - Borella,https://ikman.lk/en/ad/pharmacist-borella-colombo,,23 days,"Pharmacist - Borella|Harcourts Pharmacy (Pvt) Ltd.|MEMBER|Colombo, Hospital and Healthcare|23 days"
Hospital and HealthcareÂ,3,Pharmacist - Town Hall,https://ikman.lk/en/ad/pharmacist-town-hall-colombo,,23 days,"Pharmacist - Town Hall|Harcourts Pharmacy (Pvt) Ltd.|MEMBER|Colombo, Hospital and Healthcare|23 days"
Hospital and HealthcareÂ,3,Pharmacist - Moratuwa,https://ikman.lk/en/ad/pharmacist-moratuwa-colombo,,23 days,"Pharmacist - Moratuwa|Harcourts Pharmacy (Pvt) Ltd.|MEMBER|Colombo, Hospital and Healthcare|23 days"
Hospital and HealthcareÂ,3,Pharmacist - Kastugastota,https://ikman.lk/en/ad/pharmacist-kastugastota-kandy,,23 days,"Pharmacist - Kastugastota|Harcourts Pharmacy (Pvt) Ltd.|MEMBER|Kandy, Hospital and Healthcare|23 days"
Hospital and HealthcareÂ,3,Dental Assistant,https://ikman.lk/en/ad/dental-assistant-colombo-59,"Rs 35,000 - 40,000",23 days,"Dental Assistant|Smile dental Homagama|Rs 35,000 - 40,000|Colombo, Hospital and Healthcare|23 days"
Hospital and HealthcareÂ,3,Pharmacist Assistant,https://ikman.lk/en/ad/pharmacist-assistant-colombo-6,"Rs 50,000 - 80,000",24 days,"Pharmacist Assistant|Sunethra Pharmacy|Rs 50,000 - 80,000|Colombo, Hospital and Healthcare|24 days"
Hospital and HealthcareÂ,3,à·à·à¶¯à·âà¶º à¶¸à¶°à·âà¶ºà·à·à¶®à·à¶± à·à·à¶ºà¶à·à¶»à·à¶º,https://ikman.lk/en/ad/vaidy-mdhysthaan-shykvriy-puttalam,"Rs 50,000 - 60,000",25 days,"à·à·à¶¯à·âà¶º à¶¸à¶°à·âà¶ºà·à·à¶®à·à¶± à·à·à¶ºà¶à·à¶»à·à¶º|Private Poster|Rs 50,000 - 60,000|Puttalam, Hospital and Healthcare|25 days"
Hospital and HealthcareÂ,3,Nurse cum Medical center Cashier,https://ikman.lk/en/ad/nurse-cum-medical-center-cashier-colombo,,26 days,"Nurse cum Medical center Cashier|Sukitha Pharmacy & Clinic (Pvt) Ltd|MEMBER|Colombo, Hospital and Healthcare|26 days"
Hospital and HealthcareÂ,3,Pharmacy Assistant,https://ikman.lk/en/ad/pharmacy-assistant-colombo-369,,26 days,"Pharmacy Assistant|Sukitha Pharmacy & Clinic (Pvt) Ltd|Colombo, Hospital and Healthcare|26 days"
Hospital and HealthcareÂ,3,Nurse - Maggona,https://ikman.lk/en/ad/nurse-maggona-kalutara,"Rs 40,000 - 65,000",27 days,"Nurse - Maggona|Private Poster|Rs 40,000 - 65,000|Kalutara, Hospital and Healthcare|27 days"
Hospital and HealthcareÂ,4,Pharmacy Assistant,https://ikman.lk/en/ad/pharmacy-assistant-anuradhapura,"Rs 40,000 - 60,000",,"Pharmacy Assistant|BS Pharmacy, Horowpothana|Rs 40,000 - 60,000|Anuradhapura, Hospital and Healthcare"
Hospital and HealthcareÂ,4,Nursing Assistant or Caregiver,https://ikman.lk/en/ad/nursing-assistant-or-caregiver-colombo-1,"Rs 35,000 - 75,000",,"Nursing Assistant or Caregiver|Siva Home Care And Medicals|Rs 35,000 - 75,000|MEMBER|Colombo, Hospital and Healthcare"
Hospital and HealthcareÂ,4,Optomertist,https://ikman.lk/en/ad/optomertist-gampaha,"Rs 50,000 - 100,000",27 days,"Optomertist|Nethraoptics PvT (Ltd)|Rs 50,000 - 100,000|Gampaha, Hospital and Healthcare|27 days"
Hospital and HealthcareÂ,4,Nurse - Colombo 03,https://ikman.lk/en/ad/nurse-hire-in-colombo-03-colombo-1,"Rs 60,000 - 65,000",28 days,"Nurse - Colombo 03|Global Medics HealthCare|Rs 60,000 - 65,000|Colombo, Hospital and Healthcare|28 days"
Hospital and HealthcareÂ,4,à¶à¶°à·à¶±à·à¶ à¶à·à¶°à·à·à¶¯à· à·à·à·à¶ºà¶/à·à·à·à¶ºà·à¶à· - à·à·à¶½à·à¶¸à¶©,https://ikman.lk/en/ad/aadhunik-aussdhveedii-shaayk-shaayikaa-vaelimdd-badulla,,28 days,"à¶à¶°à·à¶±à·à¶ à¶à·à¶°à·à·à¶¯à· à·à·à·à¶ºà¶/à·à·à·à¶ºà·à¶à· - à·à·à¶½à·à¶¸à¶©|cargills Ceylon Plc|MEMBER|Badulla, Hospital and Healthcare|28 days"
Hospital and HealthcareÂ,4,à¶à¶°à·à¶±à·à¶ à¶à·à¶°à·à·à¶¯à· à·à·à·à¶ºà¶/à·à·à·à¶ºà·à¶à· - à·à¶à¶à·à¶ºà¶à·à¶¹à·à¶»,https://ikman.lk/en/ad/aadhunik-aussdhveedii-shaayk-shaayikaa-vngiykumbur-badulla,,28 days,"à¶à¶°à·à¶±à·à¶ à¶à·à¶°à·à·à¶¯à· à·à·à·à¶ºà¶/à·à·à·à¶ºà·à¶à· - à·à¶à¶à·à¶ºà¶à·à¶¹à·à¶»|cargills Ceylon Plc|MEMBER|Badulla, Hospital and Healthcare|28 days"
Hospital and HealthcareÂ,4,à¶à¶°à·à¶±à·à¶ à¶à·à¶°à·à·à¶¯à· à·à·à·à¶ºà¶/à·à·à·à¶ºà·à¶à· - à¶¸à·à¶»à·à¶,https://ikman.lk/en/ad/aadhunik-aussdhveedii-shaayk-shaayikaa-morvk-matara,,28 days,"à¶à¶°à·à¶±à·à¶ à¶à·à¶°à·à·à¶¯à· à·à·à·à¶ºà¶/à·à·à·à¶ºà·à¶à· - à¶¸à·à¶»à·à¶|cargills Ceylon Plc|MEMBER|Matara, Hospital and Healthcare|28 days"
Hospital and HealthcareÂ,4,à¶à¶°à·à¶±à·à¶ à¶à·à¶°à·à·à¶¯à· à·à·à·à¶ºà¶/à·à·à·à¶ºà·à¶à· - à¶¯à·à¶±à·à¶ºà·à¶º,https://ikman.lk/en/ad/aadhunik-aussdhveedii-shaayk-shaayikaa-deniyaay-matara,,28 days,"à¶à¶°à·à¶±à·à¶ à¶à·à¶°à·à·à¶¯à· à·à·à·à¶ºà¶/à·à·à·à¶ºà·à¶à· - à¶¯à·à¶±à·à¶ºà·à¶º|cargills Ceylon Plc|MEMBER|Matara, Hospital and Healthcare|28 days"
Hospital and HealthcareÂ,4,à¶à¶°à·à¶±à·à¶ à¶à·à¶°à·à·à¶¯à· à·à·à·à¶ºà¶/à·à·à·à¶ºà·à¶à· - à¶à¶»à·à¶¶à·à¶à·à¶,https://ikman.lk/en/ad/aadhunik-aussdhveedii-shaayk-shaayikaa-uurubokk-matara,,28 days,"à¶à¶°à·à¶±à·à¶ à¶à·à¶°à·à·à¶¯à· à·à·à·à¶ºà¶/à·à·à·à¶ºà·à¶à· - à¶à¶»à·à¶¶à·à¶à·à¶|cargills Ceylon Plc|MEMBER|Matara, Hospital and Healthcare|28 days"
Hospital and HealthcareÂ,4,Medical Representative- Kaduwela,https://ikman.lk/en/ad/medical-representative-kaduwela-colombo,,28 days,"Medical Representative- Kaduwela|private poster|Colombo, Hospital and Healthcare|28 days"
Hospital and HealthcareÂ,4,Medical Representative - Negombo,https://ikman.lk/en/ad/medical-representative-negombo-gampaha,,28 days,"Medical Representative - Negombo|private poster|Gampaha, Hospital and Healthcare|28 days"
Hospital and HealthcareÂ,4,Maharagama/ Baseline/ Delgoda/ Ederamulla,https://ikman.lk/en/ad/maharagama-baseline-delgoda-ederamulla-colombo,"Rs 50,000 - 70,000",29 days,"Maharagama/ Baseline/ Delgoda/ Ederamulla|Laugfs SuperMarkets|Rs 50,000 - 70,000|MEMBER|Colombo, Hospital and Healthcare|29 days"
Hospital and HealthcareÂ,4,Nurse - Panadura,https://ikman.lk/en/ad/nurse-panadura-kalutara,,29 days,"Nurse - Panadura|Lyceum Global Holdings (Private) Limited|MEMBER|Kalutara, Hospital and Healthcare|29 days"
Hospital and HealthcareÂ,4,Assistant Pharmacist,https://ikman.lk/en/ad/assistant-pharmacist-colombo-349,"Rs 50,000 - 75,000",29 days,"Assistant Pharmacist|Siva Home Care And Medicals|Rs 50,000 - 75,000|MEMBER|Colombo, Hospital and Healthcare|29 days"
Hospital and HealthcareÂ,4,Assistant Pharmacist,https://ikman.lk/en/ad/assistant-pharmacist-colombo-346,"Rs 50,000 - 80,000",29 days,"Assistant Pharmacist|Shani Pharmacy|Rs 50,000 - 80,000|Colombo, Hospital and Healthcare|29 days"
Hospital and HealthcareÂ,4,Dental/Medical Nurse,https://ikman.lk/en/ad/dental-medical-nurse-matara,"Rs 40,000 - 50,000",30 days,"Dental/Medical Nurse|Ascent Hospital|Rs 40,000 - 50,000|Matara, Hospital and Healthcare|30 days"
Hospital and HealthcareÂ,4,Pharmacy Assistant - Female,https://ikman.lk/en/ad/pharmacy-assistant-female-colombo-2,"Rs 40,000 - 70,000",30 days,"Pharmacy Assistant - Female|Sethpa Pharmacy Pvt Ltd|Rs 40,000 - 70,000|Colombo, Hospital and Healthcare|30 days"
Hospital and HealthcareÂ,4,LAB ASSISTANT - JAFFNA,https://ikman.lk/en/ad/lab-assistant-jaffna-colombo,,32 days,"LAB ASSISTANT - JAFFNA|Private Hospital|MEMBER|Colombo, Hospital and Healthcare|32 days"
Hospital and HealthcareÂ,4,Consultation Assistant,https://ikman.lk/en/ad/consultation-assistant-colombo,,34 days,"Consultation Assistant|Ninewells Hospital (Pvt) Ltd|MEMBER|Colombo, Hospital and Healthcare|34 days"
Hospital and HealthcareÂ,4,à·à·à¶¯ à·à·à·à·à¶à·- à¶±à·à¶à·à¶à·à¶© .,https://ikman.lk/en/ad/hed-seevkaa-nugeegodd-colombo,"Rs 75,000 - 85,000",35 days,"à·à·à¶¯ à·à·à·à·à¶à·- à¶±à·à¶à·à¶à·à¶© .|nursing careers|Rs 75,000 - 85,000|MEMBER|Colombo, Hospital and Healthcare|35 days"
Hospital and HealthcareÂ,4,à·à·à¶¯ à·à·à·à·à¶à·- à¶¶à·à¶»à¶½à·à·à·à¶à¶¸à·à· .,https://ikman.lk/en/ad/hed-seevkaa-borlaesgmuv-colombo-7,"Rs 75,000 - 85,000",35 days,"à·à·à¶¯ à·à·à·à·à¶à·- à¶¶à·à¶»à¶½à·à·à·à¶à¶¸à·à· .|nursing careers|Rs 75,000 - 85,000|MEMBER|Colombo, Hospital and Healthcare|35 days"
Hospital and HealthcareÂ,4,Nurses,https://ikman.lk/en/ad/nurses-puttalam,"Rs 40,000 - 45,000",36 days,"Nurses|Hope well clinic|Rs 40,000 - 45,000|Puttalam, Hospital and Healthcare|36 days"
Hospital and HealthcareÂ,4,Lab Assistant,https://ikman.lk/en/ad/lab-assistant-for-private-medical-center-colombo,"Rs 40,000 - 50,000",38 days,"Lab Assistant|Channelway Nursing Home|Rs 40,000 - 50,000|Colombo, Hospital and Healthcare|38 days"
Hospital and HealthcareÂ,4,Optical Lab Coordinator,https://ikman.lk/en/ad/optical-lab-coordinator-colombo,,40 days,"Optical Lab Coordinator|Senu Rx Lab (pvt) ltd|Colombo, Hospital and Healthcare|40 days"
Hospital and HealthcareÂ,4,Nurse,https://ikman.lk/en/ad/nurse-colombo-267,,40 days,"Nurse|Lyceum Global Holdings (Private) Limited|MEMBER|Colombo, Hospital and Healthcare|40 days"
Hospital and HealthcareÂ,4,Health Assistant (Female Nurse),https://ikman.lk/en/ad/health-assistant-female-nurse-colombo,,42 days,"Health Assistant (Female Nurse)|Jeewaka Medical Center|Colombo, Hospital and Healthcare|42 days"
Hospital and HealthcareÂ,4,Medical Centre Staff,https://ikman.lk/en/ad/medical-centre-staff-colombo,"Rs 40,000 - 60,000",42 days,"Medical Centre Staff|New Medical Centre|Rs 40,000 - 60,000|Colombo, Hospital and Healthcare|42 days"
Hospital and HealthcareÂ,5,Pharmacy Assistant,https://ikman.lk/en/ad/pharmacy-assistant-anuradhapura,"Rs 40,000 - 60,000",,"Pharmacy Assistant|BS Pharmacy, Horowpothana|Rs 40,000 - 60,000|Anuradhapura, Hospital and Healthcare"
Hospital and HealthcareÂ,5,Nursing Assistant or Caregiver,https://ikman.lk/en/ad/nursing-assistant-or-caregiver-colombo-1,"Rs 35,000 - 75,000",,"Nursing Assistant or Caregiver|Siva Home Care And Medicals|Rs 35,000 - 75,000|MEMBER|Colombo, Hospital and Healthcare"
Hospital and HealthcareÂ,5,Ward Assistant,https://ikman.lk/en/ad/ward-assistant-colombo,,43 days,"Ward Assistant|Ninewells Hospital (Pvt) Ltd|MEMBER|Colombo, Hospital and Healthcare|43 days"
Hospital and HealthcareÂ,5,Retired Doctor,https://ikman.lk/en/ad/retired-doctor-galle,,43 days,"Retired Doctor|Premachandra Medi House Private Hospital|Galle, Hospital and Healthcare|43 days"
Hospital and HealthcareÂ,5,MLT (Medical Laboratory Tecnician)- à¶à·à¶à¶½à·à¶½,https://ikman.lk/en/ad/mlt-medical-laboratory-tecnician-kaaegll-kegalle,"Rs 35,000 - 40,000",43 days,"MLT (Medical Laboratory Tecnician)- à¶à·à¶à¶½à·à¶½|Medical Laboratory Tecnician|Rs 35,000 - 40,000|MEMBER|Kegalle, Hospital and Healthcare|43 days"
Hospital and HealthcareÂ,5,à¶à·à¶½à¶±à· à¶»à¶® à·à·à·à¶º à·à¶³à·à· à·à·à¶¯ à¶±à·à¶½à¶°à·à¶»à·à¶±à·,https://ikman.lk/en/ad/giln-rth-seevy-sndhaa-hed-nildhaariin-colombo,"Rs 75,000 - 120,000",44 days,"à¶à·à¶½à¶±à· à¶»à¶® à·à·à·à¶º à·à¶³à·à· à·à·à¶¯ à¶±à·à¶½à¶°à·à¶»à·à¶±à·|Royal Nursing Home(Pvt)Ltd|Rs 75,000 - 120,000|MEMBER|Colombo, Hospital and Healthcare|44 days"
Hospital and HealthcareÂ,5,Pharmacy Assistant - à¶¸à·à·à¶­à¶à¶¸,https://ikman.lk/en/ad/pharmacy-assistant-maavtgm-kurunegala,"Rs 25,000 - 35,000",44 days,"Pharmacy Assistant - à¶¸à·à·à¶­à¶à¶¸|Pharmacy Assistant|Rs 25,000 - 35,000|MEMBER|Kurunegala, Hospital and Healthcare|44 days"
Hospital and HealthcareÂ,5,Pharmacist Assistant Job For in Hokandara / Athurugiriya Malabe,https://ikman.lk/en/ad/pharmacist-assistant-job-for-in-hokandara-athurugiriya-malabe-colombo,"Rs 50,000 - 100,000",44 days,"Pharmacist Assistant Job For in Hokandara / Athurugiriya Malabe|Green I Pharmacy|Rs 50,000 - 100,000|Colombo, Hospital and Healthcare|44 days"
Hospital and HealthcareÂ,5,Lab Assistant,https://ikman.lk/en/ad/lab-assistant-gampaha,"Rs 30,000 - 60,000",45 days,"Lab Assistant|Grains N green pvt ltd|Rs 30,000 - 60,000|Gampaha, Hospital and Healthcare|45 days"
Hospital and HealthcareÂ,5,Dental Surgery Assistant,https://ikman.lk/en/ad/dental-surgery-assistant-colombo-2,,45 days,"Dental Surgery Assistant|Prime Teeth Dental Surgery|Colombo, Hospital and Healthcare|45 days"
Hospital and HealthcareÂ,5,à¶à¶°à·à¶±à·à¶ à¶à·à¶°à·à·à¶¯à· à·à·à·à¶ºà¶/à·à·à·à¶ºà·à¶à·,https://ikman.lk/en/ad/aadhunik-aussdhveedii-shaayk-shaayikaa-anuradhapura,,46 days,"à¶à¶°à·à¶±à·à¶ à¶à·à¶°à·à·à¶¯à· à·à·à·à¶ºà¶/à·à·à·à¶ºà·à¶à·|cargills Ceylon Plc|MEMBER|Anuradhapura, Hospital and Healthcare|46 days"
Hospital and HealthcareÂ,5,à¶à¶°à·à¶±à·à¶ à¶à·à¶°à·à·à¶¯à· à·à·à·à¶ºà¶/à·à·à·à¶ºà·à¶à·,https://ikman.lk/en/ad/aadhunik-aussdhveedii-shaayk-shaayikaa-anuradhapura-1,,46 days,"à¶à¶°à·à¶±à·à¶ à¶à·à¶°à·à·à¶¯à· à·à·à·à¶ºà¶/à·à·à·à¶ºà·à¶à·|cargills Ceylon Plc|MEMBER|Anuradhapura, Hospital and Healthcare|46 days"
Hospital and HealthcareÂ,5,à¶à¶°à·à¶±à·à¶ à¶à·à¶°à·à·à¶¯à· à·à·à·à¶ºà¶/à·à·à·à¶ºà·à¶à·,https://ikman.lk/en/ad/aadhunik-aussdhveedii-shaayk-shaayikaa-anuradhapura-2,,46 days,"à¶à¶°à·à¶±à·à¶ à¶à·à¶°à·à·à¶¯à· à·à·à·à¶ºà¶/à·à·à·à¶ºà·à¶à·|cargills Ceylon Plc|MEMBER|Anuradhapura, Hospital and Healthcare|46 days"
Hospital and HealthcareÂ,5,à¶à¶°à·à¶±à·à¶ à¶à·à¶°à·à·à¶¯à· à·à·à·à¶ºà¶/à·à·à·à¶ºà·à¶à·,https://ikman.lk/en/ad/aadhunik-aussdhveedii-shaayk-shaayikaa-polonnaruwa,,46 days,"à¶à¶°à·à¶±à·à¶ à¶à·à¶°à·à·à¶¯à· à·à·à·à¶ºà¶/à·à·à·à¶ºà·à¶à·|cargills Ceylon Plc|MEMBER|Polonnaruwa, Hospital and Healthcare|46 days"
Hospital and HealthcareÂ,5,à¶à¶°à·à¶±à·à¶ à¶à·à¶°à·à·à¶¯à· à·à·à·à¶ºà¶/à·à·à·à¶ºà·à¶à·,https://ikman.lk/en/ad/aadhunik-aussdhveedii-shaayk-shaayikaa-polonnaruwa-1,,46 days,"à¶à¶°à·à¶±à·à¶ à¶à·à¶°à·à·à¶¯à· à·à·à·à¶ºà¶/à·à·à·à¶ºà·à¶à·|cargills Ceylon Plc|MEMBER|Polonnaruwa, Hospital and Healthcare|46 days"
Hospital and HealthcareÂ,5,à¶à¶°à·à¶±à·à¶ à¶à·à¶°à·à·à¶¯à· à·à·à·à¶ºà¶/à·à·à·à¶ºà·à¶à·,https://ikman.lk/en/ad/aadhunik-aussdhveedii-shaayk-shaayikaa-polonnaruwa-2,,46 days,"à¶à¶°à·à¶±à·à¶ à¶à·à¶°à·à·à¶¯à· à·à·à·à¶ºà¶/à·à·à·à¶ºà·à¶à·|cargills Ceylon Plc|MEMBER|Polonnaruwa, Hospital and Healthcare|46 days"
Hospital and HealthcareÂ,5,à¶à¶°à·à¶±à·à¶ à¶à·à¶°à·à·à¶¯à· à·à·à·à¶ºà¶/à·à·à·à¶ºà·à¶à·,https://ikman.lk/en/ad/aadhunik-aussdhveedii-shaayk-shaayikaa-monaragala-2,,46 days,"à¶à¶°à·à¶±à·à¶ à¶à·à¶°à·à·à¶¯à· à·à·à·à¶ºà¶/à·à·à·à¶ºà·à¶à·|cargills Ceylon Plc|MEMBER|Monaragala, Hospital and Healthcare|46 days"
Hospital and HealthcareÂ,5,à¶à¶°à·à¶±à·à¶ à¶à·à¶°à·à·à¶¯à· à·à·à·à¶ºà¶/à·à·à·à¶ºà·à¶à·,https://ikman.lk/en/ad/aadhunik-aussdhveedii-shaayk-shaayikaa-monaragala-1,,46 days,"à¶à¶°à·à¶±à·à¶ à¶à·à¶°à·à·à¶¯à· à·à·à·à¶ºà¶/à·à·à·à¶ºà·à¶à·|cargills Ceylon Plc|MEMBER|Monaragala, Hospital and Healthcare|46 days"
Hospital and HealthcareÂ,5,à¶à¶°à·à¶±à·à¶ à¶à·à¶°à·à·à¶¯à· à·à·à·à¶ºà¶/à·à·à·à¶ºà·à¶à·,https://ikman.lk/en/ad/aadhunik-aussdhveedii-shaayk-shaayikaa-monaragala,,46 days,"à¶à¶°à·à¶±à·à¶ à¶à·à¶°à·à·à¶¯à· à·à·à·à¶ºà¶/à·à·à·à¶ºà·à¶à·|cargills Ceylon Plc|MEMBER|Monaragala, Hospital and Healthcare|46 days"
Hospital and HealthcareÂ,5,à¶à¶°à·à¶±à·à¶ à¶à·à¶°à·à·à¶¯à· à·à·à·à¶ºà¶/à·à·à·à¶ºà·à¶à·,https://ikman.lk/en/ad/aadhunik-aussdhveedii-shaayk-shaayikaa-ratnapura-2,,46 days,"à¶à¶°à·à¶±à·à¶ à¶à·à¶°à·à·à¶¯à· à·à·à·à¶ºà¶/à·à·à·à¶ºà·à¶à·|cargills Ceylon Plc|MEMBER|Ratnapura, Hospital and Healthcare|46 days"
Hospital and HealthcareÂ,5,à¶à¶°à·à¶±à·à¶ à¶à·à¶°à·à·à¶¯à· à·à·à·à¶ºà¶/à·à·à·à¶ºà·à¶à·,https://ikman.lk/en/ad/aadhunik-aussdhveedii-shaayk-shaayikaa-ratnapura-1,,46 days,"à¶à¶°à·à¶±à·à¶ à¶à·à¶°à·à·à¶¯à· à·à·à·à¶ºà¶/à·à·à·à¶ºà·à¶à·|cargills Ceylon Plc|MEMBER|Ratnapura, Hospital and Healthcare|46 days"
Hospital and HealthcareÂ,5,à¶à¶°à·à¶±à·à¶ à¶à·à¶°à·à·à¶¯à· à·à·à·à¶ºà¶/à·à·à·à¶ºà·à¶à·,https://ikman.lk/en/ad/aadhunik-aussdhveedii-shaayk-shaayikaa-ratnapura,,46 days,"à¶à¶°à·à¶±à·à¶ à¶à·à¶°à·à·à¶¯à· à·à·à·à¶ºà¶/à·à·à·à¶ºà·à¶à·|cargills Ceylon Plc|MEMBER|Ratnapura, Hospital and Healthcare|46 days"
Hospital and HealthcareÂ,5,à¶à·à¶° à¶±à·à¶à·à¶­à· à¶à·à¶»à·à¶¸à· à¶à·à¶°à·à·à¶¯à·,https://ikman.lk/en/ad/aussdh-nikut-kiriimee-aussdhveedii-colombo-1,,47 days,"à¶à·à¶° à¶±à·à¶à·à¶­à· à¶à·à¶»à·à¶¸à· à¶à·à¶°à·à·à¶¯à·|cargills Ceylon Plc|MEMBER|Colombo, Hospital and Healthcare|47 days"
Hospital and HealthcareÂ,5,à¶à·à¶° à¶±à·à¶à·à¶­à· à¶à·à¶»à·à¶¸à· à¶à·à¶°à·à·à¶¯à·,https://ikman.lk/en/ad/aussdh-nikut-kiriimee-aussdhveedii-colombo,,47 days,"à¶à·à¶° à¶±à·à¶à·à¶­à· à¶à·à¶»à·à¶¸à· à¶à·à¶°à·à·à¶¯à·|cargills Ceylon Plc|MEMBER|Colombo, Hospital and Healthcare|47 days"
Hospital and HealthcareÂ,5,"Doctor ( MBBS) Medical officer, Colombo 02",https://ikman.lk/en/ad/doctor-mbbs-medical-officer-colombo-02-colombo,,47 days,"Doctor ( MBBS) Medical officer, Colombo 02|Office|MEMBER|Colombo, Hospital and Healthcare|47 days"
Hospital and HealthcareÂ,5,Service Coordinator,https://ikman.lk/en/ad/service-coordinator-jaffna,,48 days,"Service Coordinator|MEDIPLACE|MEMBER|Jaffna, Hospital and Healthcare|48 days"
Hospital and HealthcareÂ,5,à¶à·à¶°à·à·à¶¯à· à·à·à¶ºà¶,https://ikman.lk/en/ad/aussdhveedii-shyk-kandy,,48 days,"à¶à·à¶°à·à·à¶¯à· à·à·à¶ºà¶|Orange Pharmacy|Kandy, Hospital and Healthcare|48 days"
Hospital and HealthcareÂ,6,Nursing Assistant or Caregiver,https://ikman.lk/en/ad/nursing-assistant-or-caregiver-colombo-1,"Rs 35,000 - 75,000",,"Nursing Assistant or Caregiver|Siva Home Care And Medicals|Rs 35,000 - 75,000|MEMBER|Colombo, Hospital and Healthcare"
Hospital and HealthcareÂ,6,Pharmacy Assistant,https://ikman.lk/en/ad/pharmacy-assistant-anuradhapura,"Rs 40,000 - 60,000",,"Pharmacy Assistant|BS Pharmacy, Horowpothana|Rs 40,000 - 60,000|Anuradhapura, Hospital and Healthcare"
Hospital and HealthcareÂ,6,Pharmacy Assistant - Nugegoda| Embuldeniya,https://ikman.lk/en/ad/pharmacy-assistant-nugegoda-embuldeniya-colombo,,48 days,"Pharmacy Assistant - Nugegoda| Embuldeniya|private poster|Colombo, Hospital and Healthcare|48 days"
Hospital and HealthcareÂ,6,Pharmacist,https://ikman.lk/en/ad/pharmacist-to-work-in-colombo-colombo,,49 days,"Pharmacist|Nugegoda Pharmacy|Colombo, Hospital and Healthcare|49 days"
Hospital and HealthcareÂ,6,Nurse (Katunayake),https://ikman.lk/en/ad/nurse-katunayake-gampaha,"Rs 55,000 - 85,000",49 days,"Nurse (Katunayake)|Lyceum Global Holdings|Rs 55,000 - 85,000|MEMBER|Gampaha, Hospital and Healthcare|49 days"
Hospital and HealthcareÂ,6,Healthcare & Clinical Support - OGF,https://ikman.lk/en/ad/healthcare-and-clinical-support-ogf-colombo-2,,50 days,"Healthcare & Clinical Support - OGF|ODEL|AUTH AGENT|Colombo, Hospital and Healthcare|50 days"
Hospital and HealthcareÂ,6,à¶»à·à¶°à·à¶» à·à·à¶¸à·à¶´à¶½ à¶½à¶¶à·à¶à¶±à·à¶±à· à¶±à·à¶½à¶°à·à¶»à·à¶«à· - à¶­à¶½à·à¶­à·à¶à·à¶©,https://ikman.lk/en/ad/rudhir-saampl-lbaagnnaa-nildhaarinnii-tlvtugodd-colombo-1,,51 days,"à¶»à·à¶°à·à¶» à·à·à¶¸à·à¶´à¶½ à¶½à¶¶à·à¶à¶±à·à¶±à· à¶±à·à¶½à¶°à·à¶»à·à¶«à· - à¶­à¶½à·à¶­à·à¶à·à¶©|Hemas Hospitals (Pvt) Ltd|MEMBER|Colombo, Hospital and Healthcare|51 days"
Hospital and HealthcareÂ,6,à¶»à·à¶°à·à¶» à·à·à¶¸à·à¶´à¶½ à¶½à¶¶à·à¶à¶±à·à¶±à· à¶±à·à¶½à¶°à·à¶»à·à¶«à· - à¶à¶©à·à·à·à¶½,https://ikman.lk/en/ad/rudhir-saampl-lbaagnnaa-nildhaarinnii-kdduvel-colombo-1,,51 days,"à¶»à·à¶°à·à¶» à·à·à¶¸à·à¶´à¶½ à¶½à¶¶à·à¶à¶±à·à¶±à· à¶±à·à¶½à¶°à·à¶»à·à¶«à· - à¶à¶©à·à·à·à¶½|Hemas Hospitals (Pvt) Ltd|MEMBER|Colombo, Hospital and Healthcare|51 days"
Hospital and HealthcareÂ,6,à¶»à·à¶°à·à¶» à·à·à¶¸à·à¶´à¶½ à¶½à¶¶à·à¶à¶±à·à¶±à· à¶±à·à¶½à¶°à·à¶»à·à¶«à· - à¶­à¶½à·à¶­à·à¶à·à¶©,https://ikman.lk/en/ad/rudhir-saampl-lbaagnnaa-nildhaarinnii-tlvtugodd-colombo,,51 days,"à¶»à·à¶°à·à¶» à·à·à¶¸à·à¶´à¶½ à¶½à¶¶à·à¶à¶±à·à¶±à· à¶±à·à¶½à¶°à·à¶»à·à¶«à· - à¶­à¶½à·à¶­à·à¶à·à¶©|Hemas Hospitals (Pvt) Ltd|MEMBER|Colombo, Hospital and Healthcare|51 days"
Hospital and HealthcareÂ,6,à¶»à·à¶°à·à¶» à·à·à¶¸à·à¶´à¶½ à¶½à¶¶à·à¶à¶±à·à¶±à· à¶±à·à¶½à¶°à·à¶»à·à¶«à· - à¶à¶©à·à·à·à¶½,https://ikman.lk/en/ad/rudhir-saampl-lbaagnnaa-nildhaarinnii-kdduvel-colombo,,51 days,"à¶»à·à¶°à·à¶» à·à·à¶¸à·à¶´à¶½ à¶½à¶¶à·à¶à¶±à·à¶±à· à¶±à·à¶½à¶°à·à¶»à·à¶«à· - à¶à¶©à·à·à·à¶½|Hemas Hospitals (Pvt) Ltd|MEMBER|Colombo, Hospital and Healthcare|51 days"
Hospital and HealthcareÂ,6,à¶»à·à¶°à·à¶» à·à·à¶¸à·à¶´à¶½ à¶½à¶¶à·à¶à¶±à·à¶±à· à¶±à·à¶½à¶°à·à¶»à·à¶«à· - à¶à·à·à¶¶à·à·à·à¶½,https://ikman.lk/en/ad/rudhir-saampl-lbaagnnaa-nildhaarinnii-klluboovil-colombo,,51 days,"à¶»à·à¶°à·à¶» à·à·à¶¸à·à¶´à¶½ à¶½à¶¶à·à¶à¶±à·à¶±à· à¶±à·à¶½à¶°à·à¶»à·à¶«à· - à¶à·à·à¶¶à·à·à·à¶½|Hemas Hospitals (Pvt) Ltd|MEMBER|Colombo, Hospital and Healthcare|51 days"
Hospital and HealthcareÂ,6,à¶»à·à¶°à·à¶» à·à·à¶¸à·à¶´à¶½ à¶½à¶¶à·à¶à¶±à·à¶±à· à¶±à·à¶½à¶°à·à¶»à·à¶«à· - à¶à·à¶§à·à·à¶±,https://ikman.lk/en/ad/rudhir-saampl-lbaagnnaa-nildhaarinnii-kottheen-colombo,,51 days,"à¶»à·à¶°à·à¶» à·à·à¶¸à·à¶´à¶½ à¶½à¶¶à·à¶à¶±à·à¶±à· à¶±à·à¶½à¶°à·à¶»à·à¶«à· - à¶à·à¶§à·à·à¶±|Hemas Hospitals (Pvt) Ltd|MEMBER|Colombo, Hospital and Healthcare|51 days"
Hospital and HealthcareÂ,6,Staff Nurse,https://ikman.lk/en/ad/staff-nurse-colombo-1,,51 days,"Staff Nurse|Hemas Hospitals (Pvt) Ltd|MEMBER|Colombo, Hospital and Healthcare|51 days"
Hospital and HealthcareÂ,6,Staff Nurse,https://ikman.lk/en/ad/staff-nurse-gampaha,,51 days,"Staff Nurse|Hemas Hospitals (Pvt) Ltd|MEMBER|Gampaha, Hospital and Healthcare|51 days"
Hospital and HealthcareÂ,6,Staff Nurses,https://ikman.lk/en/ad/staff-nurses-colombo-1,,51 days,"Staff Nurses|Hemas Hospitals (Pvt) Ltd|MEMBER|Colombo, Hospital and Healthcare|51 days"
Hospital and HealthcareÂ,6,Nursing Supervisor,https://ikman.lk/en/ad/nursing-supervisor-colombo,,51 days,"Nursing Supervisor|Hemas Hospitals (Pvt) Ltd|MEMBER|Colombo, Hospital and Healthcare|51 days"
Hospital and HealthcareÂ,6,Pharmacist - Thalawathugoda,https://ikman.lk/en/ad/pharmacist-thalawathugoda-colombo,,51 days,"Pharmacist - Thalawathugoda|Hemas Hospitals (Pvt) Ltd|MEMBER|Colombo, Hospital and Healthcare|51 days"
Hospital and HealthcareÂ,6,Pharmacy Assistant - à¶à·à¶»à·à¶«à·à¶à¶½,https://ikman.lk/en/ad/pharmacy-assistant-kurunnaaegl-kurunegala,"Rs 35,000 - 40,000",51 days,"Pharmacy Assistant - à¶à·à¶»à·à¶«à·à¶à¶½|Pharmacy Assistant|Rs 35,000 - 40,000|MEMBER|Kurunegala, Hospital and Healthcare|51 days"
Hospital and HealthcareÂ,6,à·à·à¶­à·à¶­à· à·à·à·à·à¶à·,https://ikman.lk/en/ad/saattu-seevikaa-colombo-1,"Rs 25,000 - 40,000",51 days,"à·à·à¶­à·à¶­à· à·à·à·à·à¶à·|Private Poster|Rs 25,000 - 40,000|Colombo, Hospital and Healthcare|51 days"
Hospital and HealthcareÂ,6,Pharmacy Assistant,https://ikman.lk/en/ad/pharmacy-assistant-colombo-368,,52 days,"Pharmacy Assistant|Private Poster|Colombo, Hospital and Healthcare|52 days"
Hospital and HealthcareÂ,6,Pharmacy Assistant,https://ikman.lk/en/ad/pharmacy-assistant-kandy-14,"Rs 85,000 - 110,000",53 days,"Pharmacy Assistant|Private Poster|Rs 85,000 - 110,000|Kandy, Hospital and Healthcare|53 days"
Hospital and HealthcareÂ,6,Speech Therapist,https://ikman.lk/en/ad/speech-therapist-colombo-1,"Rs 60,000 - 100,000",54 days,"Speech Therapist|Siva Home Care And Medicals|Rs 60,000 - 100,000|MEMBER|Colombo, Hospital and Healthcare|54 days"
Hospital and HealthcareÂ,6,Nurse - Battaramulla,https://ikman.lk/en/ad/nurse-battaramulla-colombo,"Rs 25,000 - 35,000",54 days,"Nurse - Battaramulla|Nurse|Rs 25,000 - 35,000|MEMBER|Colombo, Hospital and Healthcare|54 days"
Hospital and HealthcareÂ,6,Pharmacist,https://ikman.lk/en/ad/pharmacist-colombo-289,"Rs 75,000 - 150,000",54 days,"Pharmacist|Siva Home Care And Medicals|Rs 75,000 - 150,000|MEMBER|Colombo, Hospital and Healthcare|54 days"
Hospital and HealthcareÂ,6,Lab Assistant,https://ikman.lk/en/ad/lab-assistant-colombo-60,,55 days,"Lab Assistant|Private Poster|Colombo, Hospital and Healthcare|55 days"
Hospital and HealthcareÂ,6,Pharmacy Assistant - Colombo,https://ikman.lk/en/ad/pharmacy-assistant-colombo-colombo,"Rs 40,000 - 70,000",55 days,"Pharmacy Assistant - Colombo|Laugfs SuperMarkets|Rs 40,000 - 70,000|MEMBER|Colombo, Hospital and Healthcare|55 days"
Hospital and HealthcareÂ,6,Nurse - Kandy,https://ikman.lk/en/ad/nurse-kandy-kandy-7,"Rs 25,000 - 35,000",55 days,"Nurse - Kandy|Nurse|Rs 25,000 - 35,000|MEMBER|Kandy, Hospital and Healthcare|55 days"
Hospital and HealthcareÂ,7,Male Nurse | à¶´à·à¶»à·à¶¸à· à·à·à¶¯ à¶±à·à¶½à¶°à·à¶»à·à¶±à· à¶à¶½à·à·à·,https://ikman.lk/en/ad/male-nurse-pirimi-hed-nildhaariin-alvv-kurunegala-2,"Rs 55,000 - 65,000",,"Male Nurse | à¶´à·à¶»à·à¶¸à· à·à·à¶¯ à¶±à·à¶½à¶°à·à¶»à·à¶±à· à¶à¶½à·à·à·|Ayodya Human Capital Solutions|Rs 55,000 - 65,000|MEMBER|Kurunegala, Hospital and Healthcare"
Hospital and HealthcareÂ,7,à¶à·à·à·à·à¶® à·à·à¶¯ à¶´à·à¶»à·à¶¸à· à·à· à¶à·à·à·à¶«à· à·à·à·à¶º à¶»à·à¶à·à¶ºà·,https://ikman.lk/en/ad/grhsth-hed-pirimi-sh-gaehaennu-shaay-raekiyaa-colombo,"Rs 79,500 - 135,000",,"à¶à·à·à·à·à¶® à·à·à¶¯ à¶´à·à¶»à·à¶¸à· à·à· à¶à·à·à·à¶«à· à·à·à·à¶º à¶»à·à¶à·à¶ºà·|Royal Nursing Home(Pvt)Ltd|Rs 79,500 - 135,000|MEMBER|Colombo, Hospital and Healthcare"
Hospital and HealthcareÂ,7,Nurse - Kurunegala,https://ikman.lk/en/ad/nurse-kurunegala-kurunegala-4,"Rs 25,000 - 35,000",55 days,"Nurse - Kurunegala|Nurse|Rs 25,000 - 35,000|MEMBER|Kurunegala, Hospital and Healthcare|55 days"
Hospital and HealthcareÂ,7,Dental Assistant Nurse,https://ikman.lk/en/ad/dental-assistant-nurse-colombo,,55 days,"Dental Assistant Nurse|Arogya All smiles|Colombo, Hospital and Healthcare|55 days"
Hospital and HealthcareÂ,7,Cleaning Staff - Jaffna,https://ikman.lk/en/ad/cleaning-staff-jaffna-jaffna-2,,57 days,"Cleaning Staff - Jaffna|Private Hospital|MEMBER|Jaffna, Hospital and Healthcare|57 days"
Hospital and HealthcareÂ,7,à¶à¶°à·à¶±à·à¶ à¶à·à¶°à·à·à¶¯à· à·à·à·à¶ºà¶/à·à·à·à¶ºà·à¶à· - à¶´à·à¶½à·à¶¸à¶©à·à¶½à·à¶½,https://ikman.lk/en/ad/aadhunik-aussdhveedii-shaayk-shaayikaa-paelmddull-ratnapura,,57 days,"à¶à¶°à·à¶±à·à¶ à¶à·à¶°à·à·à¶¯à· à·à·à·à¶ºà¶/à·à·à·à¶ºà·à¶à· - à¶´à·à¶½à·à¶¸à¶©à·à¶½à·à¶½|cargills Ceylon Plc|MEMBER|Ratnapura, Hospital and Healthcare|57 days"
Hospital and HealthcareÂ,7,à¶à¶°à·à¶±à·à¶ à¶à·à¶°à·à·à¶¯à· à·à·à·à¶ºà¶/à·à·à·à¶ºà·à¶à· - à¶»à¶­à·à¶±à¶´à·à¶»,https://ikman.lk/en/ad/aadhunik-aussdhveedii-shaayk-shaayikaa-rtnpur-ratnapura,,57 days,"à¶à¶°à·à¶±à·à¶ à¶à·à¶°à·à·à¶¯à· à·à·à·à¶ºà¶/à·à·à·à¶ºà·à¶à· - à¶»à¶­à·à¶±à¶´à·à¶»|cargills Ceylon Plc|MEMBER|Ratnapura, Hospital and Healthcare|57 days"
Hospital and HealthcareÂ,7,à¶à¶°à·à¶±à·à¶ à¶à·à¶°à·à·à¶¯à· à·à·à·à¶ºà¶/à·à·à·à¶ºà·à¶à· - à¶¶à¶½à¶à¶à·à¶©,https://ikman.lk/en/ad/aadhunik-aussdhveedii-shaayk-shaayikaa-blngodd-ratnapura,,57 days,"à¶à¶°à·à¶±à·à¶ à¶à·à¶°à·à·à¶¯à· à·à·à·à¶ºà¶/à·à·à·à¶ºà·à¶à· - à¶¶à¶½à¶à¶à·à¶©|cargills Ceylon Plc|MEMBER|Ratnapura, Hospital and Healthcare|57 days"
Hospital and HealthcareÂ,7,à¶à¶°à·à¶±à·à¶ à¶à·à¶°à·à·à¶¯à· à·à·à·à¶ºà¶/à·à·à·à¶ºà·à¶à· - à·à·à¶½à·à¶½à·à·à¶º,https://ikman.lk/en/ad/aadhunik-aussdhveedii-shaayk-shaayikaa-vaellvaay-monaragala,,57 days,"à¶à¶°à·à¶±à·à¶ à¶à·à¶°à·à·à¶¯à· à·à·à·à¶ºà¶/à·à·à·à¶ºà·à¶à· - à·à·à¶½à·à¶½à·à·à¶º|cargills Ceylon Plc|MEMBER|Monaragala, Hospital and Healthcare|57 days"
Hospital and HealthcareÂ,7,à¶à¶°à·à¶±à·à¶ à¶à·à¶°à·à·à¶¯à· à·à·à·à¶ºà¶/à·à·à·à¶ºà·à¶à· - à¶¶à·à¶¶à·à¶½,https://ikman.lk/en/ad/aadhunik-aussdhveedii-shaayk-shaayikaa-bibil-monaragala,,57 days,"à¶à¶°à·à¶±à·à¶ à¶à·à¶°à·à·à¶¯à· à·à·à·à¶ºà¶/à·à·à·à¶ºà·à¶à· - à¶¶à·à¶¶à·à¶½|cargills Ceylon Plc|MEMBER|Monaragala, Hospital and Healthcare|57 days"
Hospital and HealthcareÂ,7,à¶à¶°à·à¶±à·à¶ à¶à·à¶°à·à·à¶¯à· à·à·à·à¶ºà¶/à·à·à·à¶ºà·à¶à· - à¶¸à·à¶«à¶»à·à¶à¶½,https://ikman.lk/en/ad/aadhunik-aussdhveedii-shaayk-shaayikaa-monnraagl-monaragala,,57 days,"à¶à¶°à·à¶±à·à¶ à¶à·à¶°à·à·à¶¯à· à·à·à·à¶ºà¶/à·à·à·à¶ºà·à¶à· - à¶¸à·à¶«à¶»à·à¶à¶½|cargills Ceylon Plc|MEMBER|Monaragala, Hospital and Healthcare|57 days"
Hospital and HealthcareÂ,7,à¶à¶°à·à¶±à·à¶ à¶à·à¶°à·à·à¶¯à· à·à·à·à¶ºà¶/à·à·à·à¶ºà·à¶à· - à¶à·à¶à¶½à·à¶½,https://ikman.lk/en/ad/aadhunik-aussdhveedii-shaayk-shaayikaa-kaaegll-kegalle,,57 days,"à¶à¶°à·à¶±à·à¶ à¶à·à¶°à·à·à¶¯à· à·à·à·à¶ºà¶/à·à·à·à¶ºà·à¶à· - à¶à·à¶à¶½à·à¶½|cargills Ceylon Plc|MEMBER|Kegalle, Hospital and Healthcare|57 days"
Hospital and HealthcareÂ,7,à¶à¶°à·à¶±à·à¶ à¶à·à¶°à·à·à¶¯à· à·à·à·à¶ºà¶/à·à·à·à¶ºà·à¶à· - à¶¸à·à·à¶±à·à¶½à·à¶½,https://ikman.lk/en/ad/aadhunik-aussdhveedii-shaayk-shaayikaa-maavnaell-kegalle,,57 days,"à¶à¶°à·à¶±à·à¶ à¶à·à¶°à·à·à¶¯à· à·à·à·à¶ºà¶/à·à·à·à¶ºà·à¶à· - à¶¸à·à·à¶±à·à¶½à·à¶½|cargills Ceylon Plc|MEMBER|Kegalle, Hospital and Healthcare|57 days"
Hospital and HealthcareÂ,7,à¶à¶°à·à¶±à·à¶ à¶à·à¶°à·à·à¶¯à· à·à·à·à¶ºà¶/à·à·à·à¶ºà·à¶à· - à¶à¶©à·à¶à¶±à·à¶±à·à·,https://ikman.lk/en/ad/aadhunik-aussdhveedii-shaayk-shaayikaa-kddugnnaav-kandy,,57 days,"à¶à¶°à·à¶±à·à¶ à¶à·à¶°à·à·à¶¯à· à·à·à·à¶ºà¶/à·à·à·à¶ºà·à¶à· - à¶à¶©à·à¶à¶±à·à¶±à·à·|cargills Ceylon Plc|MEMBER|Kandy, Hospital and Healthcare|57 days"
Hospital and HealthcareÂ,7,Assistant Pharmacist,https://ikman.lk/en/ad/assistant-pharmacist-colombo-344,"Rs 50,000 - 75,000",57 days,"Assistant Pharmacist|Siva Home Care And Medicals|Rs 50,000 - 75,000|MEMBER|Colombo, Hospital and Healthcare|57 days"
Hospital and HealthcareÂ,7,Experienced Pharmacy Assistant (Male),https://ikman.lk/en/ad/experienced-pharmacy-assistant-male-colombo,"Rs 100,000 - 110,000",58 days,"Experienced Pharmacy Assistant (Male)|Royal Nursing Home(Pvt)Ltd|Rs 100,000 - 110,000|MEMBER|Colombo, Hospital and Healthcare|58 days"
Hospital and HealthcareÂ,7,à®à®¾à®²à¯à®¨à®à¯ à®µà¯à®¤à¯à®¤à®¿à®¯ à®à®¤à®µà®¿à®¯à®¾à®³à®°à¯ (à®ªà¯à®£à¯),https://ikman.lk/en/ad/kaalnttai-vaittiy-utviyaallr-penn-jaffna-3,,58 days,"à®à®¾à®²à¯à®¨à®à¯ à®µà¯à®¤à¯à®¤à®¿à®¯ à®à®¤à®µà®¿à®¯à®¾à®³à®°à¯ (à®ªà¯à®£à¯)|Smart Paws Animal Hospital|MEMBER|Jaffna, Hospital and Healthcare|58 days"
IT and Network IndustryÂ,1,Quality Assurance (QA) Engineer,https://ikman.lk/en/ad/quality-assurance-qa-engineer-software-testing-specialist-colombo,,,"Quality Assurance (QA) Engineer|Lakmini International (Pvt) Ltd|Colombo, IT and Network Industry"
IT and Network IndustryÂ,1,Hardware Support Engineer,https://ikman.lk/en/ad/hardware-support-engineer-colombo-1,"Rs 30,000 - 50,000",15 hours,"Hardware Support Engineer|INFOTECH COMPUTERS PRIVATE LIMITED|Rs 30,000 - 50,000|MEMBER|Colombo, IT and Network Industry|15 hours"
IT and Network IndustryÂ,1,Computer Technician,https://ikman.lk/en/ad/computer-technician-colombo-187,,17 hours,"Computer Technician|Miracala Computers|Colombo, IT and Network Industry|17 hours"
IT and Network IndustryÂ,1,Quality Assurance (QA) Engineer,https://ikman.lk/en/ad/quality-assurance-qa-engineer-software-testing-specialist-colombo,,18 hours,"Quality Assurance (QA) Engineer|Lakmini International (Pvt) Ltd|Colombo, IT and Network Industry|18 hours"
IT and Network IndustryÂ,1,Graphic Designer,https://ikman.lk/en/ad/graphic-designer-ratnapura-3,"Rs 50,000 - 100,000",1 day,"Graphic Designer|à¶à¶¸à·à¶¢à· à¶¸à·à¶à¶»à·à·à· à¶´à·à¶¯à·à¶à¶½à·à¶ à·à¶¸à·à¶à¶¸|Rs 50,000 - 100,000|Ratnapura, IT and Network Industry|1 day"
IT and Network IndustryÂ,1,JUNIOR TRAINEE (SOFTWARE DEVELOPMENT & IoT) - Ja-Ela,https://ikman.lk/en/ad/junior-trainee-software-development-and-iot-ja-ela-gampaha,,2 days,"JUNIOR TRAINEE (SOFTWARE DEVELOPMENT & IoT) - Ja-Ela|HEDANS ELECTRICAL|MEMBER|Gampaha, IT and Network Industry|2 days"
IT and Network IndustryÂ,1,IT Executive,https://ikman.lk/en/ad/it-executive-colombo-177,,4 days,"IT Executive|Digitech Holdings Private Limited|MEMBER|Colombo, IT and Network Industry|4 days"
IT and Network IndustryÂ,1,Graphic Designer - Malabe,https://ikman.lk/en/ad/graphic-designer-malabe-colombo-4,,4 days,"Graphic Designer - Malabe|Digitech Holdings Private Limited|MEMBER|Colombo, IT and Network Industry|4 days"
IT and Network IndustryÂ,1,Graphic Designer,https://ikman.lk/en/ad/graphic-designer-colombo-3387,,5 days,"FEATURED|Graphic Designer|ðð¨ðð­ð¥ð¨ð ð¢ð Holdings PLC|MEMBER|Colombo, IT and Network Industry|5 days"
IT and Network IndustryÂ,1,IT Hardware Technician (Field Job),https://ikman.lk/en/ad/it-hardware-technician-field-job-colombo-4,,5 days,"IT Hardware Technician (Field Job)|Abans PLC|AUTH AGENT|Colombo, IT and Network Industry|5 days"
IT and Network IndustryÂ,1,ERP System Support Assistant,https://ikman.lk/en/ad/erp-system-support-kurunegala,,5 days,"ERP System Support Assistant|Exesmart Dynamics (Pvt) Ltd|Kurunegala, IT and Network Industry|5 days"
IT and Network IndustryÂ,1,Graphic Designer Nugegoda,https://ikman.lk/en/ad/graphic-designer-nugegoda-colombo-16,"Rs 60,000 - 65,000",6 days,"FEATURED|Graphic Designer Nugegoda|HR Division|Rs 60,000 - 65,000|AUTH AGENT|Colombo, IT and Network Industry|6 days"
IT and Network IndustryÂ,1,Graphic Designer - Mabima,https://ikman.lk/en/ad/graphic-designer-mabima-gampaha-1,,6 days,"Graphic Designer - Mabima|private poster|Gampaha, IT and Network Industry|6 days"
IT and Network IndustryÂ,1,Computer Hardware Technician,https://ikman.lk/en/ad/computer-hardware-technician-kalutara-17,"Rs 35,000 - 50,000",6 days,"Computer Hardware Technician|Vishwadinu Group|Rs 35,000 - 50,000|MEMBER|Kalutara, IT and Network Industry|6 days"
IT and Network IndustryÂ,1,Graphic Designer,https://ikman.lk/en/ad/graphic-designer-kalutara-207,"Rs 40,000 - 60,000",6 days,"Graphic Designer|Golden Ray Touch|Rs 40,000 - 60,000|Kalutara, IT and Network Industry|6 days"
IT and Network IndustryÂ,1,PHP Developer (Remote / Online),https://ikman.lk/en/ad/php-developer-wanted-remote-online-kurunegala,"Rs 50,000 - 100,000",7 days,"PHP Developer (Remote / Online)|STARPOSLANKA (PVT) LTD|Rs 50,000 - 100,000|Kurunegala, IT and Network Industry|7 days"
IT and Network IndustryÂ,1,Graphic Designer - Homagama,https://ikman.lk/en/ad/graphic-designer-homagama-colombo-10,,7 days,"Graphic Designer - Homagama|private poster|Colombo, IT and Network Industry|7 days"
IT and Network IndustryÂ,1,Network Systems Engineer - Malabe,https://ikman.lk/en/ad/network-systems-engineer-malabe-colombo,,8 days,"Network Systems Engineer - Malabe|Digitech Holdings Private Limited|MEMBER|Colombo, IT and Network Industry|8 days"
IT and Network IndustryÂ,1,Graphic Designer - Moratuwa,https://ikman.lk/en/ad/graphic-designer-moratuwa-colombo,,16 minutes,"Graphic Designer - Moratuwa|à¶¸à¶à¶¢à·à¶½ à·à¶»à·à¶±à·à¶ à¶»à·à·à·|Colombo, IT and Network Industry|16 minutes"
IT and Network IndustryÂ,1,WordPress Developer,https://ikman.lk/en/ad/wordpress-developer-with-ai-knowledge-wanted-kandy,,8 days,"WordPress Developer|INCREMENTAL SOFTWARE SOLUTIONS PTY. LTD|MEMBER|Kandy, IT and Network Industry|8 days"
IT and Network IndustryÂ,1,IT Assistant - Kandy,https://ikman.lk/en/ad/it-assistant-kandy-kandy,"Rs 25,000 - 35,000",8 days,"IT Assistant - Kandy|IT Assistant|Rs 25,000 - 35,000|MEMBER|Kandy, IT and Network Industry|8 days"
IT and Network IndustryÂ,1,Hardware Technician,https://ikman.lk/en/ad/hardware-technician-colombo-166,"Rs 30,000 - 50,000",9 days,"Hardware Technician|INFOTECH COMPUTERS PRIVATE LIMITED|Rs 30,000 - 50,000|MEMBER|Colombo, IT and Network Industry|9 days"
IT and Network IndustryÂ,1,Computer Hardware Technician,https://ikman.lk/en/ad/computer-hardware-technician-kurunegala-1,"Rs 35,000 - 80,000",9 days,"Computer Hardware Technician|Kingston Tech Solution (PVT) Ltd|Rs 35,000 - 80,000|MEMBER|Kurunegala, IT and Network Industry|9 days"
IT and Network IndustryÂ,1,IT Assistant - à¶à¶¸à·à¶´à·,https://ikman.lk/en/ad/it-assistant-gmph-gampaha,"Rs 25,000 - 35,000",11 days,"IT Assistant - à¶à¶¸à·à¶´à·|IT Assistant|Rs 25,000 - 35,000|MEMBER|Gampaha, IT and Network Industry|11 days"
IT and Network IndustryÂ,1,Female Graphic Designer,https://ikman.lk/en/ad/female-graphoc-designers-colombo,"Rs 55,000 - 70,000",11 days,"Female Graphic Designer|Opel Arts|Rs 55,000 - 70,000|Colombo, IT and Network Industry|11 days"
IT and Network IndustryÂ,1,Graphic Designer,https://ikman.lk/en/ad/graphic-designer-colombo-3384,"Rs 40,000 - 60,000",12 days,"Graphic Designer|pb.lk|Rs 40,000 - 60,000|MEMBER|Colombo, IT and Network Industry|12 days"
IT and Network IndustryÂ,2,Quality Assurance (QA) Engineer,https://ikman.lk/en/ad/quality-assurance-qa-engineer-software-testing-specialist-colombo,,,"Quality Assurance (QA) Engineer|Lakmini International (Pvt) Ltd|Colombo, IT and Network Industry"
IT and Network IndustryÂ,2,Graphic Designer,https://ikman.lk/en/ad/graphic-designer-colombo-3384,"Rs 40,000 - 60,000",12 days,"Graphic Designer|pb.lk|Rs 40,000 - 60,000|MEMBER|Colombo, IT and Network Industry|12 days"
IT and Network IndustryÂ,2,Computer Hardware Support Technician,https://ikman.lk/en/ad/printer-and-computer-hardware-support-technician-gampaha,"Rs 30,000 - 80,000",12 days,"Computer Hardware Support Technician|Shine Technology Solutions (Pvt) Ltd|Rs 30,000 - 80,000|Gampaha, IT and Network Industry|12 days"
IT and Network IndustryÂ,2,Printer IT Support Technician,https://ikman.lk/en/ad/printer-it-support-technician-colombo,"Rs 30,000 - 50,000",12 days,"Printer IT Support Technician|INFOTECH COMPUTERS PRIVATE LIMITED|Rs 30,000 - 50,000|MEMBER|Colombo, IT and Network Industry|12 days"
IT and Network IndustryÂ,2,Graphic Designer,https://ikman.lk/en/ad/graphic-designer-colombo-3383,"Rs 45,000 - 60,000",12 days,"Graphic Designer|Private Poster|Rs 45,000 - 60,000|Colombo, IT and Network Industry|12 days"
IT and Network IndustryÂ,2,Graphic Designers,https://ikman.lk/en/ad/graphic-designers-colombo-667,,14 days,"Graphic Designers|Softwave|Colombo, IT and Network Industry|14 days"
IT and Network IndustryÂ,2,Web Developer,https://ikman.lk/en/ad/web-developer-keneku-avshyyi-kandy,,15 days,"Web Developer|INCREMENTAL SOFTWARE SOLUTIONS PTY. LTD|MEMBER|Kandy, IT and Network Industry|15 days"
IT and Network IndustryÂ,2,Customer Support Technician,https://ikman.lk/en/ad/customer-support-technician-colombo,"Rs 30,000 - 50,000",15 days,"Customer Support Technician|INFOTECH COMPUTERS PRIVATE LIMITED|Rs 30,000 - 50,000|MEMBER|Colombo, IT and Network Industry|15 days"
IT and Network IndustryÂ,2,IT Support Technician,https://ikman.lk/en/ad/it-support-technician-colombo,"Rs 30,000 - 50,000",15 days,"IT Support Technician|Infotech Computers Private Limited|Rs 30,000 - 50,000|Colombo, IT and Network Industry|15 days"
IT and Network IndustryÂ,2,Graphic Designer - Maharagama,https://ikman.lk/en/ad/graphic-designer-maharagama-colombo-101,"Rs 65,000 - 70,000",17 days,"FEATURED|Graphic Designer - Maharagama|Intertex ( Pvt) Ltd|Rs 65,000 - 70,000|AUTH AGENT|Colombo, IT and Network Industry|17 days"
IT and Network IndustryÂ,2,IT Support Engineer,https://ikman.lk/en/ad/it-support-engineer-colombo-8,,19 days,"IT Support Engineer|Legacy Health|MEMBER|Colombo, IT and Network Industry|19 days"
IT and Network IndustryÂ,2,IT Support Engineer,https://ikman.lk/en/ad/it-support-engineer-colombo-9,,19 days,"IT Support Engineer|Legacy Health|MEMBER|Colombo, IT and Network Industry|19 days"
IT and Network IndustryÂ,2,RPA Developer,https://ikman.lk/en/ad/rpa-developer-colombo-8,,19 days,"RPA Developer|Legacy Health|MEMBER|Colombo, IT and Network Industry|19 days"
IT and Network IndustryÂ,2,RPA Developer,https://ikman.lk/en/ad/rpa-developer-colombo-7,,19 days,"RPA Developer|Legacy Health|MEMBER|Colombo, IT and Network Industry|19 days"
IT and Network IndustryÂ,2,RPA Developer,https://ikman.lk/en/ad/rpa-developer-gampaha-2,,19 days,"RPA Developer|Legacy Health|MEMBER|Gampaha, IT and Network Industry|19 days"
IT and Network IndustryÂ,2,RPA Manager,https://ikman.lk/en/ad/rpa-manager-colombo-7,,19 days,"RPA Manager|Legacy Health|MEMBER|Colombo, IT and Network Industry|19 days"
IT and Network IndustryÂ,2,RPA Manager,https://ikman.lk/en/ad/rpa-manager-gampaha-2,,19 days,"RPA Manager|Legacy Health|MEMBER|Gampaha, IT and Network Industry|19 days"
IT and Network IndustryÂ,2,RPA Manager,https://ikman.lk/en/ad/rpa-manager-gampaha-1,,19 days,"RPA Manager|Legacy Health|MEMBER|Gampaha, IT and Network Industry|19 days"
IT and Network IndustryÂ,2,IT Support Engineer,https://ikman.lk/en/ad/it-support-engineer-colombo-10,,19 days,"IT Support Engineer|Legacy Health|MEMBER|Colombo, IT and Network Industry|19 days"
IT and Network IndustryÂ,2,Graphic Designer,https://ikman.lk/en/ad/graphic-designer-gampaha-951,,19 days,"Graphic Designer|Adroit Graphic Pvt Ltd|Gampaha, IT and Network Industry|19 days"
IT and Network IndustryÂ,2,Junior Seo Specialist ( Work at Home ),https://ikman.lk/en/ad/junior-seo-specialist-work-at-home-kandy-1,"Rs 60,000 - 61,000",20 days,"Junior Seo Specialist ( Work at Home )|Third Eye Travels Kandy|Rs 60,000 - 61,000|Kandy, IT and Network Industry|20 days"
IT and Network IndustryÂ,2,Graphic Designer,https://ikman.lk/en/ad/graphic-designer-gampaha-950,"Rs 60,000 - 70,000",21 days,"Graphic Designer|T&G Lanka (pvt) Ltd|Rs 60,000 - 70,000|Gampaha, IT and Network Industry|21 days"
IT and Network IndustryÂ,2,IT Support,https://ikman.lk/en/ad/vacancy-for-it-support-kalutara,,21 days,"IT Support|Supervision Technology (Pvt) Ltd|Kalutara, IT and Network Industry|21 days"
IT and Network IndustryÂ,2,Junior Graphic Designer,https://ikman.lk/en/ad/junior-graphic-designer-colombo-26,,21 days,"FEATURED|Junior Graphic Designer|A PLUS Eco (PVT)LTD|AUTH AGENT|Colombo, IT and Network Industry|21 days"
IT and Network IndustryÂ,2,Computer Operator - Nikaweratiya,https://ikman.lk/en/ad/computer-operator-nikaweratiya-kurunegala,"Rs 25,000 - 35,000",21 days,"Computer Operator - Nikaweratiya|Computer Operator|Rs 25,000 - 35,000|MEMBER|Kurunegala, IT and Network Industry|21 days"
IT and Network IndustryÂ,2,Junior Graphic Designer,https://ikman.lk/en/ad/junior-graphic-designer-colombo-24,,23 days,"Junior Graphic Designer|A PLUS Eco (PVT)LTD|MEMBER|Colombo, IT and Network Industry|23 days"
IT and Network IndustryÂ,3,Quality Assurance (QA) Engineer,https://ikman.lk/en/ad/quality-assurance-qa-engineer-software-testing-specialist-colombo,,,"Quality Assurance (QA) Engineer|Lakmini International (Pvt) Ltd|Colombo, IT and Network Industry"
IT and Network IndustryÂ,3,Computer Oparator à¶¸à·à·à¶­à¶à¶¸,https://ikman.lk/en/ad/computer-oparator-maavtgm-kurunegala,"Rs 25,000 - 35,000",25 days,"Computer Oparator à¶¸à·à·à¶­à¶à¶¸|computer operator|Rs 25,000 - 35,000|MEMBER|Kurunegala, IT and Network Industry|25 days"
IT and Network IndustryÂ,3,Computer Hardware Technician (Colombo wellampitiya),https://ikman.lk/en/ad/computer-hardware-technician-colombo-wellampitiya-colombo,"Rs 35,000 - 55,000",26 days,"Computer Hardware Technician (Colombo wellampitiya)|ELECTRONIC PLAZA Wellampitiya|Rs 35,000 - 55,000|Colombo, IT and Network Industry|26 days"
IT and Network IndustryÂ,3,Graphic Designer - Negombo,https://ikman.lk/en/ad/graphic-designer-negombo-gampaha-17,,27 days,"Graphic Designer - Negombo|Negombo Printers (Pvt) Ltd.|Gampaha, IT and Network Industry|27 days"
IT and Network IndustryÂ,3,Graphic Designer - Wattala,https://ikman.lk/en/ad/graphic-designer-wattala-gampaha-135,"Rs 60,000 - 90,000",28 days,"Graphic Designer - Wattala|Methuli Holdings (Pvt) Ltd|Rs 60,000 - 90,000|MEMBER|Gampaha, IT and Network Industry|28 days"
IT and Network IndustryÂ,3,Creative Designer - Nugegoda,https://ikman.lk/en/ad/creative-designer-nugegoda-colombo-1,,28 days,"Creative Designer - Nugegoda|Lyceum Global Holdings (Private) Limited|MEMBER|Colombo, IT and Network Industry|28 days"
IT and Network IndustryÂ,3,"Graphic Designer - Wattala , Elakanda",https://ikman.lk/en/ad/graphic-designer-wattala-elakanda-gampaha,"Rs 50,000 - 100,000",30 days,"Graphic Designer - Wattala , Elakanda|ANANDA ENTERPRISE|Rs 50,000 - 100,000|Gampaha, IT and Network Industry|30 days"
IT and Network IndustryÂ,3,Administration Executive (Graphic Designer) - Female,https://ikman.lk/en/ad/administration-executive-graphic-designer-female-colombo-2,,30 days,"Administration Executive (Graphic Designer) - Female|MITL Campus Pvt Ltd|Colombo, IT and Network Industry|30 days"
IT and Network IndustryÂ,3,Web Developer - Maharagama,https://ikman.lk/en/ad/web-developer-maharagama-colombo-131,"Rs 95,000 - 100,000",31 days,"FEATURED|Web Developer - Maharagama|Worth Accounting (Pvt) Ltd|Rs 95,000 - 100,000|AUTH AGENT|Colombo, IT and Network Industry|31 days"
IT and Network IndustryÂ,3,Creative Designer,https://ikman.lk/en/ad/creative-designer-colombo-31,,33 days,"Creative Designer|Euro Motors (Pte) Ltd.|MEMBER|Colombo, IT and Network Industry|33 days"
IT and Network IndustryÂ,3,Graphic Designer - Colombo,https://ikman.lk/en/ad/graphic-designer-colombo-colombo-3,"Rs 25,000 - 100,000",34 days,"Graphic Designer - Colombo|Leaf D private Limited|Rs 25,000 - 100,000|Colombo, IT and Network Industry|34 days"
IT and Network IndustryÂ,3,Graphic Designer,https://ikman.lk/en/ad/computer-graphics-and-sinhala-english-tpesetting-colombo,"Rs 50,000 - 60,000",36 days,"Graphic Designer|RG Bookshop|Rs 50,000 - 60,000|Colombo, IT and Network Industry|36 days"
IT and Network IndustryÂ,3,IT Hardware Technician (Field Job | Tangalla),https://ikman.lk/en/ad/it-hardware-technician-field-job-tangalla-hambantota,,38 days,"IT Hardware Technician (Field Job | Tangalla)|Abans PLC|AUTH AGENT|Hambantota, IT and Network Industry|38 days"
IT and Network IndustryÂ,3,Graphic Designer,https://ikman.lk/en/ad/graphic-designer-gampaha-948,"Rs 35,000 - 50,000",38 days,"Graphic Designer|Warnitha Printers|Rs 35,000 - 50,000|Gampaha, IT and Network Industry|38 days"
IT and Network IndustryÂ,3,Computer Technician,https://ikman.lk/en/ad/computer-technician-colombo-186,"Rs 50,000 - 65,000",39 days,"Computer Technician|Imaging Concepts Pvt Ltd|Rs 50,000 - 65,000|Colombo, IT and Network Industry|39 days"
IT and Network IndustryÂ,3,Graphic Designer,https://ikman.lk/en/ad/graphic-designer-and-video-editor-for-hire-colombo,"Rs 120,000 - 150,000",41 days,"Graphic Designer|Lakmini International (Pvt) Ltd|Rs 120,000 - 150,000|Colombo, IT and Network Industry|41 days"
IT and Network IndustryÂ,3,Graphic Designer,https://ikman.lk/en/ad/graphic-designer-colombo-3378,,41 days,"Graphic Designer|Private Poster|Colombo, IT and Network Industry|41 days"
IT and Network IndustryÂ,3,Graphic Designer,https://ikman.lk/en/ad/graphic-designer-colombo-3377,,41 days,"Graphic Designer|kaleidoscope print and media Solutions (PVT) Ltd|Colombo, IT and Network Industry|41 days"
IT and Network IndustryÂ,3,Junior Executive IT,https://ikman.lk/en/ad/junior-executive-it-colombo,,43 days,"Junior Executive IT|NOLIMIT|MEMBER|Colombo, IT and Network Industry|43 days"
IT and Network IndustryÂ,3,Graphic Designer - Female,https://ikman.lk/en/ad/graphic-designer-female-gampaha-19,"Rs 40,000 - 60,000",44 days,"Graphic Designer - Female|COSMOLINE|Rs 40,000 - 60,000|MEMBER|Gampaha, IT and Network Industry|44 days"
IT and Network IndustryÂ,3,Graphic Designer - Female,https://ikman.lk/en/ad/graphic-designer-female-applicant-jaffna,"Rs 30,000 - 50,000",44 days,"Graphic Designer - Female|Private Poster|Rs 30,000 - 50,000|Jaffna, IT and Network Industry|44 days"
IT and Network IndustryÂ,3,Software Devoloper,https://ikman.lk/en/ad/software-devoloper-colombo,,46 days,"Software Devoloper|Hello Mobility Solutions Limited|Colombo, IT and Network Industry|46 days"
IT and Network IndustryÂ,3,Trainee Network Technician,https://ikman.lk/en/ad/trainee-network-technician-colombo,,47 days,"Trainee Network Technician|Colombo Net Solutions Private Limited|Colombo, IT and Network Industry|47 days"
IT and Network IndustryÂ,3,Graphic Designer - Colombo 3,https://ikman.lk/en/ad/graphic-designer-colombo-3-colombo-4,,48 days,"Graphic Designer - Colombo 3|The Exotic (Pvt)Ltd|MEMBER|Colombo, IT and Network Industry|48 days"
IT and Network IndustryÂ,3,computer operator- à¶à·à¶»à·à¶«à·à¶à¶½,https://ikman.lk/en/ad/computer-operator-kurunnaaegl-kurunegala-1,"Rs 25,000 - 35,000",50 days,"computer operator- à¶à·à¶»à·à¶«à·à¶à¶½|computer operator|Rs 25,000 - 35,000|MEMBER|Kurunegala, IT and Network Industry|50 days"
IT and Network IndustryÂ,3,IT Support Engineer,https://ikman.lk/en/ad/it-support-engineer-colombo-7,,50 days,"IT Support Engineer|Legacy Health|MEMBER|Colombo, IT and Network Industry|50 days"
IT and Network IndustryÂ,4,Quality Assurance (QA) Engineer,https://ikman.lk/en/ad/quality-assurance-qa-engineer-software-testing-specialist-colombo,,,"Quality Assurance (QA) Engineer|Lakmini International (Pvt) Ltd|Colombo, IT and Network Industry"
IT and Network IndustryÂ,4,IT Support Engineer,https://ikman.lk/en/ad/it-support-engineer-colombo-6,,50 days,"IT Support Engineer|Legacy Health|MEMBER|Colombo, IT and Network Industry|50 days"
IT and Network IndustryÂ,4,RPA Manager,https://ikman.lk/en/ad/rpa-manager-colombo-6,,51 days,"RPA Manager|Private Poster|MEMBER|Colombo, IT and Network Industry|51 days"
IT and Network IndustryÂ,4,RPA Software Developer,https://ikman.lk/en/ad/rpa-software-developer-colombo-2,,51 days,"RPA Software Developer|Legacy Health|MEMBER|Colombo, IT and Network Industry|51 days"
IT and Network IndustryÂ,4,RPA Developer,https://ikman.lk/en/ad/rpa-developer-colombo-6,,51 days,"RPA Developer|Legacy Health|MEMBER|Colombo, IT and Network Industry|51 days"
IT and Network IndustryÂ,4,RPA Developer,https://ikman.lk/en/ad/rpa-developer-gampaha-1,,51 days,"RPA Developer|Legacy Health|MEMBER|Gampaha, IT and Network Industry|51 days"
IT and Network IndustryÂ,4,Graphic Designer - Female,https://ikman.lk/en/ad/graphic-designer-female-colombo-62,,51 days,"Graphic Designer - Female|Nemco Lock Pvt Ltd|Colombo, IT and Network Industry|51 days"
IT and Network IndustryÂ,4,Graphic Designer - Boralesgamuwa,https://ikman.lk/en/ad/graphic-designer-boralesgamuwa-colombo-2,"Rs 30,000 - 60,000",51 days,"Graphic Designer - Boralesgamuwa|Private Poster|Rs 30,000 - 60,000|Colombo, IT and Network Industry|51 days"
IT and Network IndustryÂ,4,Graphic Designer Female Panadura,https://ikman.lk/en/ad/graphic-designer-female-panadura-kalutara,"Rs 65,000 - 85,000",51 days,"Graphic Designer Female Panadura|company pvt|Rs 65,000 - 85,000|MEMBER|Kalutara, IT and Network Industry|51 days"
IT and Network IndustryÂ,4,Computer Operator (Female) Panadura,https://ikman.lk/en/ad/computer-operator-female-panadura-kalutara,"Rs 80,000 - 120,000",52 days,"Computer Operator (Female) Panadura|Company Pvt Uk|Rs 80,000 - 120,000|MEMBER|Kalutara, IT and Network Industry|52 days"
IT and Network IndustryÂ,4,RPA Software Developer,https://ikman.lk/en/ad/rpa-software-developer-colombo-1,,54 days,"RPA Software Developer|Legacy Health|MEMBER|Colombo, IT and Network Industry|54 days"
IT and Network IndustryÂ,4,RPA Manager,https://ikman.lk/en/ad/rpa-manager-colombo-5,,54 days,"RPA Manager|Legacy Health|MEMBER|Colombo, IT and Network Industry|54 days"
IT and Network IndustryÂ,4,RPA Developer,https://ikman.lk/en/ad/rpa-developer-colombo-5,,54 days,"RPA Developer|Legacy Health|MEMBER|Colombo, IT and Network Industry|54 days"
IT and Network IndustryÂ,4,Computer Oparator -Battaramulla,https://ikman.lk/en/ad/computer-oparator-battaramulla-colombo,"Rs 25,000 - 35,000",54 days,"Computer Oparator -Battaramulla|Computer Oparator|Rs 25,000 - 35,000|MEMBER|Colombo, IT and Network Industry|54 days"
IT and Network IndustryÂ,4,Hardware Technician,https://ikman.lk/en/ad/hardware-technician-gampaha,"Rs 35,000 - 100,000",54 days,"Hardware Technician|Prasad K Withanachchi|Rs 35,000 - 100,000|Gampaha, IT and Network Industry|54 days"
IT and Network IndustryÂ,4,Graphic Designer,https://ikman.lk/en/ad/graphic-designer-kandy-402,,55 days,"Graphic Designer|Kandy Company|MEMBER|Kandy, IT and Network Industry|55 days"
IT and Network IndustryÂ,4,Computer Operator (Female),https://ikman.lk/en/ad/computer-operator-female-colombo-100,,55 days,"Computer Operator (Female)|Maharagama S-lon Delivery Center|Colombo, IT and Network Industry|55 days"
IT and Network IndustryÂ,4,CCTV - Intern,https://ikman.lk/en/ad/cctv-intern-colombo,,57 days,"CCTV - Intern|Metropolitan Technologies (Pvt) Ltd|MEMBER|Colombo, IT and Network Industry|57 days"
IT and Network IndustryÂ,4,Network Engineer,https://ikman.lk/en/ad/network-engineer-colombo,"Rs 50,000 - 100,000",58 days,"Network Engineer|Tech-Know IT International Private Limited|Rs 50,000 - 100,000|Colombo, IT and Network Industry|58 days"
IT and Network IndustryÂ,4,Graphic Designer (Full-Time) - Kattankudy,https://ikman.lk/en/ad/graphic-designer-full-time-kattankudy-batticaloa,,60 days,"Graphic Designer (Full-Time) - Kattankudy|Private Poster|Batticaloa, IT and Network Industry|60 days"
Digital MarketingÂ,1,Social Media Digital Growth Manager,https://ikman.lk/en/ad/social-media-digital-growth-manager-colombo-4,"Rs 80,000 - 120,000",,"Social Media Digital Growth Manager|Canbarra (PVT) Ltd|Rs 80,000 - 120,000|MEMBER|Colombo, Digital Marketing"
Digital MarketingÂ,1,Digital Marketing Executive,https://ikman.lk/en/ad/digital-marketing-executive-kegalle-3,,,"Digital Marketing Executive|MBL Marketing (PVT) Ltd|MEMBER|Kegalle, Digital Marketing"
Digital MarketingÂ,1,Digital Marketing Executive,https://ikman.lk/en/ad/digital-marketing-executive-gampaha-57,"Rs 50,000 - 70,000",7 hours,"Digital Marketing Executive|Yellow Town Clothing PVT LTD|Rs 50,000 - 70,000|Gampaha, Digital Marketing|7 hours"
Digital MarketingÂ,1,Female Digital Marketing Executive,https://ikman.lk/en/ad/female-digital-marketing-executive-colombo,"Rs 30,000 - 150,000",2 days,"Female Digital Marketing Executive|MDM Travels|Rs 30,000 - 150,000|Colombo, Digital Marketing|2 days"
Digital MarketingÂ,1,Digital Marketing Executive,https://ikman.lk/en/ad/digital-marketing-executive-gampaha-58,"Rs 40,000 - 50,000",3 days,"Digital Marketing Executive|Warnitha Printers|Rs 40,000 - 50,000|Gampaha, Digital Marketing|3 days"
Digital MarketingÂ,1,Social Media Coordinator cum Graphic Designer,https://ikman.lk/en/ad/social-media-coordinator-cum-graphic-designer-matara-3,,4 days,"FEATURED|Social Media Coordinator cum Graphic Designer|King Cell Holdings, Weligama|AUTH AGENT|Matara, Digital Marketing|4 days"
Digital MarketingÂ,1,Social Media Coordinator cum Graphic Designer,https://ikman.lk/en/ad/social-media-coordinator-cum-graphic-designer-galle,,4 days,"FEATURED|Social Media Coordinator cum Graphic Designer|King Cell Holdings, Weligama|AUTH AGENT|Galle, Digital Marketing|4 days"
Digital MarketingÂ,1,Digital Marketing executive/ creator,https://ikman.lk/en/ad/digital-marketing-executive-creator-colombo,"Rs 50,000 - 80,000",5 days,"Digital Marketing executive/ creator|Wimaladharma & Sons|Rs 50,000 - 80,000|MEMBER|Colombo, Digital Marketing|5 days"
Digital MarketingÂ,1,Digital Marketing Executive,https://ikman.lk/en/ad/digital-marketing-executive-colombo-430,"Rs 50,000 - 75,000",5 days,"Digital Marketing Executive|Sunmade Lanka pvt Ltd|Rs 50,000 - 75,000|MEMBER|Colombo, Digital Marketing|5 days"
Digital MarketingÂ,1,Content Creator,https://ikman.lk/en/ad/content-creator-colombo-53,,5 days,"FEATURED|Content Creator|ðð¨ðð­ð¥ð¨ð ð¢ð Holdings PLC|MEMBER|Colombo, Digital Marketing|5 days"
Digital MarketingÂ,1,Manager â Marketing & Events,https://ikman.lk/en/ad/manager-marketing-and-events-colombo-1,"Rs 170,000 - 190,000",6 days,"Manager â Marketing & Events|Lanka staff|Rs 170,000 - 190,000|AUTH AGENT|Colombo, Digital Marketing|6 days"
Digital MarketingÂ,1,Digital Marketing Manager Colombo 04,https://ikman.lk/en/ad/digital-marketing-manager-colombo-04-colombo,"Rs 100,000 - 150,000",6 days,"Digital Marketing Manager Colombo 04|Ruwini Jayarathne Jewelry(Pvt)Ltd.|Rs 100,000 - 150,000|MEMBER|Colombo, Digital Marketing|6 days"
Digital MarketingÂ,1,Marketing Manager,https://ikman.lk/en/ad/marketing-manager-colombo-432,,6 days,"Marketing Manager|Touch of Gold Lanka Pvt ltd|MEMBER|Colombo, Digital Marketing|6 days"
Digital MarketingÂ,1,Marketing Executive,https://ikman.lk/en/ad/marketing-executive-colombo-3686,,6 days,"Marketing Executive|Touch of Gold Lanka Pvt ltd|MEMBER|Colombo, Digital Marketing|6 days"
Digital MarketingÂ,1,SOCIAL MEDIA EXECUTIVE,https://ikman.lk/en/ad/social-media-executive-colombo-104,,6 days,"SOCIAL MEDIA EXECUTIVE|DOMESTIC EXPRESS PVT LTD|MEMBER|Colombo, Digital Marketing|6 days"
Digital MarketingÂ,1,Part Time Social Media Executive,https://ikman.lk/en/ad/part-time-social-media-executive-colombo,"Rs 40,000 - 50,000",7 days,"Part Time Social Media Executive|Onclicks Mobile Battaramulla|Rs 40,000 - 50,000|Colombo, Digital Marketing|7 days"
Digital MarketingÂ,1,Social Media Creator,https://ikman.lk/en/ad/social-media-creator-colombo,,9 days,"Social Media Creator|OPEN DOOR POLICY|MEMBER|Colombo, Digital Marketing|9 days"
Digital MarketingÂ,1,Digital Marketing Assistant Manager,https://ikman.lk/en/ad/digital-marketing-assistant-manager-colombo-1,,9 days,"Digital Marketing Assistant Manager|signature|MEMBER|Colombo, Digital Marketing|9 days"
Digital MarketingÂ,1,Social Media Sales Executive,https://ikman.lk/en/ad/social-media-sales-executive-colombo-6,,11 days,"Social Media Sales Executive|Toy Mart|MEMBER|Colombo, Digital Marketing|11 days"
Digital MarketingÂ,1,Influencers,https://ikman.lk/en/ad/influencers-colombo,,11 days,"Influencers|Toy Mart Sri Lanka|MEMBER|Colombo, Digital Marketing|11 days"
Digital MarketingÂ,1,E-Commerce Marketing Assistant,https://ikman.lk/en/ad/e-commerce-marketing-assistant-colombo,,11 days,"E-Commerce Marketing Assistant|Watsans.lk|Colombo, Digital Marketing|11 days"
Digital MarketingÂ,1,Social Media Live Presenter,https://ikman.lk/en/ad/social-media-live-presenter-kandy,"Rs 50,000 - 200,000",12 days,"Social Media Live Presenter|Kandula Modernhomes (Pvt) Ltd|Rs 50,000 - 200,000|MEMBER|Kandy, Digital Marketing|12 days"
Digital MarketingÂ,1,Social Media Manager,https://ikman.lk/en/ad/social-media-manager-colombo-30,"Rs 40,000 - 50,000",12 days,"Social Media Manager|Siyochem Institute|Rs 40,000 - 50,000|MEMBER|Colombo, Digital Marketing|12 days"
Digital MarketingÂ,1,influencer,https://ikman.lk/en/ad/female-vacancy-gampaha-colombo-area-gampaha,"Rs 30,000 - 100,000",12 days,"influencer|proposemee|Rs 30,000 - 100,000|Gampaha, Digital Marketing|12 days"
Digital MarketingÂ,1,Social Media Coordinator,https://ikman.lk/en/ad/social-media-coordinator-matara,,12 days,"Social Media Coordinator|Kingcell Mobile|MEMBER|Matara, Digital Marketing|12 days"
Digital MarketingÂ,1,Social Media Coordinator Cum Graphic Designer,https://ikman.lk/en/ad/social-media-coordinator-cum-graphic-designer-matara-2,,12 days,"Social Media Coordinator Cum Graphic Designer|Kingcell Mobile|MEMBER|Matara, Digital Marketing|12 days"
Digital MarketingÂ,1,Social Media Manager,https://ikman.lk/en/ad/social-media-manager-kandy,,13 days,"Social Media Manager|INCREMENTAL SOFTWARE SOLUTIONS PTY. LTD|MEMBER|Kandy, Digital Marketing|13 days"
Digital MarketingÂ,2,Social Media Digital Growth Manager,https://ikman.lk/en/ad/social-media-digital-growth-manager-colombo-4,"Rs 80,000 - 120,000",,"Social Media Digital Growth Manager|Canbarra (PVT) Ltd|Rs 80,000 - 120,000|MEMBER|Colombo, Digital Marketing"
Digital MarketingÂ,2,Digital Marketing Executive,https://ikman.lk/en/ad/digital-marketing-executive-kegalle-3,,,"Digital Marketing Executive|MBL Marketing (PVT) Ltd|MEMBER|Kegalle, Digital Marketing"
Digital MarketingÂ,2,Digital Marketing Executive,https://ikman.lk/en/ad/digital-marketing-executive-kegalle-3,,13 days,"Digital Marketing Executive|MBL Marketing (PVT) Ltd|MEMBER|Kegalle, Digital Marketing|13 days"
Digital MarketingÂ,2,Digital Marketing Executive,https://ikman.lk/en/ad/digital-marketing-executive-colombo-429,"Rs 90,000 - 100,000",13 days,"Digital Marketing Executive|Global HR Solutions (Pvt) Ltd|Rs 90,000 - 100,000|MEMBER|Colombo, Digital Marketing|13 days"
Digital MarketingÂ,2,Digital Marketing Intern,https://ikman.lk/en/ad/digital-marketing-intern-colombo,"Rs 40,000 - 50,000",13 days,"Digital Marketing Intern|Property Lanka SL PVT|Rs 40,000 - 50,000|Colombo, Digital Marketing|13 days"
Digital MarketingÂ,2,Social Media Executive (Female),https://ikman.lk/en/ad/social-media-executive-female-kurunegala,,13 days,"FEATURED|Social Media Executive (Female)|Al Azab International|AUTH AGENT|Kurunegala, Digital Marketing|13 days"
Digital MarketingÂ,2,Social Media Executive,https://ikman.lk/en/ad/social-media-executive-needed-to-our-printing-shop-in-nugegoda-colombo,"Rs 50,000 - 60,000",13 days,"Social Media Executive|Opel Arts|Rs 50,000 - 60,000|Colombo, Digital Marketing|13 days"
Digital MarketingÂ,2,Social Media Content Creator,https://ikman.lk/en/ad/social-media-content-creator-kandy,"Rs 35,000 - 150,000",16 days,"Social Media Content Creator|Kandula Modernhomes (Pvt) Ltd|Rs 35,000 - 150,000|MEMBER|Kandy, Digital Marketing|16 days"
Digital MarketingÂ,2,Digital Marketing Executive,https://ikman.lk/en/ad/digital-marketing-executive-kegalle-2,,16 days,"Digital Marketing Executive|Nicstop Computer|MEMBER|Kegalle, Digital Marketing|16 days"
Digital MarketingÂ,2,Social Media Executive,https://ikman.lk/en/ad/social-media-executive-colombo-103,,16 days,"Social Media Executive|Sunrise Ceylon {PVT) Ltd|MEMBER|Colombo, Digital Marketing|16 days"
Digital MarketingÂ,2,Content Creator - Bambalapitiya,https://ikman.lk/en/ad/content-creator-bambalapitiya-colombo-1,,19 days,"Content Creator - Bambalapitiya|The Garage Clothing Store|MEMBER|Colombo, Digital Marketing|19 days"
Digital MarketingÂ,2,Content Creator - Bambalapitiya,https://ikman.lk/en/ad/content-creator-bambalapitiya-colombo,,19 days,"Content Creator - Bambalapitiya|The Garage Clothing Store|MEMBER|Colombo, Digital Marketing|19 days"
Digital MarketingÂ,2,Digital Marketing Assistant Manager,https://ikman.lk/en/ad/digital-marketing-assistant-manager-colombo,,19 days,"Digital Marketing Assistant Manager|Signature|MEMBER|Colombo, Digital Marketing|19 days"
Digital MarketingÂ,2,Digital Marketing Influencer (Female),https://ikman.lk/en/ad/digital-marketing-influencer-female-colombo,"Rs 50,000 - 150,000",20 days,"Digital Marketing Influencer (Female)|Mr.Vihanga Kollurage|Rs 50,000 - 150,000|MEMBER|Colombo, Digital Marketing|20 days"
Digital MarketingÂ,2,Digital Marketing Executive,https://ikman.lk/en/ad/digital-marketing-executive-colombo-427,,20 days,"Digital Marketing Executive|World Express CMB (Pvt) Ltd|MEMBER|Colombo, Digital Marketing|20 days"
Digital MarketingÂ,2,Digital Marketing Executive,https://ikman.lk/en/ad/marketing-executive-battaramulla-colombo-11,"Rs 58,000 - 85,000",22 days,"Digital Marketing Executive|Mydear Enterprise|Rs 58,000 - 85,000|Colombo, Digital Marketing|22 days"
Digital MarketingÂ,2,Social Media Expert,https://ikman.lk/en/ad/social-media-expert-colombo-1,,23 days,"Social Media Expert|A PLUS Eco (PVT)LTD|MEMBER|Colombo, Digital Marketing|23 days"
Digital MarketingÂ,2,Social Media Executive - Female,https://ikman.lk/en/ad/content-creator-and-presenter-female-gampaha,"Rs 45,000 - 70,000",23 days,"Social Media Executive - Female|Sawana Cellular|Rs 45,000 - 70,000|Gampaha, Digital Marketing|23 days"
Digital MarketingÂ,2,Social Media Presenter (Female),https://ikman.lk/en/ad/social-media-presenter-females-only-kurunegala,,25 days,"Social Media Presenter (Female)|Private Poster|Kurunegala, Digital Marketing|25 days"
Digital MarketingÂ,2,Digital Marketer,https://ikman.lk/en/ad/digital-marketer-colombo-1,,26 days,"Digital Marketer|Luxe Salon|MEMBER|Colombo, Digital Marketing|26 days"
Digital MarketingÂ,2,Digital Marketer,https://ikman.lk/en/ad/digital-marketer-colombo,,26 days,"Digital Marketer|Luxe Salon|MEMBER|Colombo, Digital Marketing|26 days"
Digital MarketingÂ,2,Video Making Content Creator,https://ikman.lk/en/ad/video-making-content-creator-colombo,,26 days,"Video Making Content Creator|LuxuryX PVT LTD|Colombo, Digital Marketing|26 days"
Digital MarketingÂ,2,Call Center Officer â Female Work From Home,https://ikman.lk/en/ad/call-center-officer-female-work-from-home-colombo,"Rs 40,000 - 100,000",27 days,"FEATURED|Call Center Officer â Female Work From Home|Uber Sri Lanka|Rs 40,000 - 100,000|AUTH AGENT|Colombo, Digital Marketing|27 days"
Digital MarketingÂ,2,Social Media Activator,https://ikman.lk/en/ad/social-media-activator-colombo,"Rs 35,000 - 45,000",28 days,"Social Media Activator|NELSONS TADING COMPANY|Rs 35,000 - 45,000|MEMBER|Colombo, Digital Marketing|28 days"
Digital MarketingÂ,2,Social Media Digital Growth Manager,https://ikman.lk/en/ad/social-media-digital-growth-manager-colombo-4,"Rs 80,000 - 120,000",28 days,"Social Media Digital Growth Manager|Canbarra (PVT) Ltd|Rs 80,000 - 120,000|MEMBER|Colombo, Digital Marketing|28 days"
Digital MarketingÂ,2,Social Media Manager,https://ikman.lk/en/ad/social-media-management-colombo,"Rs 40,000 - 60,000",30 days,"Social Media Manager|Private Poster|Rs 40,000 - 60,000|Colombo, Digital Marketing|30 days"
Digital MarketingÂ,2,Digital Marketing Executive,https://ikman.lk/en/ad/digital-marketing-executive-puttalam-1,"Rs 95,000 - 100,000",30 days,"Digital Marketing Executive|Yuhang Private Limited|Rs 95,000 - 100,000|Puttalam, Digital Marketing|30 days"
Digital MarketingÂ,3,Digital Marketing Executive,https://ikman.lk/en/ad/digital-marketing-executive-kegalle-3,,,"Digital Marketing Executive|MBL Marketing (PVT) Ltd|MEMBER|Kegalle, Digital Marketing"
Digital MarketingÂ,3,Social Media Digital Growth Manager,https://ikman.lk/en/ad/social-media-digital-growth-manager-colombo-3,"Rs 150,000 - 300,000",,"Social Media Digital Growth Manager|AKARA Apartments|Rs 150,000 - 300,000|AUTH AGENT|Colombo, Digital Marketing"
Digital MarketingÂ,3,Social Media Executive,https://ikman.lk/en/ad/social-media-executive-colombo-101,"Rs 50,000 - 100,000",35 days,"Social Media Executive|Sala Enterprises|Rs 50,000 - 100,000|Colombo, Digital Marketing|35 days"
Digital MarketingÂ,3,Digital Marketing Executive,https://ikman.lk/en/ad/digital-marketing-executive-colombo-424,,37 days,"Digital Marketing Executive|RED BERRYLS|Colombo, Digital Marketing|37 days"
Digital MarketingÂ,3,Digital Marketing Assistant,https://ikman.lk/en/ad/digital-marketing-assistant-colombo-2,,43 days,"Digital Marketing Assistant|Win Tattoo Supply (Pvt) Ltd|MEMBER|Colombo, Digital Marketing|43 days"
Digital MarketingÂ,3,Social Media Executive,https://ikman.lk/en/ad/social-media-executive-colombo-99,,44 days,"Social Media Executive|Sisili Projects Consortium Pvt Ltd|MEMBER|Colombo, Digital Marketing|44 days"
Digital MarketingÂ,3,Digital Marketing Executive,https://ikman.lk/en/ad/digital-marketing-and-seo-colombo,"Rs 75,000 - 120,000",45 days,"Digital Marketing Executive|Private Poster|Rs 75,000 - 120,000|Colombo, Digital Marketing|45 days"
Digital MarketingÂ,3,Social Media Digital Growth Manager,https://ikman.lk/en/ad/social-media-digital-growth-manager-colombo-3,"Rs 150,000 - 300,000",46 days,"Social Media Digital Growth Manager|AKARA Apartments|Rs 150,000 - 300,000|AUTH AGENT|Colombo, Digital Marketing|46 days"
Digital MarketingÂ,3,Digital Marketing Assistant - male,https://ikman.lk/en/ad/digital-marketing-assistant-male-colombo,"Rs 50,000 - 80,000",46 days,"Digital Marketing Assistant - male|Canbarra (PVT) Ltd|Rs 50,000 - 80,000|MEMBER|Colombo, Digital Marketing|46 days"
Digital MarketingÂ,3,Social Media Marketing Executive - Female,https://ikman.lk/en/ad/social-media-marketing-executive-female-colombo,,47 days,"Social Media Marketing Executive - Female|Innovate Smart Campus|Colombo, Digital Marketing|47 days"
Digital MarketingÂ,3,Graphic Designer - Kurunegala,https://ikman.lk/en/ad/graphic-designer-kurunegala-kurunegala-27,"Rs 35,000 - 40,000",48 days,"Graphic Designer - Kurunegala|Graphic Designer|Rs 35,000 - 40,000|MEMBER|Kurunegala, Digital Marketing|48 days"
Digital MarketingÂ,3,Digital Marketing Executive,https://ikman.lk/en/ad/digital-marketing-executive-colombo-423,,51 days,"Digital Marketing Executive|GRANT TECH HOLDINGS (PVT) LTD|Colombo, Digital Marketing|51 days"
Digital MarketingÂ,3,Showroom Content Creator,https://ikman.lk/en/ad/showroom-content-creator-kandy,"Rs 40,000 - 60,000",51 days,"Showroom Content Creator|Private Poster|Rs 40,000 - 60,000|Kandy, Digital Marketing|51 days"
Digital MarketingÂ,3,Digital Marketing Executives,https://ikman.lk/en/ad/digital-marketing-executives-colombo-21,,52 days,"Digital Marketing Executives|RAMFORD ISNTITUTE OF BUSINESS MANAGEMENT|MEMBER|Colombo, Digital Marketing|52 days"
Digital MarketingÂ,3,Digital Creative Designer,https://ikman.lk/en/ad/social-media-marketing-and-graphic-designiner-gampaha,"Rs 60,000 - 70,000",54 days,"Digital Creative Designer|Total Solution|Rs 60,000 - 70,000|Gampaha, Digital Marketing|54 days"
Digital MarketingÂ,3,Digital Marketing Web Developer,https://ikman.lk/en/ad/digital-marketing-web-developer-and-social-media-executive-colombo,"Rs 40,000 - 45,000",54 days,"Digital Marketing Web Developer|Univision Pvt Ltd|Rs 40,000 - 45,000|Colombo, Digital Marketing|54 days"
Digital MarketingÂ,3,Marketing Manager,https://ikman.lk/en/ad/marketing-manager-colombo-431,,54 days,"Marketing Manager|Touch of Gold Lanka Pvt ltd|MEMBER|Colombo, Digital Marketing|54 days"
Digital MarketingÂ,3,Content Creator - Male,https://ikman.lk/en/ad/content-creator-male-colombo-2,"Rs 90,000 - 100,000",55 days,"Content Creator - Male|Lyceum Global Holdings (Private) Limited|Rs 90,000 - 100,000|MEMBER|Colombo, Digital Marketing|55 days"
Digital MarketingÂ,3,Digital Marketing Manager,https://ikman.lk/en/ad/digital-marketing-manager-gampaha,"Rs 40,000",57 days,"Digital Marketing Manager|Lvgtp campus|Rs 40,000|Gampaha, Digital Marketing|57 days"
Digital MarketingÂ,3,Graphic Designer,https://ikman.lk/en/ad/graphic-designer-colombo-3374,,57 days,"Graphic Designer|Global HR Solutions (Pvt) Ltd|MEMBER|Colombo, Digital Marketing|57 days"
Digital MarketingÂ,3,Digital Marketing Executive,https://ikman.lk/en/ad/digital-marketing-executive-colombo-422,,57 days,"Digital Marketing Executive|Global HR Solutions (Pvt) Ltd|MEMBER|Colombo, Digital Marketing|57 days"
Digital MarketingÂ,3,Digital Marketing Executive,https://ikman.lk/en/ad/digital-marketing-vacancy-kurunegala,,58 days,"Digital Marketing Executive|megamarks|Kurunegala, Digital Marketing|58 days"
Security and MilitaryÂ,1,à·à¶à¶ à·à¶»à¶ à¶±à·à·à¶°à·à¶»à· - à¶à·à¶»à·à¶«à·à¶à¶½,https://ikman.lk/en/ad/sncaark-nilldhaarii-kurunnaaegl-kurunegala,"Rs 75,000 - 90,000",16 hours,"à·à¶à¶ à·à¶»à¶ à¶±à·à·à¶°à·à¶»à· - à¶à·à¶»à·à¶«à·à¶à¶½|Crown Royal Security|Rs 75,000 - 90,000|MEMBER|Kurunegala, Security and Military|16 hours"
Security and MilitaryÂ,1,à¶»à·à¶­à·âà¶»à· à¶à¶»à¶à·à·à¶ à¶±à·à¶½à¶°à·à¶»à·,https://ikman.lk/en/ad/raatrii-aarkssk-nildhaarii-colombo,,17 hours,"à¶»à·à¶­à·âà¶»à· à¶à¶»à¶à·à·à¶ à¶±à·à¶½à¶°à·à¶»à·|icanmall|Colombo, Security and Military|17 hours"
Security and MilitaryÂ,1,à¶à¶»à¶à·à·à¶ à¶±à·à·à¶°à·à¶»à·à¶±à·,https://ikman.lk/en/ad/aarkssk-nilldhaariin-colombo,"Rs 80,000 - 90,000",5 days,"à¶à¶»à¶à·à·à¶ à¶±à·à·à¶°à·à¶»à·à¶±à·|Lyceum Global Holdings (Private) Limited|Rs 80,000 - 90,000|MEMBER|Colombo, Security and Military|5 days"
Security and MilitaryÂ,1,Security Personnel,https://ikman.lk/en/ad/security-personnel-colombo-1,,8 days,"Security Personnel|Penguin Toys & Novelties (Pvt)Ltd|MEMBER|Colombo, Security and Military|8 days"
Security and MilitaryÂ,1,Security Peliyagoda,https://ikman.lk/en/ad/security-peliyagoda-gampaha,,9 days,"Security Peliyagoda|Private poster|Gampaha, Security and Military|9 days"
Security and MilitaryÂ,1,Security Officer,https://ikman.lk/en/ad/security-officer-kandy-13,,9 days,"Security Officer|Dynasty Residence Kandy|MEMBER|Kandy, Security and Military|9 days"
Security and MilitaryÂ,1,Security Officer,https://ikman.lk/en/ad/aarkssk-nildhaarii-tntur-security-staff-sndhaa-aebaaertu-colombo,"Rs 75,000 - 80,000",9 days,"Security Officer|Colombo Institute of Research and Psychology|Rs 75,000 - 80,000|Colombo, Security and Military|9 days"
Security and MilitaryÂ,1,Security (Day),https://ikman.lk/en/ad/security-day-gampaha-1,,10 days,"Security (Day)|GEHANSA IMPORT & DISTRIBUTORS|MEMBER|Gampaha, Security and Military|10 days"
Security and MilitaryÂ,1,Security Officer,https://ikman.lk/en/ad/security-officer-colombo-268,,12 days,"Security Officer|Private Poster|Colombo, Security and Military|12 days"
Security and MilitaryÂ,1,à¶à¶»à¶à·à·à¶ à¶±à·à·à¶°à·à¶»à·à¶±à·à¶ºà¶±à·- à¶à¶½à·à¶à·à·à·à·,https://ikman.lk/en/ad/aarkssk-nilldhaariniyn-glkiss-colombo,,12 days,"à¶à¶»à¶à·à·à¶ à¶±à·à·à¶°à·à¶»à·à¶±à·à¶ºà¶±à·- à¶à¶½à·à¶à·à·à·à·|Lyceum Global Holdings|MEMBER|Colombo, Security and Military|12 days"
Security and MilitaryÂ,1,à¶à¶»à¶à·à·à¶ à¶±à·à·à¶°à·à¶»à·à¶ºà·à¶à·- à¶à¶½à·à¶à·à·à·à·,https://ikman.lk/en/ad/aarkssk-nilldhaariyeku-glkiss-colombo,"Rs 80,000 - 90,000",12 days,"à¶à¶»à¶à·à·à¶ à¶±à·à·à¶°à·à¶»à·à¶ºà·à¶à·- à¶à¶½à·à¶à·à·à·à·|LGH...|Rs 80,000 - 90,000|MEMBER|Colombo, Security and Military|12 days"
Security and MilitaryÂ,1,Security(Day),https://ikman.lk/en/ad/securityday-gampaha,,12 days,"Security(Day)|GEHANSA IMPORT & DISTRIBUTORS|MEMBER|Gampaha, Security and Military|12 days"
Security and MilitaryÂ,1,Security Officer - Male & Female,https://ikman.lk/en/ad/security-officer-male-and-female-colombo,,12 days,"Security Officer - Male & Female|The Prasad Fashion Square|MEMBER|Colombo, Security and Military|12 days"
Security and MilitaryÂ,1,à¶à¶»à¶à·à·à¶ à¶±à·à·à¶°à·à¶»à· à¶»à·à¶à·à¶ºà· - à¶à¶½à·à¶à·à·à·à·,https://ikman.lk/en/ad/aarkssk-nilldhaarii-raekiyaa-glkiss-colombo,,13 days,"à¶à¶»à¶à·à·à¶ à¶±à·à·à¶°à·à¶»à· à¶»à·à¶à·à¶ºà· - à¶à¶½à·à¶à·à·à·à·|Lyceum Global Holdings (Private) Limited|MEMBER|Colombo, Security and Military|13 days"
Security and MilitaryÂ,1,à¶à¶»à¶à·à·à¶ à¶±à·à·à¶°à·à¶»à·à¶±à· à¶»à·à¶à·à¶ºà· - à¶à¶½à·à¶à·à·à·à·,https://ikman.lk/en/ad/aarkssk-nilldhaariini-raekiyaa-glkiss-colombo,,13 days,"à¶à¶»à¶à·à·à¶ à¶±à·à·à¶°à·à¶»à·à¶±à· à¶»à·à¶à·à¶ºà· - à¶à¶½à·à¶à·à·à·à·|Lyceum Global Holdings|MEMBER|Colombo, Security and Military|13 days"
Security and MilitaryÂ,1,à¶à¶»à¶à·à·à¶ à¶±à·à¶½à¶°à·à¶»à·à¶±à· / à¶±à·à¶½à¶°à·à¶»à·à¶±à·à¶ºà¶±à·,https://ikman.lk/en/ad/aarkssk-nildhaariin-nildhaariniyn-colombo-3,,13 days,"à¶à¶»à¶à·à·à¶ à¶±à·à¶½à¶°à·à¶»à·à¶±à· / à¶±à·à¶½à¶°à·à¶»à·à¶±à·à¶ºà¶±à·|Kandy Dehiwala|MEMBER|Colombo, Security and Military|13 days"
Security and MilitaryÂ,1,à¶à¶»à¶à·à·à¶ à¶±à·à¶½à¶°à·à¶»à·à¶±à· / à¶±à·à¶½à¶°à·à¶»à·à¶±à·à¶ºà¶±à·,https://ikman.lk/en/ad/aarkssk-nildhaariin-nildhaariniyn-colombo-2,,13 days,"à¶à¶»à¶à·à·à¶ à¶±à·à¶½à¶°à·à¶»à·à¶±à· / à¶±à·à¶½à¶°à·à¶»à·à¶±à·à¶ºà¶±à·|Kandy Dehiwala|MEMBER|Colombo, Security and Military|13 days"
Security and MilitaryÂ,1,à¶à¶»à¶à·à·à¶ à¶±à·à·à¶°à·à¶»à· - à¶´à·à¶»à·à¶¸à·,https://ikman.lk/en/ad/aarkssk-nilldhaarii-pirimi-gampaha-1,"Rs 60,000 - 70,000",13 days,"à¶à¶»à¶à·à·à¶ à¶±à·à·à¶°à·à¶»à· - à¶´à·à¶»à·à¶¸à·|Vandalous Bay Hotel Supplies|Rs 60,000 - 70,000|MEMBER|Gampaha, Security and Military|13 days"
Security and MilitaryÂ,1,à¶à·à· à¶à¶»à¶à·à·à¶ à¶±à·à¶½à¶°à·à¶»à·à¶±à· (ARMED GUARD) â à¶¸à·à¶»à¶à¶¸,https://ikman.lk/en/ad/avi-aarkssk-nildhaariin-armed-guard-mhrgm-colombo,"Rs 65,000 - 75,000",16 days,"à¶à·à· à¶à¶»à¶à·à·à¶ à¶±à·à¶½à¶°à·à¶»à·à¶±à· (ARMED GUARD) â à¶¸à·à¶»à¶à¶¸|Crown Royal Security|Rs 65,000 - 75,000|MEMBER|Colombo, Security and Military|16 days"
Security and MilitaryÂ,1,à¶à¶»à¶à·à·à¶ à¶±à·à¶½à¶°à·à¶»à·à¶±à· / à¶±à·à¶½à¶°à·à¶»à·à¶±à·à¶ºà¶±à·,https://ikman.lk/en/ad/aarkssk-nildhaariin-nildhaariniyn-colombo-1,,16 days,"à¶à¶»à¶à·à·à¶ à¶±à·à¶½à¶°à·à¶»à·à¶±à· / à¶±à·à¶½à¶°à·à¶»à·à¶±à·à¶ºà¶±à·|Kandy Selection - Nugegoda|MEMBER|Colombo, Security and Military|16 days"
Security and MilitaryÂ,1,Security Officer,https://ikman.lk/en/ad/security-officer-gampaha-50,,18 days,"Security Officer|Laksela Super Trade Centre|MEMBER|Gampaha, Security and Military|18 days"
Security and MilitaryÂ,1,à¶à¶»à¶à·à·à¶ à¶±à·à·à¶°à·à¶»à· à¶»à·à¶à·à¶ºà· - à¶´à·à¶´à·à¶½à·à¶ºà·à¶±,https://ikman.lk/en/ad/aarkssk-nilldhaarii-raekiyaa-paepiliyaan-colombo,,20 days,"à¶à¶»à¶à·à·à¶ à¶±à·à·à¶°à·à¶»à· à¶»à·à¶à·à¶ºà· - à¶´à·à¶´à·à¶½à·à¶ºà·à¶±|Lyceum Global Holdings (Private) Limited|MEMBER|Colombo, Security and Military|20 days"
Security and MilitaryÂ,1,SECURITY (DAY),https://ikman.lk/en/ad/security-day-gampaha,,20 days,"SECURITY (DAY)|GEHANSA IMPORT & DISTRIBUTORS|MEMBER|Gampaha, Security and Military|20 days"
Security and MilitaryÂ,1,CCTV Monitoring,https://ikman.lk/en/ad/cctv-monitoring-colombo-1,,22 days,"CCTV Monitoring|Sumathi Holdings (Pvt) Ltd|MEMBER|Colombo, Security and Military|22 days"
Security and MilitaryÂ,1,à¶à¶»à¶à·à·à¶ à¶±à·à·à¶°à·à¶»à· - à¶´à·à¶»à·à¶¸à·,https://ikman.lk/en/ad/aarkssk-nilldhaarii-pirimi-colombo,"Rs 80,000 - 90,000",27 days,"à¶à¶»à¶à·à·à¶ à¶±à·à·à¶°à·à¶»à· - à¶´à·à¶»à·à¶¸à·|NCG Express (Privite) Limited|Rs 80,000 - 90,000|MEMBER|Colombo, Security and Military|27 days"
Security and MilitaryÂ,2,à¶à¶»à¶à·à·à¶ à¶±à·à·à¶°à·à¶»à· - à¶´à·à¶»à·à¶¸à·,https://ikman.lk/en/ad/aarkssk-nilldhaarii-pirimi-colombo,"Rs 80,000 - 90,000",27 days,"à¶à¶»à¶à·à·à¶ à¶±à·à·à¶°à·à¶»à· - à¶´à·à¶»à·à¶¸à·|NCG Express (Privite) Limited|Rs 80,000 - 90,000|MEMBER|Colombo, Security and Military|27 days"
Security and MilitaryÂ,2,Security Officer,https://ikman.lk/en/ad/security-officer-matara-6,"Rs 45,000 - 55,000",27 days,"Security Officer|Boutique Villa Bougainvillea|Rs 45,000 - 55,000|Matara, Security and Military|27 days"
Security and MilitaryÂ,2,à¶à¶»à¶à·à·à¶ à¶±à·à¶½à¶°à·à¶»à·à¶±à· / à¶±à·à¶½à¶°à·à¶»à·à¶±à·à¶ºà¶±à·,https://ikman.lk/en/ad/aarkssk-nildhaariin-nildhaariniyn-colombo,,27 days,"à¶à¶»à¶à·à·à¶ à¶±à·à¶½à¶°à·à¶»à·à¶±à· / à¶±à·à¶½à¶°à·à¶»à·à¶±à·à¶ºà¶±à·|Kandy Selection - Nugegoda|MEMBER|Colombo, Security and Military|27 days"
Security and MilitaryÂ,2,Security Officers,https://ikman.lk/en/ad/security-officers-kandy,"Rs 50,000 - 60,000",27 days,"Security Officers|Dynasty Residence Kandy|Rs 50,000 - 60,000|MEMBER|Kandy, Security and Military|27 days"
Security and MilitaryÂ,2,à¶à¶»à¶à·à·à¶ à¶±à·à·à¶°à·à¶»à· -à¶à·à¶»à·à¶«à·à¶à¶½,https://ikman.lk/en/ad/aarkssk-nilldhaarii-kurunnaaegl-kurunegala,"Rs 60,000 - 75,000",30 days,"à¶à¶»à¶à·à·à¶ à¶±à·à·à¶°à·à¶»à· -à¶à·à¶»à·à¶«à·à¶à¶½|Lyceum Global Holdings (Private) Limited|Rs 60,000 - 75,000|MEMBER|Kurunegala, Security and Military|30 days"
Security and MilitaryÂ,2,à¶à¶»à¶à·à·à¶ à¶±à·à·à¶°à·à¶»à· - à¶´à·à¶±à¶¯à·à¶»,https://ikman.lk/en/ad/aarkssk-nilldhaarii-paandur-kalutara-1,"Rs 60,000 - 70,000",30 days,"à¶à¶»à¶à·à·à¶ à¶±à·à·à¶°à·à¶»à· - à¶´à·à¶±à¶¯à·à¶»|Lyceum Global Holdings (Private) Limited|Rs 60,000 - 70,000|MEMBER|Kalutara, Security and Military|30 days"
Security and MilitaryÂ,2,à¶à¶»à¶à·à·à¶ à¶±à·à·à¶°à·à¶»à· - à·à¶­à·à¶­à¶½,https://ikman.lk/en/ad/aarkssk-nilldhaarii-vttl-gampaha-1,"Rs 60,000 - 70,000",30 days,"à¶à¶»à¶à·à·à¶ à¶±à·à·à¶°à·à¶»à· - à·à¶­à·à¶­à¶½|Lyceum Global Holdings (Private) Limited|Rs 60,000 - 70,000|MEMBER|Gampaha, Security and Military|30 days"
Security and MilitaryÂ,2,à¶à¶»à¶à·à·à¶ à¶±à·à·à¶°à·à¶»à· - à¶±à·à¶à·à¶à·à¶©,https://ikman.lk/en/ad/aarkssk-nilldhaarii-nugeegodd-colombo,,30 days,"à¶à¶»à¶à·à·à¶ à¶±à·à·à¶°à·à¶»à· - à¶±à·à¶à·à¶à·à¶©|Lyceum Global Holdings (Private) Limited|MEMBER|Colombo, Security and Military|30 days"
Security and MilitaryÂ,2,à¶à¶«à·à·à·à¶§ à¶à¶»à¶à·à·à¶ à¶±à·à¶½à¶°à·à¶»à·à¶±à· (à¶¯à·à·à· à¶à·à¶½à¶ºà· à¶»à·à¶¢à¶à·à¶»à·à¶º à¶´à¶¸à¶«à·) â à¶à·à·à¶¹ 07,https://ikman.lk/en/ad/knnisstt-aarkssk-nildhaariin-divaa-kaalyee-raajkaariy-pmnni-kollmb-07-colombo,"Rs 55,000 - 60,000",30 days,"à¶à¶«à·à·à·à¶§ à¶à¶»à¶à·à·à¶ à¶±à·à¶½à¶°à·à¶»à·à¶±à· (à¶¯à·à·à· à¶à·à¶½à¶ºà· à¶»à·à¶¢à¶à·à¶»à·à¶º à¶´à¶¸à¶«à·) â à¶à·à·à¶¹ 07|Crown Royal Security|Rs 55,000 - 60,000|MEMBER|Colombo, Security and Military|30 days"
Security and MilitaryÂ,2,à¶à·à¶±à·à¶­à· à¶à¶»à¶à·à·à¶ à¶±à·à¶½à¶°à·à¶»à·à¶±à· (LSO) â à¶à·à·à¶¹ 07,https://ikman.lk/en/ad/kaantaa-aarkssk-nildhaariin-lso-kollmb-07-colombo,"Rs 40,000 - 50,000",30 days,"à¶à·à¶±à·à¶­à· à¶à¶»à¶à·à·à¶ à¶±à·à¶½à¶°à·à¶»à·à¶±à· (LSO) â à¶à·à·à¶¹ 07|Crown Royal Security|Rs 40,000 - 50,000|MEMBER|Colombo, Security and Military|30 days"
Security and MilitaryÂ,2,Doorman,https://ikman.lk/en/ad/doorman-colombo-2,,34 days,"Doorman|Ninewells Hospital (Pvt) Ltd|MEMBER|Colombo, Security and Military|34 days"
Security and MilitaryÂ,2,Security Officer,https://ikman.lk/en/ad/security-officer-for-hire-in-ambathale-delgoda-and-kirulapone-colombo,"Rs 60,000 - 65,000",35 days,"Security Officer|Polydime Plastics Industries Pvt Ltd.|Rs 60,000 - 65,000|Colombo, Security and Military|35 days"
Security and MilitaryÂ,2,Inventory Handling Officer - à¶à¶»à¶à·à·à¶ à¶±à·à¶½à¶°à·à¶»à· à·à· à¶±à·à¶½à¶°à·à¶»à·à¶±à· (EX ARMY ),https://ikman.lk/en/ad/inventory-handling-officer-aarkssk-nildhaarii-hoo-nildhaariini-ex-army-colombo,,35 days,"Inventory Handling Officer - à¶à¶»à¶à·à·à¶ à¶±à·à¶½à¶°à·à¶»à· à·à· à¶±à·à¶½à¶°à·à¶»à·à¶±à· (EX ARMY )|Dinapala Group|MEMBER|Colombo, Security and Military|35 days"
Security and MilitaryÂ,2,Security Officer,https://ikman.lk/en/ad/security-officer-colombo-266,,39 days,"Security Officer|C amarasuriya|Colombo, Security and Military|39 days"
Security and MilitaryÂ,2,Inventory Handling Officer - Nugegoda,https://ikman.lk/en/ad/inventory-handling-officer-nugegoda-colombo-1,,40 days,"Inventory Handling Officer - Nugegoda|Dinapala Group|MEMBER|Colombo, Security and Military|40 days"
Security and MilitaryÂ,2,à¶à¶»à¶à·à·à¶ à¶±à·à·à¶°à· à¶»à·,https://ikman.lk/en/ad/aarkssk-nilldhaa-rii-colombo,"Rs 80,000 - 90,000",41 days,"à¶à¶»à¶à·à·à¶ à¶±à·à·à¶°à· à¶»à·|Lyceum Global Holdings (Private) Limited|Rs 80,000 - 90,000|MEMBER|Colombo, Security and Military|41 days"
Security and MilitaryÂ,2,Security Officer,https://ikman.lk/en/ad/security-officer-colombo-265,"Rs 80,000 - 90,000",42 days,"Security Officer|Lyceum Global Holdings (Private) Limited|Rs 80,000 - 90,000|MEMBER|Colombo, Security and Military|42 days"
Security and MilitaryÂ,2,Security Officer,https://ikman.lk/en/ad/security-officer-kurunegala-6,"Rs 80,000 - 90,000",42 days,"Security Officer|Lyceum Global Holdings (Private) Limited|Rs 80,000 - 90,000|MEMBER|Kurunegala, Security and Military|42 days"
Security and MilitaryÂ,2,à¶à¶»à¶à·à·à¶ à¶±à·à·à¶°à·à¶»à· - à¶à¶±à·à¶»à·à¶°à¶´à·à¶»,https://ikman.lk/en/ad/aarkssk-nilldhaarii-anuraadhpur-anuradhapura,"Rs 80,000 - 90,000",42 days,"à¶à¶»à¶à·à·à¶ à¶±à·à·à¶°à·à¶»à· - à¶à¶±à·à¶»à·à¶°à¶´à·à¶»|Lyceum Global Holdings (Private) Limited|Rs 80,000 - 90,000|MEMBER|Anuradhapura, Security and Military|42 days"
Security and MilitaryÂ,2,Clerk Cum Lady Security Officer (LSO) - Matara,https://ikman.lk/en/ad/clerk-cum-lady-security-officer-lso-matara-matara-2,,42 days,"FEATURED|Clerk Cum Lady Security Officer (LSO) - Matara|C. P. Lanka Placements|AUTH AGENT|Matara, Security and Military|42 days"
Security and MilitaryÂ,2,à¶à¶»à¶à·à·à¶ à¶±à·à·à¶°à·à¶»à·,https://ikman.lk/en/ad/aarkssk-nilldhaarii-kurunegala-1,"Rs 75,000 - 80,000",43 days,"à¶à¶»à¶à·à·à¶ à¶±à·à·à¶°à·à¶»à·|Withheld|Rs 75,000 - 80,000|Kurunegala, Security and Military|43 days"
Security and MilitaryÂ,2,Security Officer - Control Car Park,https://ikman.lk/en/ad/security-officer-control-car-park-gampaha,,48 days,"Security Officer - Control Car Park|Colins Food Corner|MEMBER|Gampaha, Security and Military|48 days"
Security and MilitaryÂ,2,à¶à¶»à¶à·à·à¶ à¶±à·à·à¶°à·à¶»à·à¶±à· à¶à¶©à·à¶±à¶¸à·à¶±à· à¶¶à¶¯à·à·à¶à¶±à· à¶½à·à¶¶à·.,https://ikman.lk/en/ad/aarkssk-nilldhaariin-kddinmin-bdvaagnu-laebee-colombo-1,,48 days,"à¶à¶»à¶à·à·à¶ à¶±à·à·à¶°à·à¶»à·à¶±à· à¶à¶©à·à¶±à¶¸à·à¶±à· à¶¶à¶¯à·à·à¶à¶±à· à¶½à·à¶¶à·.|Hameedia Stores (pvt) ltd|MEMBER|Colombo, Security and Military|48 days"
Security and MilitaryÂ,2,à®ªà®¾à®¤à¯à®à®¾à®ªà¯à®ªà¯ à®à®¤à¯à®¤à®¿à®¯à¯à®à®¤à¯à®¤à®°à¯ - à®¯à®¾à®´à¯à®ªà¯à®ªà®¾à®£à®®à¯,https://ikman.lk/en/ad/paatukaappu-uttiyookttr-yaalllppaannm-jaffna-1,,48 days,"à®ªà®¾à®¤à¯à®à®¾à®ªà¯à®ªà¯ à®à®¤à¯à®¤à®¿à®¯à¯à®à®¤à¯à®¤à®°à¯ - à®¯à®¾à®´à¯à®ªà¯à®ªà®¾à®£à®®à¯|Green Memorial Hospital|MEMBER|Jaffna, Security and Military|48 days"
Security and MilitaryÂ,2,Security Officer,https://ikman.lk/en/ad/security-officer-colombo-264,"Rs 80,000 - 90,000",49 days,"Security Officer|Lyceum Global Holdings (Private) Limited|Rs 80,000 - 90,000|MEMBER|Colombo, Security and Military|49 days"
Security and MilitaryÂ,3,Security Officer,https://ikman.lk/en/ad/security-need-in-kahathuduwa-colombo,"Rs 70,000 - 80,000",49 days,"Security Officer|Duminda Enterprises  INT'L (Pvt) Ltd|Rs 70,000 - 80,000|Colombo, Security and Military|49 days"
Security and MilitaryÂ,3,Night Security Guard,https://ikman.lk/en/ad/night-security-guard-galle,,49 days,"Night Security Guard|Rockwall Boutique Hotel , Induruwa, Bentota|Galle, Security and Military|49 days"
Security and MilitaryÂ,3,à¶à¶»à¶à·à·à¶ à¶±à·à·à¶°à·à¶»à· - à·à¶­à·à¶­à¶½,https://ikman.lk/en/ad/aarkssk-nilldhaarii-vttl-gampaha,"Rs 80,000 - 90,000",51 days,"à¶à¶»à¶à·à·à¶ à¶±à·à·à¶°à·à¶»à· - à·à¶­à·à¶­à¶½|Lyceum International School - Wattala|Rs 80,000 - 90,000|MEMBER|Gampaha, Security and Military|51 days"
Security and MilitaryÂ,3,à¶à¶»à¶à·à·à¶ à¶±à·à·à¶°à·à¶»à·,https://ikman.lk/en/ad/aarkssk-nilldhaarii-colombo-6,"Rs 80,000 - 90,000",51 days,"à¶à¶»à¶à·à·à¶ à¶±à·à·à¶°à·à¶»à·|Lyceum Global Holdings (Private) Limited|Rs 80,000 - 90,000|MEMBER|Colombo, Security and Military|51 days"
Security and MilitaryÂ,3,Security officer - Piliyandala,https://ikman.lk/en/ad/security-officer-piliyandala-colombo,,53 days,"Security officer - Piliyandala|private poster|Colombo, Security and Military|53 days"
Security and MilitaryÂ,3,à¶à·à¶±à·à¶­à· à¶à¶»à¶à·à·à¶ à¶±à·à¶½à¶°à·à¶»à·à¶±à·à¶ºà¶±à·,https://ikman.lk/en/ad/kaantaa-aarkssk-nildhaariniyn-colombo,"Rs 45,000 - 55,000",55 days,"à¶à·à¶±à·à¶­à· à¶à¶»à¶à·à·à¶ à¶±à·à¶½à¶°à·à¶»à·à¶±à·à¶ºà¶±à·|Lyceum Global Holdings (Private) Limited|Rs 45,000 - 55,000|MEMBER|Colombo, Security and Military|55 days"
Security and MilitaryÂ,3,à®ªà®¾à®¤à¯à®à®¾à®ªà¯à®ªà¯ à®à®¤à¯à®¤à®¿à®¯à¯à®à®¤à¯à®¤à®°à¯ - à®¯à®¾à®´à¯à®ªà¯à®ªà®¾à®£à®®à¯,https://ikman.lk/en/ad/paatukaappu-uttiyookttr-yaalllppaannm-jaffna,,56 days,"à®ªà®¾à®¤à¯à®à®¾à®ªà¯à®ªà¯ à®à®¤à¯à®¤à®¿à®¯à¯à®à®¤à¯à®¤à®°à¯ - à®¯à®¾à®´à¯à®ªà¯à®ªà®¾à®£à®®à¯|Pharmacy|MEMBER|Jaffna, Security and Military|56 days"
Security and MilitaryÂ,3,Security Officer - Rajagiriya,https://ikman.lk/en/ad/security-officer-rajagiriya-colombo,,57 days,"Security Officer - Rajagiriya|Lassana Flora|Colombo, Security and Military|57 days"
Security and MilitaryÂ,3,à¶à¶»à¶à·à·à¶ à¶±à·à·à¶°à·à¶»à·,https://ikman.lk/en/ad/aarkssk-nilldhaarii-gampaha,"Rs 80,000 - 90,000",57 days,"à¶à¶»à¶à·à·à¶ à¶±à·à·à¶°à·à¶»à·|Lyceum International School - Wattala|Rs 80,000 - 90,000|MEMBER|Gampaha, Security and Military|57 days"
Security and MilitaryÂ,3,à¶à¶»à¶à·à·à¶ à¶±à·à·à¶°à·à¶»à·,https://ikman.lk/en/ad/aarkssk-nilldhaarii-colombo-5,"Rs 80,000 - 90,000",57 days,"à¶à¶»à¶à·à·à¶ à¶±à·à·à¶°à·à¶»à·|Lyceum International School - Nugegoda|Rs 80,000 - 90,000|MEMBER|Colombo, Security and Military|57 days"
EngineeringÂ,1,Assistant Engineer,https://ikman.lk/en/ad/quantity-surveyor-gampaha,,1 day,"Assistant Engineer|BUILD TECH LANKA PVT LTD|Gampaha, Engineering|1 day"
EngineeringÂ,1,Civil Site Engineer,https://ikman.lk/en/ad/civil-site-engineer-vavuniya,,2 days,"Civil Site Engineer|Private company|MEMBER|Vavuniya, Engineering|2 days"
EngineeringÂ,1,Engineering Assistant â Colombo 5,https://ikman.lk/en/ad/engineering-assistant-colombo-5-colombo,,5 days,"Engineering Assistant â Colombo 5|Maga Engineering Pvt Ltd|MEMBER|Colombo, Engineering|5 days"
EngineeringÂ,1,Engineering Assistant â Colombo 5,https://ikman.lk/en/ad/engineering-assistant-colombo-5-colombo-1,,5 days,"Engineering Assistant â Colombo 5|Maga Engineering Pvt Ltd|MEMBER|Colombo, Engineering|5 days"
EngineeringÂ,1,Engineering Assistant â Colombo 5,https://ikman.lk/en/ad/engineering-assistant-colombo-5-badulla,,5 days,"Engineering Assistant â Colombo 5|Maga Engineering Pvt Ltd|MEMBER|Badulla, Engineering|5 days"
EngineeringÂ,1,Engineering Assistant â Colombo 5,https://ikman.lk/en/ad/engineering-assistant-colombo-5-kandy,,5 days,"Engineering Assistant â Colombo 5|Maga Engineering Pvt Ltd|MEMBER|Kandy, Engineering|5 days"
EngineeringÂ,1,Engineering Assistant â Colombo 5,https://ikman.lk/en/ad/engineering-assistant-colombo-5-galle,,5 days,"Engineering Assistant â Colombo 5|Maga Engineering Pvt Ltd|MEMBER|Galle, Engineering|5 days"
EngineeringÂ,1,Engineering Assistant â Colombo 5,https://ikman.lk/en/ad/engineering-assistant-colombo-5-ampara,,5 days,"Engineering Assistant â Colombo 5|Maga Engineering Pvt Ltd|MEMBER|Ampara, Engineering|5 days"
EngineeringÂ,1,Engineering Assistant â Colombo 5,https://ikman.lk/en/ad/engineering-assistant-colombo-5-anuradhapura,,5 days,"Engineering Assistant â Colombo 5|Maga Engineering Pvt Ltd|MEMBER|Anuradhapura, Engineering|5 days"
EngineeringÂ,1,Engineering Assistant â Colombo 5,https://ikman.lk/en/ad/engineering-assistant-colombo-5-gampaha,,5 days,"Engineering Assistant â Colombo 5|Maga Engineering Pvt Ltd|MEMBER|Gampaha, Engineering|5 days"
EngineeringÂ,1,Engineering Assistant â Colombo 5,https://ikman.lk/en/ad/engineering-assistant-colombo-5-batticaloa,,5 days,"Engineering Assistant â Colombo 5|Maga Engineering Pvt Ltd|MEMBER|Batticaloa, Engineering|5 days"
EngineeringÂ,1,Engineering Assistant â Colombo 5,https://ikman.lk/en/ad/engineering-assistant-colombo-5-kalutara,,5 days,"Engineering Assistant â Colombo 5|Maga Engineering Pvt Ltd|MEMBER|Kalutara, Engineering|5 days"
EngineeringÂ,1,Engineering Assistant â Colombo 5,https://ikman.lk/en/ad/engineering-assistant-colombo-5-hambantota,,5 days,"Engineering Assistant â Colombo 5|Maga Engineering Pvt Ltd|MEMBER|Hambantota, Engineering|5 days"
EngineeringÂ,1,Engineering Assistant â Colombo 5,https://ikman.lk/en/ad/engineering-assistant-colombo-5-jaffna,,5 days,"Engineering Assistant â Colombo 5|Maga Engineering Pvt Ltd|MEMBER|Jaffna, Engineering|5 days"
EngineeringÂ,1,Engineering Assistant â Colombo 5,https://ikman.lk/en/ad/engineering-assistant-colombo-5-kurunegala,,5 days,"Engineering Assistant â Colombo 5|Maga Engineering Pvt Ltd|MEMBER|Kurunegala, Engineering|5 days"
EngineeringÂ,1,Engineering Assistant â Colombo 5,https://ikman.lk/en/ad/engineering-assistant-colombo-5-kegalle,,5 days,"Engineering Assistant â Colombo 5|Maga Engineering Pvt Ltd|MEMBER|Kegalle, Engineering|5 days"
EngineeringÂ,1,Engineering Assistant â Colombo 5,https://ikman.lk/en/ad/engineering-assistant-colombo-5-kilinochchi,,5 days,"Engineering Assistant â Colombo 5|Maga Engineering Pvt Ltd|MEMBER|Kilinochchi, Engineering|5 days"
EngineeringÂ,1,Engineering Assistant â Colombo 5,https://ikman.lk/en/ad/engineering-assistant-colombo-5-monaragala,,5 days,"Engineering Assistant â Colombo 5|Maga Engineering Pvt Ltd|MEMBER|Monaragala, Engineering|5 days"
EngineeringÂ,1,Engineering Assistant â Colombo 5,https://ikman.lk/en/ad/engineering-assistant-colombo-5-matale,,5 days,"Engineering Assistant â Colombo 5|Maga Engineering Pvt Ltd|MEMBER|Matale, Engineering|5 days"
EngineeringÂ,1,Engineering Assistant â Colombo 5,https://ikman.lk/en/ad/engineering-assistant-colombo-5-matara,,5 days,"Engineering Assistant â Colombo 5|Maga Engineering Pvt Ltd|MEMBER|Matara, Engineering|5 days"
EngineeringÂ,1,Engineering Assistant â Colombo 5,https://ikman.lk/en/ad/engineering-assistant-colombo-5-nuwara-eliya,,5 days,"Engineering Assistant â Colombo 5|Maga Engineering Pvt Ltd|MEMBER|Nuwara Eliya, Engineering|5 days"
EngineeringÂ,1,Engineering Assistant â Colombo 5,https://ikman.lk/en/ad/engineering-assistant-colombo-5-polonnaruwa,,5 days,"Engineering Assistant â Colombo 5|Maga Engineering Pvt Ltd|MEMBER|Polonnaruwa, Engineering|5 days"
EngineeringÂ,1,Trainee Electronic Engineer - Solutions,https://ikman.lk/en/ad/trainee-electronic-engineer-solutions-matara,,6 days,"Trainee Electronic Engineer - Solutions|ICONIC DEVICES PVT LTD|MEMBER|Matara, Engineering|6 days"
EngineeringÂ,1,Civil Engineering Intern - Biyagama,https://ikman.lk/en/ad/civil-engineering-intern-biyagama-gampaha,,11 days,"Civil Engineering Intern - Biyagama|Ocean Lanka (Pvt) Ltd|MEMBER|Gampaha, Engineering|11 days"
EngineeringÂ,1,Civil Engineering Intern - Biyagama,https://ikman.lk/en/ad/civil-engineering-intern-biyagama-colombo,,11 days,"Civil Engineering Intern - Biyagama|Ocean Lanka (Pvt) Ltd|MEMBER|Colombo, Engineering|11 days"
EngineeringÂ,2,Civil Engineering Intern - Biyagama,https://ikman.lk/en/ad/civil-engineering-intern-biyagama-kalutara,,11 days,"Civil Engineering Intern - Biyagama|Ocean Lanka (Pvt) Ltd|MEMBER|Kalutara, Engineering|11 days"
EngineeringÂ,2,Manager â Solar Engineering,https://ikman.lk/en/ad/manager-solar-engineering-colombo,,11 days,"FEATURED|Manager â Solar Engineering|Abans Electricals PLC|AUTH AGENT|Colombo, Engineering|11 days"
EngineeringÂ,2,Electrical Engineer / Assistant â Solar Engineering,https://ikman.lk/en/ad/electrical-engineer-assistant-solar-engineering-colombo,,11 days,"FEATURED|Electrical Engineer / Assistant â Solar Engineering|Abans Electricals PLC|AUTH AGENT|Colombo, Engineering|11 days"
EngineeringÂ,2,Site Engineer,https://ikman.lk/en/ad/site-engineer-colombo-59,"Rs 75,000 - 200,000",13 days,"Site Engineer|Meezan engineering|Rs 75,000 - 200,000|Colombo, Engineering|13 days"
EngineeringÂ,2,Assistant Site Engineer - Nugegoda,https://ikman.lk/en/ad/assistant-site-engineer-nugegoda-colombo-1,,14 days,"Assistant Site Engineer - Nugegoda|Lyceum Global Holdings (Private) Limited|MEMBER|Colombo, Engineering|14 days"
EngineeringÂ,2,Mechanical Engineer,https://ikman.lk/en/ad/mechanical-engineer-colombo-9,,16 days,"Mechanical Engineer|Janatha Steel|MEMBER|Colombo, Engineering|16 days"
EngineeringÂ,2,Mechanical Engineer,https://ikman.lk/en/ad/mechanical-engineer-colombo-8,,16 days,"Mechanical Engineer|Janatha Steel|MEMBER|Colombo, Engineering|16 days"
EngineeringÂ,2,à¶à¶à¶¢à·à¶±à·à¶»à·,https://ikman.lk/en/ad/injineeru-colombo,,16 days,"à¶à¶à¶¢à·à¶±à·à¶»à·|Construction Company|MEMBER|Colombo, Engineering|16 days"
EngineeringÂ,2,Electrical Technician,https://ikman.lk/en/ad/electrical-technician-gampaha-7,,17 days,"Electrical Technician|Siyasra Hotel|MEMBER|Gampaha, Engineering|17 days"
EngineeringÂ,2,Qualified Automobile Engineer,https://ikman.lk/en/ad/qualified-automobile-engineer-colombo,,19 days,"Qualified Automobile Engineer|Lecs International Pvt Ltd|Colombo, Engineering|19 days"
EngineeringÂ,2,Civil Engineer - Dehiwala,https://ikman.lk/en/ad/civil-engineer-dehiwala-colombo,,21 days,"Civil Engineer - Dehiwala|Private Company|MEMBER|Colombo, Engineering|21 days"
EngineeringÂ,2,Junior Engineer - Colombo 01,https://ikman.lk/en/ad/junior-engineer-colombo-01-colombo,,26 days,"Junior Engineer - Colombo 01|Global HR Solutions (Pvt) Ltd|MEMBER|Colombo, Engineering|26 days"
EngineeringÂ,2,Junior Engineer,https://ikman.lk/en/ad/junior-engineer-colombo,,26 days,"Junior Engineer|Global HR Solutions (Pvt) Ltd|MEMBER|Colombo, Engineering|26 days"
EngineeringÂ,2,Junior Maintenance Officer,https://ikman.lk/en/ad/junior-maintenance-officer-colombo-2,,28 days,"Junior Maintenance Officer|Metropolitan Technologies (Pvt) Ltd|MEMBER|Colombo, Engineering|28 days"
EngineeringÂ,2,Assistant Electrical Engineer - (Maintenance),https://ikman.lk/en/ad/assistant-electrical-engineer-maintenance-colombo-1,,33 days,"FEATURED|Assistant Electrical Engineer - (Maintenance)|C. P. Lanka Placements|AUTH AGENT|Colombo, Engineering|33 days"
EngineeringÂ,2,Site Coordinator,https://ikman.lk/en/ad/site-coordinator-jaffna-1,,35 days,"Site Coordinator|Private Poster|Jaffna, Engineering|35 days"
EngineeringÂ,2,ASST. DETAILING ENGINEER - JAFFNA,https://ikman.lk/en/ad/asst-detailing-engineer-jaffna-jaffna,,36 days,"ASST. DETAILING ENGINEER - JAFFNA|JAFFNA DRAFTING PVT LTD|MEMBER|Jaffna, Engineering|36 days"
EngineeringÂ,2,Assistant Site Engineer,https://ikman.lk/en/ad/assistant-site-engineer-colombo-1,,42 days,"Assistant Site Engineer|Lyceum Global Holdings (Private) Limited|MEMBER|Colombo, Engineering|42 days"
EngineeringÂ,2,Site Engineers â Colombo 5,https://ikman.lk/en/ad/site-engineers-colombo-5-colombo-1,,42 days,"FEATURED|Site Engineers â Colombo 5|C. P. Lanka Placements|AUTH AGENT|Colombo, Engineering|42 days"
EngineeringÂ,2,Accident Repair Manager,https://ikman.lk/en/ad/accident-repair-manager-colombo,,50 days,"Accident Repair Manager|Euro Motors (Pte) Ltd.|MEMBER|Colombo, Engineering|50 days"
HR and RecruitmentsÂ,1,Human Resources Manager,https://ikman.lk/en/ad/human-resources-manager-colombo-4,"Rs 148,000 - 197,000",,"Human Resources Manager|Lak Artha Tech Pvt Ltd|Rs 148,000 - 197,000|Colombo, HR and Recruitments"
HR and RecruitmentsÂ,1,qManager / Administrative (Female),https://ikman.lk/en/ad/qmanager-administrative-female-colombo,"Rs 70,000 - 100,000",2 hours,"qManager / Administrative (Female)|ecarro global pvt ltd.|Rs 70,000 - 100,000|MEMBER|Colombo, HR and Recruitments|2 hours"
HR and RecruitmentsÂ,1,Human Resources (HR) Manager,https://ikman.lk/en/ad/human-resources-hr-manager-colombo,,3 hours,"Human Resources (HR) Manager|Mitshu Marketing (PVT) Ltd|Colombo, HR and Recruitments|3 hours"
HR and RecruitmentsÂ,1,Assistant HR Manager,https://ikman.lk/en/ad/assistant-hr-manager-colombo-2,"Rs 100,000 - 150,000",7 hours,"Assistant HR Manager|Lanka staff|Rs 100,000 - 150,000|AUTH AGENT|Colombo, HR and Recruitments|7 hours"
HR and RecruitmentsÂ,1,HR Assistant - Kurunegala,https://ikman.lk/en/ad/hr-assistant-kurunegala-kurunegala-10,"Rs 40,000 - 55,000",1 day,"HR Assistant - Kurunegala|HR Assistant|Rs 40,000 - 55,000|MEMBER|Kurunegala, HR and Recruitments|1 day"
HR and RecruitmentsÂ,1,HR Executive (Male| Female) -Kandy|Katugastota,https://ikman.lk/en/ad/hr-executive-male-female-kandykatugastota-kandy,,1 day,"HR Executive (Male| Female) -Kandy|Katugastota|Milky Bakers Confectionary (Pvt)Ltd.|Kandy, HR and Recruitments|1 day"
HR and RecruitmentsÂ,1,HR cum PA - Female,https://ikman.lk/en/ad/hr-cum-pa-female-kalutara-12,,5 days,"HR cum PA - Female|Private Poster|MEMBER|Kalutara, HR and Recruitments|5 days"
HR and RecruitmentsÂ,1,HR Intern - Male,https://ikman.lk/en/ad/hr-intern-male-colombo,,5 days,"HR Intern - Male|ITS Grandeur Pvt Ltd|MEMBER|Colombo, HR and Recruitments|5 days"
HR and RecruitmentsÂ,1,HR Intern - Male,https://ikman.lk/en/ad/hr-intern-male-colombo-1,,5 days,"HR Intern - Male|ITS Grandeur Pvt Ltd|MEMBER|Colombo, HR and Recruitments|5 days"
HR and RecruitmentsÂ,1,Human Resources Manager,https://ikman.lk/en/ad/human-resources-manager-colombo-4,"Rs 148,000 - 197,000",6 days,"Human Resources Manager|Lak Artha Tech Pvt Ltd|Rs 148,000 - 197,000|Colombo, HR and Recruitments|6 days"
HR and RecruitmentsÂ,1,HR Assistant,https://ikman.lk/en/ad/hr-assistant-colombo-562,,8 days,"HR Assistant|Penguin Toys & Novelties (Pvt)Ltd|MEMBER|Colombo, HR and Recruitments|8 days"
HR and RecruitmentsÂ,1,HR Staff Officer,https://ikman.lk/en/ad/hr-staff-officer-nuwara-eliya,"Rs 30,000 - 75,000",11 days,"HR Staff Officer|Fairmax International (pvt) ltd|Rs 30,000 - 75,000|MEMBER|Nuwara Eliya, HR and Recruitments|11 days"
HR and RecruitmentsÂ,1,Recruitment Executive,https://ikman.lk/en/ad/recruitment-executive-colombo-12,,14 days,"FEATURED|Recruitment Executive|Abans Electricals PLC|AUTH AGENT|Colombo, HR and Recruitments|14 days"
HR and RecruitmentsÂ,1,HR Manager (Female),https://ikman.lk/en/ad/hr-manager-female-colombo-1,"Rs 70,000 - 100,000",14 days,"HR Manager (Female)|R.S.RUPASINGHE UKASKARUWO PVT LTD|Rs 70,000 - 100,000|MEMBER|Colombo, HR and Recruitments|14 days"
HR and RecruitmentsÂ,1,Payroll Executive,https://ikman.lk/en/ad/payroll-executive-colombo-3,,15 days,"Payroll Executive|The Prasad Fashion Square|MEMBER|Colombo, HR and Recruitments|15 days"
HR and RecruitmentsÂ,1,HR Officer - Maharagama,https://ikman.lk/en/ad/hr-officer-maharagama-colombo-196,"Rs 60,000 - 65,000",17 days,"FEATURED|HR Officer - Maharagama|Inovix International (pvt) ltd|Rs 60,000 - 65,000|AUTH AGENT|Colombo, HR and Recruitments|17 days"
HR and RecruitmentsÂ,1,HR Executive,https://ikman.lk/en/ad/hr-executive-and-assistant-kurunegala,,19 days,"HR Executive|Wayamba Printpack (Pvt) Ltd|Kurunegala, HR and Recruitments|19 days"
HR and RecruitmentsÂ,1,HR Assistant,https://ikman.lk/en/ad/hr-assistant-colombo-558,,20 days,"HR Assistant|World Express CMB (Pvt) Ltd|MEMBER|Colombo, HR and Recruitments|20 days"
HR and RecruitmentsÂ,1,à¶¶à¶³à·à· à¶à·à¶±à·à¶¸à· à¶±à·à¶½à¶°à·à¶»à·à¶±à·. Recruitment officer,https://ikman.lk/en/ad/bndvaa-gaeniimee-nildhaariin-recruitment-officer-gampaha,,22 days,"à¶¶à¶³à·à· à¶à·à¶±à·à¶¸à· à¶±à·à¶½à¶°à·à¶»à·à¶±à·. Recruitment officer|Tasma International Manpower Suppliers(Pvt) Ltd|MEMBER|Gampaha, HR and Recruitments|22 days"
HR and RecruitmentsÂ,1,HRM / Admin Assistant,https://ikman.lk/en/ad/hrm-admin-assistant-gampaha-1,,23 days,"HRM / Admin Assistant|Eagle feed pvt limited|MEMBER|Gampaha, HR and Recruitments|23 days"
HR and RecruitmentsÂ,1,HR Executive - Recruitment Operations,https://ikman.lk/en/ad/hr-executive-recruitment-operations-anuradhapura,"Rs 70,000 - 80,000",23 days,"HR Executive - Recruitment Operations|Lyceum Global Holdings|Rs 70,000 - 80,000|MEMBER|Anuradhapura, HR and Recruitments|23 days"
HR and RecruitmentsÂ,1,HR Manager,https://ikman.lk/en/ad/hr-manager-colombo-245,"Rs 70,000 - 100,000",25 days,"HR Manager|Ecarro Global (PVT) LTD|Rs 70,000 - 100,000|MEMBER|Colombo, HR and Recruitments|25 days"
HR and RecruitmentsÂ,1,HUMAN RESOURCES ASSISTANT MALE,https://ikman.lk/en/ad/human-resources-assistant-male-colombo,"Rs 80,000 - 85,000",28 days,"HUMAN RESOURCES ASSISTANT MALE|Royal Nursing Home(Pvt)Ltd|Rs 80,000 - 85,000|MEMBER|Colombo, HR and Recruitments|28 days"
HR and RecruitmentsÂ,1,HR Assistant / Branch Coordinator - Head Office,https://ikman.lk/en/ad/hr-assistant-branch-coordinator-head-office-colombo,"Rs 45,000 - 55,000",34 days,"HR Assistant / Branch Coordinator - Head Office|Crown Royal Holdings|Rs 45,000 - 55,000|MEMBER|Colombo, HR and Recruitments|34 days"
HR and RecruitmentsÂ,1,Training and Development Executive,https://ikman.lk/en/ad/training-and-development-executive-colombo-1,,34 days,"FEATURED|Training and Development Executive|ðð¨ðð­ð¥ð¨ð ð¢ð Holdings PLC|MEMBER|Colombo, HR and Recruitments|34 days"
HR and RecruitmentsÂ,1,Training and Development Executive,https://ikman.lk/en/ad/training-and-development-executive-colombo,,34 days,"FEATURED|Training and Development Executive|ðð¨ðð­ð¥ð¨ð ð¢ð Holdings PLC|MEMBER|Colombo, HR and Recruitments|34 days"
HR and RecruitmentsÂ,2,Human Resources Manager,https://ikman.lk/en/ad/human-resources-manager-colombo-4,"Rs 148,000 - 197,000",,"Human Resources Manager|Lak Artha Tech Pvt Ltd|Rs 148,000 - 197,000|Colombo, HR and Recruitments"
HR and RecruitmentsÂ,2,HR Executive --Colombo 5,https://ikman.lk/en/ad/hr-executive-colombo-5-colombo,"Rs 100,000 - 200,000",35 days,"HR Executive --Colombo 5|SPK Solutions|Rs 100,000 - 200,000|MEMBER|Colombo, HR and Recruitments|35 days"
HR and RecruitmentsÂ,2,HR Executive - Female,https://ikman.lk/en/ad/hr-executive-female-vacancy-in-biyagama-gampaha,"Rs 30,000 - 90,000",42 days,"HR Executive - Female|proposemee|Rs 30,000 - 90,000|Gampaha, HR and Recruitments|42 days"
HR and RecruitmentsÂ,2,HR Assistant,https://ikman.lk/en/ad/hr-assistant-colombo-556,,43 days,"HR Assistant|Win Tattoo Supply (Pvt) Ltd|MEMBER|Colombo, HR and Recruitments|43 days"
HR and RecruitmentsÂ,2,Staff Officers,https://ikman.lk/en/ad/staff-officers-gampaha-2,"Rs 45,000 - 100,000",47 days,"Staff Officers|Fairmax International (pvt) ltd|Rs 45,000 - 100,000|MEMBER|Gampaha, HR and Recruitments|47 days"
HR and RecruitmentsÂ,2,HR Assistant,https://ikman.lk/en/ad/hr-assistant-gampaha-52,,47 days,"HR Assistant|Jayakodi Super Kadawatha.|Gampaha, HR and Recruitments|47 days"
HR and RecruitmentsÂ,2,HR Executive (à¶´à·à¶»à·à¶¸à·),https://ikman.lk/en/ad/hr-executive-pirimi-kandy,,47 days,"HR Executive (à¶´à·à¶»à·à¶¸à·)|à¶´à·âà¶»à¶°à·à¶± à¶´à·à¶½à· à¶à·à¶±à·à·à¶½à· à¶¢à·à¶½à¶ºà¶|MEMBER|Kandy, HR and Recruitments|47 days"
HR and RecruitmentsÂ,2,HR Intern,https://ikman.lk/en/ad/hr-intern-colombo-29,"Rs 25,000 - 30,000",49 days,"HR Intern|Lyceum Global Holdings|Rs 25,000 - 30,000|MEMBER|Colombo, HR and Recruitments|49 days"
HR and RecruitmentsÂ,2,à¶¶à¶³à·à· à¶à·à¶±à·à¶¸à· à¶±à·à¶½à¶°à·à¶»à· (à¶´à·à¶»à·à¶¸à·),https://ikman.lk/en/ad/bndvaa-gaeniim-nildhaarii-pirimi-colombo,"Rs 75,000 - 90,000",50 days,"à¶¶à¶³à·à· à¶à·à¶±à·à¶¸à· à¶±à·à¶½à¶°à·à¶»à· (à¶´à·à¶»à·à¶¸à·)|Lyceum Global Holdings (Private) Limited|Rs 75,000 - 90,000|MEMBER|Colombo, HR and Recruitments|50 days"
HR and RecruitmentsÂ,2,HR Assistant,https://ikman.lk/en/ad/hr-assistant-colombo-557,"Rs 35,000 - 45,000",51 days,"HR Assistant|CENTRAL RECOVERIES|Rs 35,000 - 45,000|MEMBER|Colombo, HR and Recruitments|51 days"
HR and RecruitmentsÂ,2,HR Officer,https://ikman.lk/en/ad/hr-officer-colombo-5,"Rs 80,000 - 100,000",53 days,"HR Officer|Modern Mark Development LTD|Rs 80,000 - 100,000|Colombo, HR and Recruitments|53 days"
HR and RecruitmentsÂ,2,HR Assistant,https://ikman.lk/en/ad/hr-assistant-colombo-559,"Rs 60,000 - 90,000",54 days,"HR Assistant|Siva Home Care And Medicals|Rs 60,000 - 90,000|MEMBER|Colombo, HR and Recruitments|54 days"
HR and RecruitmentsÂ,2,HR Manager,https://ikman.lk/en/ad/manager-foreign-recruitment-agency-colombo,,56 days,"HR Manager|Foreign Recruitment Agency|Colombo, HR and Recruitments|56 days"
HR and RecruitmentsÂ,2,Senior Executive â Human Resources,https://ikman.lk/en/ad/senior-executive-human-resources-colombo,,58 days,"Senior Executive â Human Resources|INNOX HOLDINGS PVT LTD|MEMBER|Colombo, HR and Recruitments|58 days"
DesignerÂ,1,Lighting Designer,https://ikman.lk/en/ad/lighting-designer-colombo-2,,15 hours,"Lighting Designer|Lyceum Global Holdings (Private) Limited|MEMBER|Colombo, Designer|15 hours"
DesignerÂ,1,Graphic Designer (Male) - Kiribathgoda,https://ikman.lk/en/ad/graphic-designer-male-kiribathgoda-gampaha-2,"Rs 55,000 - 60,000",5 days,"Graphic Designer (Male) - Kiribathgoda|Print Lanka|Rs 55,000 - 60,000|Gampaha, Designer|5 days"
DesignerÂ,1,Graphic Designer - Gampaha,https://ikman.lk/en/ad/graphic-designer-gampaha-gampaha-6,,9 days,"Graphic Designer - Gampaha|Ants Creation|Gampaha, Designer|9 days"
DesignerÂ,1,Graphic Designer,https://ikman.lk/en/ad/graphic-designer-colombo-3385,"Rs 80,000 - 100,000",9 days,"Graphic Designer|Global HR Solutions (Pvt) Ltd|Rs 80,000 - 100,000|MEMBER|Colombo, Designer|9 days"
DesignerÂ,1,Fashion Designer,https://ikman.lk/en/ad/fashion-designer-colombo-20,,9 days,"Fashion Designer|signature|MEMBER|Colombo, Designer|9 days"
DesignerÂ,1,Graphic Designer,https://ikman.lk/en/ad/graphic-designer-kalutara-206,"Rs 50,000 - 80,000",14 days,"Graphic Designer|TECH PAL CCTV ( PVT ) LTD|Rs 50,000 - 80,000|MEMBER|Kalutara, Designer|14 days"
DesignerÂ,1,Fashion Designer,https://ikman.lk/en/ad/fashion-designer-colombo-19,,19 days,"Fashion Designer|Signature|MEMBER|Colombo, Designer|19 days"
DesignerÂ,1,Interior Designer,https://ikman.lk/en/ad/interior-designer-colombo-37,"Rs 65,000 - 70,000",25 days,"Interior Designer|Private Poster|Rs 65,000 - 70,000|Colombo, Designer|25 days"
DesignerÂ,1,3D Designer,https://ikman.lk/en/ad/3d-designer-colombo,,26 days,"3D Designer|Green Builders (Pvt) Ltd|MEMBER|Colombo, Designer|26 days"
DesignerÂ,1,Graphic Designer - Social Media,https://ikman.lk/en/ad/graphic-designer-social-media-colombo,"Rs 60,000 - 65,000",40 days,"Graphic Designer - Social Media|The Factory Outlet|Rs 60,000 - 65,000|MEMBER|Colombo, Designer|40 days"
DesignerÂ,1,Graphic Designer,https://ikman.lk/en/ad/graphic-designer-kalutara-204,"Rs 50,000 - 80,000",43 days,"Graphic Designer|TECH PAL CCTV ( PVT ) LTD|Rs 50,000 - 80,000|MEMBER|Kalutara, Designer|43 days"
DesignerÂ,1,Female Graphic Designers Wanted,https://ikman.lk/en/ad/female-graphic-designers-wanted-gampaha,,23 days,"Female Graphic Designers Wanted|Private|Gampaha, Designer|23 days"
DesignerÂ,1,Associate - Creative Designer,https://ikman.lk/en/ad/associate-creative-designer-colombo,,47 days,"Associate - Creative Designer|Rainco Private Limited|MEMBER|Colombo, Designer|47 days"
DesignerÂ,1,3D Designer,https://ikman.lk/en/ad/3d-designer-kalutara,"Rs 40,000 - 60,000",47 days,"3D Designer|Todno Engineering (Pvt) Ltd.|Rs 40,000 - 60,000|Kalutara, Designer|47 days"
DesignerÂ,1,Graphic Designer,https://ikman.lk/en/ad/graphic-designer-kalutara-203,"Rs 50,000 - 80,000",50 days,"Graphic Designer|TECH PAL CCTV ( PVT ) LTD|Rs 50,000 - 80,000|MEMBER|Kalutara, Designer|50 days"
DesignerÂ,1,Fashion Designer,https://ikman.lk/en/ad/fashion-designer-colombo-18,,52 days,"Fashion Designer|Glimmer Pvt Ltd|Colombo, Designer|52 days"
DesignerÂ,1,Graphic Designer,https://ikman.lk/en/ad/graphic-designer-colombo-3373,"Rs 50,000 - 80,000",57 days,"Graphic Designer|TECH PAL CCTV ( PVT ) LTD|Rs 50,000 - 80,000|MEMBER|Colombo, Designer|57 days"
DesignerÂ,1,Graphic Designer,https://ikman.lk/en/ad/graphic-designer-kalutara-202,"Rs 50,000 - 80,000",57 days,"Graphic Designer|TECH PAL CCTV ( PVT ) LTD|Rs 50,000 - 80,000|MEMBER|Kalutara, Designer|57 days"
AnalystÂ,1,QA Monitor,https://ikman.lk/en/ad/qa-monitor-kalutara-1,,9 days,"FEATURED|QA Monitor|SPA CEYLON - Ayurveda Wellness|MEMBER|Kalutara, Analyst|9 days"
AnalystÂ,1,QA Monitor,https://ikman.lk/en/ad/qa-monitor-kalutara,,9 days,"FEATURED|QA Monitor|SPA CEYLON - Ayurveda Wellness|MEMBER|Kalutara, Analyst|9 days"
AnalystÂ,1,Investment Research Analyst,https://ikman.lk/en/ad/investment-research-analyst-colombo-11,,19 days,"Investment Research Analyst|Legacy Health|MEMBER|Colombo, Analyst|19 days"
AnalystÂ,1,Investment Research Analyst,https://ikman.lk/en/ad/investment-research-analyst-colombo-12,,19 days,"Investment Research Analyst|Legacy Health|MEMBER|Colombo, Analyst|19 days"
AnalystÂ,1,Investment Research Analyst,https://ikman.lk/en/ad/investment-research-analyst-colombo-9,,19 days,"Investment Research Analyst|Legacy Health|MEMBER|Colombo, Analyst|19 days"
AnalystÂ,1,Investment Research Analyst,https://ikman.lk/en/ad/investment-research-analyst-colombo-8,,19 days,"Investment Research Analyst|Legacy Health|MEMBER|Colombo, Analyst|19 days"
AnalystÂ,1,Quality Assurance Executive,https://ikman.lk/en/ad/quality-assurance-executive-colombo-1,,34 days,"FEATURED|Quality Assurance Executive|ðð¨ðð­ð¥ð¨ð ð¢ð Holdings PLC|MEMBER|Colombo, Analyst|34 days"
AnalystÂ,1,Quality Assurance Executive,https://ikman.lk/en/ad/quality-assurance-executive-colombo,,34 days,"FEATURED|Quality Assurance Executive|ðð¨ðð­ð¥ð¨ð ð¢ð Holdings PLC|MEMBER|Colombo, Analyst|34 days"
AnalystÂ,1,Project Analyst,https://ikman.lk/en/ad/project-analyst-gampaha-1,"Rs 30,000 - 35,000",35 days,"Project Analyst|Synet Technologies Lanka (Pvt) Ltd|Rs 30,000 - 35,000|Gampaha, Analyst|35 days"
AnalystÂ,1,Quality Executive Trained / Untrained,https://ikman.lk/en/ad/quality-executive-trained-untrained-gampaha-1,,43 days,"Quality Executive Trained / Untrained|Private Poster|Gampaha, Analyst|43 days"
AnalystÂ,1,Data Analyst,https://ikman.lk/en/ad/data-analyst-colombo-2,"Rs 80,000 - 100,000",48 days,"Data Analyst|WNATO Lanka (PVT) Ltd.|Rs 80,000 - 100,000|Colombo, Analyst|48 days"
AnalystÂ,1,Investment Research Analyst,https://ikman.lk/en/ad/investment-research-analyst-colombo-7,,51 days,"Investment Research Analyst|Legacy Health|MEMBER|Colombo, Analyst|51 days"
AnalystÂ,1,Investment Research Analyst,https://ikman.lk/en/ad/investment-research-analyst-colombo-6,,51 days,"Investment Research Analyst|Legacy Health|MEMBER|Colombo, Analyst|51 days"
AnalystÂ,1,Research Analyst,https://ikman.lk/en/ad/research-analyst-colombo-1,,54 days,"Research Analyst|Legacy Health|MEMBER|Colombo, Analyst|54 days"
AnalystÂ,1,Investment Research Analyst,https://ikman.lk/en/ad/investment-research-analyst-colombo-5,,54 days,"Investment Research Analyst|Legacy Health|MEMBER|Colombo, Analyst|54 days"
AnalystÂ,1,MARKET RESEARCH ANALYST - Jaffna,https://ikman.lk/en/ad/market-research-analyst-jaffna-jaffna,,54 days,"MARKET RESEARCH ANALYST - Jaffna|CADIGAL GROUP|MEMBER|Jaffna, Analyst|54 days"
EditorÂ,1,Video editor,https://ikman.lk/en/ad/video-editor-kalutara-6,"Rs 60,000 - 95,000",,"Video editor|TECH PAL CCTV ( PVT ) LTD|Rs 60,000 - 95,000|MEMBER|Kalutara, Editor"
EditorÂ,1,Video Editor,https://ikman.lk/en/ad/video-editor-colombo-263,"Rs 50,000 - 95,000",4 days,"Video Editor|TECH PAL CCTV ( PVT ) LTD|Rs 50,000 - 95,000|MEMBER|Colombo, Editor|4 days"
EditorÂ,1,Video editor,https://ikman.lk/en/ad/video-editor-kalutara-6,"Rs 60,000 - 95,000",4 days,"Video editor|TECH PAL CCTV ( PVT ) LTD|Rs 60,000 - 95,000|MEMBER|Kalutara, Editor|4 days"
EditorÂ,1,Video Editor- Colombo,https://ikman.lk/en/ad/video-editor-colombo-colombo-2,"Rs 45,000 - 70,000",8 days,"Video Editor- Colombo|pb.lk|Rs 45,000 - 70,000|MEMBER|Colombo, Editor|8 days"
EditorÂ,1,Junior Video Editor,https://ikman.lk/en/ad/junior-video-editor-kandy,"Rs 40,000 - 80,000",14 days,"Junior Video Editor|Platinum Trust Private Limited|Rs 40,000 - 80,000|Kandy, Editor|14 days"
EditorÂ,1,Photo Editor in Kiribathgoda,https://ikman.lk/en/ad/photo-editor-in-kiribathgoda-gampaha,,23 days,"Photo Editor in Kiribathgoda|Thimothy Studio|Gampaha, Editor|23 days"
EditorÂ,1,Video Editor,https://ikman.lk/en/ad/video-editor-kandy,"Rs 100,000",33 days,"Video Editor|WLS Co|Rs 100,000|Kandy, Editor|33 days"
EditorÂ,1,Video Editor,https://ikman.lk/en/ad/video-editor-kalutara-5,"Rs 60,000 - 100,000",44 days,"Video Editor|TECH PAL CCTV ( PVT ) LTD|Rs 60,000 - 100,000|MEMBER|Kalutara, Editor|44 days"
EditorÂ,1,VEDIO EDITING,https://ikman.lk/en/ad/vedio-editing-vavuniya-1,,47 days,"VEDIO EDITING|Private Company|MEMBER|Vavuniya, Editor|47 days"
EditorÂ,1,Short Form Content Editor,https://ikman.lk/en/ad/short-form-content-editor-needed-colombo,"Rs 70,000 - 275,000",53 days,"Short Form Content Editor|Private Poster|Rs 70,000 - 275,000|Colombo, Editor|53 days"
EditorÂ,1,Video Editor,https://ikman.lk/en/ad/video-editor-colombo-260,"Rs 40,000 - 80,000",58 days,"Video Editor|TECH PAL CCTV ( PVT ) LTD|Rs 40,000 - 80,000|MEMBER|Colombo, Editor|58 days"
EditorÂ,1,Video Editor,https://ikman.lk/en/ad/video-editor-kalutara-4,"Rs 50,000 - 80,000",58 days,"Video Editor|TECH PAL CCTV ( PVT ) LTD|Rs 50,000 - 80,000|MEMBER|Kalutara, Editor|58 days"
Content WritersÂ,1,Content Creator - Colombo 04,https://ikman.lk/en/ad/content-creator-colombo-04-colombo,,9 days,"Content Creator - Colombo 04|Content  Creator|Colombo, Content Writers|9 days"
Content WritersÂ,1,News Writer - Jaffna,https://ikman.lk/en/ad/news-writer-jaffna-jaffna,,14 days,"News Writer - Jaffna|Private company|MEMBER|Jaffna, Content Writers|14 days"
Content WritersÂ,1,Content creator VACCANCY,https://ikman.lk/en/ad/content-creator-vaccancy-colombo,"Rs 60,000 - 100,000",33 days,"Content creator VACCANCY|Wimaladharma & Sons|Rs 60,000 - 100,000|MEMBER|Colombo, Content Writers|33 days"
Content WritersÂ,1,Content Writer,https://ikman.lk/en/ad/content-writer-colombo,"Rs 80,000 - 90,000",41 days,"Content Writer|Lakmini International (Pvt) Ltd|Rs 80,000 - 90,000|Colombo, Content Writers|41 days"
Content WritersÂ,1,Video Content Creator- COLOMBO11,https://ikman.lk/en/ad/video-content-creator-colombo11-colombo,,57 days,"Video Content Creator- COLOMBO11|Fashion Gallery|MEMBER|Colombo, Content Writers|57 days"
ArchitectureÂ,1,Interior Designer,https://ikman.lk/en/ad/interior-designer-colombo-38,,20 days,"Interior Designer|Hameedia Stores (pvt) ltd|MEMBER|Colombo, Architecture|20 days"
