detail_url,description,company,error
https://ikman.lk/en/ad/steward-for-restuarant-colombo-1,"MINIMUM 2 YEAR WORKING EXPERIENSE IN HOTEL FIELD
COMPLETED NVQ LEVEL 1
ORAL & WRITING SKILL OF ENGLISH
BENIFIT
FREE MEAL & ACCOMMODATION",,
https://ikman.lk/en/ad/villa-care-taker-manager-kurunegala-1,"WE ARE HIRING – CARE TAKER 🏡
Looking for a trustworthy, responsible and friendly care taker for a villa in Nuwara elita to join our team.
✔ Accommodation can be discussed
✔ Friendly working environment
✔ Prior experience preferred
Cooking ability will be an extra advantage
If interested, please WhatsApp your details/CV to:
📞 0777261799",,
https://ikman.lk/en/ad/steward-male-females-anuradhapura,"🚨 වහාම බඳවා ගැනේ - CHAMY RESTAURANT (අනුරාධපුර) 🚨
අනුරාධපුර නගරයේ ප්‍රමුඛ පෙළේ ආපනශාලා ජාලයක් වන **චමී රෙස්ටුරන්ට්** ශාඛාවන් සඳහා **Steward (වේටර් / සේවක)** තනතුරු සඳහා වහාම සේවකයින් බඳවා ගැනේ! 🍽️✨ ඉහළ ආදායමක් සමඟ සාර්ථක රැකියාවක් සොයන ඔබට මෙන්න කදිම අවස්ථාවක්!
### 💰 ආකර්ෂණීය වැටුප් හා ආදායම්:
* **📆 දින 26 සඳහා මූලික වැටුප:** රු. 56,000/-
* **💵 මාසය සඳහා මූලික වැටුප:** රු. 63,466/-
* **💰 ටිප් මුදල් (Tips) සමඟින් මසකට රු. 125,000/- ත් 165,000/- ත් අතර ඉහළ ආදායමක් උපයා ගැනීමේ හැකියාව!** 💸🔥
### 🎁 ඔබට ලැබෙන වරප්‍රසාද:
* 🍽️ නොමිලේ රසවත් ආහාර පාන
* 🛏️ නොමිලේම නවාතැන් පහසුකම්
* 👕 නොමිලේ නිල ඇඳුම් (Uniforms)
### 🎯 සුදුසුකම්:
* 👋 සුහදශීලී සහ කඩිසර අයෙකු වීම.
* 🥰 පාරිභෝගිකයින්ට ඉතා හොඳින් සහ ගෞරවනීය ලෙස සංග්‍රහ කිරීමේ හැකියාව.
* ✨ *(පළපුරුද්දක් නොමැති වුවද ක්ෂේත්‍රයට කැමැත්තක් සහ උනන්දුවක් ඇති අයටද අයදුම් කළ හැක)*
ඔබත් මෙම සුදුසුකම් සපුරාලූ අයෙක් නම්, අදම අපගේ බඳවා ගැනීමේ අංශය අමතා ඔබේ ඇබෑර්තුව වෙන් කරවා ගන්න! 💼🙌
### 📞 දැන්ම අමතන්න (Call Now):
📲 **0777 856 277**
📲 **0777 856 268**
#ChamyRestaurant #Anuradhapura #StewardJobs #WaiterJobs #JobVacancies #HiringNow #HotelJobs #AnuradhapuraJobs #JobVacancy #RestaurantJobs #JoinOurTeam #SriLankaJobs",,
https://ikman.lk/en/ad/hotel-kitchen-helper-steward-galle-fort-galle,"# උණවටුන සහ ගාල්ල කොටුව පිහිටි සංචාරක රිසොර්ට් එකක් සදහා
(පුහුණු හෝ නුපුහුණු) ස්ටුවර්ඩ් වේටර් ,  කිචන් හෙල්පර්,  කුක්
හවුස් කීපින් රෙස්ටූරන්ට් ඕල් රවුන්ඩර්
ආයුර්වේද සහයක සහයිකාවන්
මේන්ට්‍රේනර්ස් කාර්මික ශිල්පීන්
රිසෙප්ශනීස් ෆ්‍රන්ට් ඔෆිස් - කාන්තා පිරිමි සේවකයින් අවශ්‍යයි .
# සියළු පහසුකම් ආහාර පාන සමගින් ඉහළ වැටුප් දීමනාවන් හිමිවේ .
# යාමට ඒමට හැකියාව ඇති අය විශේෂයි . ඉහළ සුදුසුකම් අවශ්‍ය නොවෙයි .
#දුර පළාත් අය සදහා නවාතැන් ලබාදේ
සතියේ දිනයක උදෑසන පැමිණෙන්න
.සිංහල ,  මුස්ලිම් , දමිළ ඕනෑම අයෙකුට මේ සදහා පුහුණු නුපුහුණු දෙපාර්ශවයෙන්ම ඇබෑර්තු ඇත .
විමසීම් - 0774 -  076511
Tourists hotel Resort Vacancies
Available
Kitchen Helper
Steward Room Boy Receptionist
Ac,Electrician Maintenance
Ayurweda Therapist - Male Female
Operator Unawatuna and Galle
Contact - 0772268402",,
https://ikman.lk/en/ad/room-boy-waiter-available-all-island-comme-galle-1,"# උණවටුන , ගාල්ල , නුවර සහ කොළඹ පිහිටි සංචාරක රිසොර්ට් එකක් සදහා
(පුහුණු හෝ නුපුහුණු)
රූම්බෝයි ස්ටුවර්ඩ් වේටර් ,  කිචන් හෙල්පර්,  කුක්
රෙස්ටූරන්ට් ඕල් රවුන්ඩර්
ආයුර්වේද සහයක සහයිකාවන්
මේන්ට්‍රේනර්ස් කාර්මික ශිල්පීන්
රිසෙප්ශනීස් ෆ්‍රන්ට් ඔෆිස් - කාන්තා පිරිමි සේවකයින් අවශ්‍යයි .
# සියළු පහසුකම් ආහාර පාන සමගින් ඉහළ වැටුප් දීමනාවන් හිමිවේ .
# යාමට ඒමට හැකියාව ඇති අය විශේෂයි . ඉහළ සුදුසුකම් අවශ්‍ය නොවෙයි .
#දුර පළාත් අය සදහා නවාතැන් ලබාදේ
සතියේ දිනයක උදෑසන පැමිණෙන්න
.සිංහල ,  මුස්ලිම් , දමිළ ඕනෑම අයෙකුට මේ සදහා පුහුණු නුපුහුණු දෙපාර්ශවයෙන්ම ඇබෑර්තු ඇත .
විමසීම් - 0774 -  076511
Available Vacancies Open Areas kandy , Colombo ,Unawatuna and Galle .
Immediately Hiring
Tourists hotel Resort Vacancies
Available
Room Attendan Kitchen Helper
Steward ,Receptionist
Ac,Electrician Maintenance
Ayurweda Therapist - Male Female
Contact - 0772268402",,
https://ikman.lk/en/ad/kitchen-helper-colombo-986,"Viets Kitchen Havelock Restaurant is opening vacancy for below positions
(1) KITCHEN HELPER
- Working time : Full time (2 shifts)
- Job Description : Ingredients preparing, washing, cleaning.
- Requirement : NO experience needed. Trainee also can apply.
(2) RESTAURANT STEWARD
- Working time : Full time (2 shifts)
- Job description : Serving, making beverages, cleaning.
- Requirement : Basic English speaking skill.
Have experience is an advantage. Trainee also can apply
HOW TO APPLY
- Send your CV to this Whatsapp (NO CALL) 0763432098
Or Contact our manager Lahiru 0770078634
- Walk in interview : everyday from 11.30am to 2pm (except Tuesday)",,
https://ikman.lk/en/ad/food-dispatch-assistant-colombo,"WE ARE HIRING
FOOD DISPATCH Assistant
Grand Chancellor Kitchens (Pvt) Ltd
Grand Chancellor Kitchens (Pvt) Ltd is looking for a responsible, disciplined, and trustworthy individual to join our team as a Food Dispatch Officer.
Key Responsibilities:
✔ Coordinate and assist with food dispatch operations
✔ Check orders for accuracy, packing quality, and timely dispatch
✔ Support coordination between kitchen, dispatch team, and delivery staff
✔ Maintain proper dispatch records and handover procedures
✔ Assist in receiving goods / monitoring movement of items in and out of premises
✔ Ensure workplace discipline, orderliness, and safety standards are maintained
✔ Support management with operational duties as assigned
Requirements:
✔ Previous experience in security, dispatch, hospitality, or related field preferred
✔ Good communication and coordination skills
✔ Honest, punctual, and dependable personality
✔ Ability to work shifts / flexible hours when required
✔ Basic record-keeping ability
✔ Physically fit and able to work in an active operational environment
What We Offer:
✔ Stable employment in a professional workplace
✔ Competitive salary based on experience - Negotiable
✔ Staff meals and accomodation
Apply Now
WhatsApp your CV to 0777303207
Join the Grand Chancellor team and become part of our commitment to quality, safety, and excellent service.
📍 Location: Colombo 6 (Between Nugegoda and Kirulapone on High Level Road)",,
https://ikman.lk/en/ad/kitchen-helper-colombo-994,"ඉක්මන් ඇබෑර්තු
==========
විවෘත මුළුතැන්ගෙය සහිත කොළඹ 7 ආපන ශාලාවකට Kitchen Helper කෙනෙකු ඉක්මනින් බදවා ගැනේ.
* එළවළු, මස් සහ මාළු ඉක්මනින් කැපීමේ පලපුරැද්ද
* ⁠මුළුතැන්ගෙය සහ සියළු උපකරණ  සහ භාජන පිරිසිදුව තබා ගැනීමට හැකියාව
* ⁠උසස් පුද්ගල සනීපාරක්ෂාව සහ පිරිසිදුකම.
දැන්ම අමතන්න 0779966184
ඉහල වැටුප්, නවාතැන්, ප්‍රවාහන  සහ අනෙකුත් දීමනා. පූර්ණකාලීන රැකියාව - සේවා මුර ක්‍රමය (shift duty)",,
https://ikman.lk/en/ad/waiter-male-ratnapura-2,"We Are Hiring – Join Our Hospitality Team in UDAWALAWE
We are looking for energetic and experienced individuals for the following positions:
Restaurant Waiter
Kitchen Helpers
Requirements:
• Age below 40 years
• Passed G.C.E A/L+ O/L
• Minimum 1 year experience in a relevant field
• Good communication skills in fluent English will be an added advantage
• Ability to work with a young and dynamic team
• Candidates residing in and around  udawalawe area will be an added advantage
Benefits:
• Attractive salary package
• Free food, accommodation & uniform provided by the hotel
Contact: 0742241453/0768844719
WhatsApp your Resume -0742241453",,
https://ikman.lk/en/ad/waiter-matara-20,"• We are recruiting a a waiter for our restaurant and banquet hall.
• Food and accomodation are provided .
• Attractive salary and service charges.",,
https://ikman.lk/en/ad/room-boy-matara-69,"• We are recruiting a room boy for our hotel.
• Food and accomodation are provided.
• Attractive salary and service charges.",,
https://ikman.lk/en/ad/steward-colombo-490,"තනතුර: ස්ටුවර්ඩ් (Steward)
📋 ප්‍රධාන රාජකාරි:
රෝහලේ ආහාර සැපයුම් සහ සේවා ක්‍රියාවලියට සහය වීම
ආහාර භාණ්ඩ, භාජන සහ උපකරණ නිසි ලෙස පිරිසිදු කිරීම හා සංවිධානය කිරීම
කුස්සිය හා ආහාර සපයන ප්‍රදේශ පිරිසිදුව සහ සෞඛ්‍යාරක්ෂිතව පවත්වා ගැනීම
රෝගීන්ට හා කාර්ය මණ්ඩලයට ආහාර සේවය ලබාදීමේදී සහය වීම
සෞඛ්‍ය හා ආරක්ෂක නීති රීති අනුගමනය කිරීම
🎓 අවශ්‍ය සුදුසුකම්:
G.C.E. (O/L) විභාගය සමත් වීම
Hotel / Hospital Stewarding ක්ෂේත්‍රයේ අත්දැකීම් තිබීම වාසිදායකය
කණ්ඩායමක් ලෙස වැඩ කිරීමේ හැකියාව
කාර්යශූර, විනයගරුක සහ වගකීම් දරන ස්වභාවය
Shift basis වැඩ කිරීමට හැකියාව
💼 වැඩ පරිසරය:
රෝහල් ආහාර සේවා පරිසරයක සේවය කිරීම
වෘත්තීය මට්ටමේ පුහුණු අවස්ථා ලබාදීම
සෞඛ්‍ය සහ ආරක්ෂක ප්‍රමිතීන්ට අනුකූල සේවා පරිසරයක්
📩 අයදුම් කිරීම:
ඔබගේ CV එක පහත විද්‍යුත් ලිපිනයට එවන්න:
📧 careers@ninewellshospital.lk",,
https://ikman.lk/en/ad/room-assistant-kurunegala-4,"🏨🏨දිවයිනේ ප්‍රමුඛ පෙළේ සුඛෝපභෝගී හෝටල් ජාලයන් සඳහා කඩිනම් බඳවා ගැනීම්!
අති නවීන පහසුකම් සහිත, වායු සමීකරණය කරන ලද තරු පන්තියේ හෝටල් සඳහා සේවය කිරීමට කැමති ඔබට අනගි අවස්ථාවක්!
👨‍🍳👨‍🍳තනතුර සඳහා පුහුණු / නුපුහුණු කාන්තා හා පිරිමි සේවකයින් බඳවා ගැනේ.
රැකියා ස්ථාන
📍📍කොළඹ
📍📍නුවර
📍📍කුරුණෑගල
📍📍කලුතර
📢සහ දිවයිනේ සෑම ප්‍රදේශයකම පිහිටි හෝටල් සඳහා
✔️✔️සුදුසුකම් වයස අවුරුදු 18 - 45 අතර
✔️✔️ගැහැනු / පිරිමි දෙපාර්ශ්වයටම අවස්ථාව
✔️✔️පුහුණු / නුපුහුණු අයදුම්කරුවන්ට අයදුම් කළ හැක
✔️✔️හෝටල් ක්ෂේත්‍රයේ පළපුරුද්ද ඇති අයට විශේෂ සැලකිල්ල
✅✅වැටුප් හා දීමනා ✓මාසික වැටුප රු. 55,000 - 95,000+ දක්වා සර්විස් චාර්ජ් සහ අතිකාල දීමනා
✔️✔️දිරි දීමනා සහ වැටුප් වර්ධක
✔️✔️ස්ථිර සේවයට බඳවා ගැනීමේ අවස්ථාව
✔️✔️ප්‍රධාන ආහාර වේල් නොමිලේ
✔️✔️නවාතැන් පහසුකම් නොමිලේ
✔️✔️දක්ෂතාවය සහ පළපුරුද්ද මත වැඩි වැටුප්
💢💢අවස්ථා සීමිතයි!💢💢
වැඩි විස්තර සඳහා අමතන්න: 0760380799 ☎️☎️
(📱📱WhatsApp මගින්ද සම්බන්ධ වී ඔබගේ රැකියා අවස්ථාව අදම වෙන් කරවා ගත හැක.)",,
https://ikman.lk/en/ad/wiater-smoke-and-bitters-matara,"Smoke & Bitters
Looking for Staff
Restaurant / Bar based in Dikwella
WAITERS
If you have a passion for hospitality, love the service industry, and want to work alongside industry professionals, then this is your chance!
2 years minimum experience
Fluent in English
Able to Work in a fast paced environment
Salaries range from 50k-70K + SC + tips (total package approx 130k)
accommodation and meals are provided.
SUBMIT YOUR CV and PHOTO
ON WHATSAPP +94 77 76 831 0068",,
https://ikman.lk/en/ad/restaurant-waiter-thannekumbura-kandy,"We Are Hiring – Join Our Hospitality Team in Kandy
We are looking for energetic and experienced individuals for the following positions:
Restaurant Waiter
Requirements:
• Age below 35 years
• Passed G.C.E A/L
• Minimum 1 year experience in a relevant field
• Good communication skills in English will be an added advantage
• Ability to work with a young and dynamic team
• Candidates residing in and around  Kandy  area will be an added advantage
Benefits:
• Attractive salary package
• Free food, accommodation & uniform provided by the hotel
Contact: 0742435564",,
https://ikman.lk/en/ad/bar-assistant-colombo-colombo-1,"HOTEL VACANCIES – COLOMBO
Position: Bar Man / Bar Assistant
Requirements:
•	Age below 35 years
•	Minimum 1 year experience in a relevant field
•	Candidates residing in and around Colombo area will be an added advantage
•	Good communication and teamwork skills
•	Ability to work in a young and dynamic team
•	Who have followed Diploma / Course is preferred
Benefits:
•	Free food and accommodation provided by the hotel
•	Uniform provided
•	Attractive and competitive salary package
How to Apply:
For more information:
0776185564",,
https://ikman.lk/en/ad/hotel-receptionist-male-female-habarana-anuradhapura-1,"𝐏𝐎𝐒𝐈𝐓𝐈𝐎𝐍 - Hotel Receptionist (Male / Female) – Habarana
========================
𝐑𝐄𝐐𝐔𝐈𝐑𝐄𝐌𝐄𝐍𝐓𝐒
♦ Age below 35 years
♦ Must have at least 01 year experience in Front Office / Reception
♦ Diploma or course in Hospitality / Front Office is preferred
♦ Good communication skills in English (additional languages are an advantage)
♦ Basic computer knowledge (MS Office / hotel systems) will be an advantage
♦ Friendly personality with good customer service skills
♦ Food, accommodation, and uniform will be provided by the hotel
♦ Attractive salary package
Apply now :- Call for more information
More Information ＃ :-  0767895583",,
https://ikman.lk/en/ad/house-keeping-trincomalee-trincomalee-5,"⭕Hotel Vacancies
1. Cook
2. Kitchen Helper
3. House Keeping
4. Waiter
🛑Food and Accomodations will be Provided.
📍Location :- Trincomalee
📲Contact :- 0777567517",,
https://ikman.lk/en/ad/hottel-seevk-seevkaa-vaadduuv-kalutara-2,"⸻
🏨 හෝටල් රැකියා අවස්ථා – දැන් බදවා ගැනේ!
පුහුණු සහ නුපුහුණු – ඔබ සදහාමයි!
අපගේ හෝටල් , නිවාඩු නිකේතන සහ ආපනශාලා හී සේවය කිරීමට උද්යෝගිමත් පුද්ගලයින් සොයමින් සිටින්නෙමු.
⸻
📌 අප සොයන්නේ පහත තනතුරු සඳහාය:
🔹 ස්ටුවට් (Steward)
🔹 රූම් කීපර් (Room Keeper)
🔹 කුක් / සූපවේදියන්
🔹 ඇසිස්ටන්ට් (ආධාරක නිළධාරීන්)
🔹 වේටර් / වේට්‍රස්
🔹 රිසෙප්ෂන් නිළධාරීන්
⸻
👥 කාන්තා සහ පිරිමි දෙදෙනාටම අවස්ථාව ඇත.
📍 දිවයින පුරා සිටින අයදුම්කරුවන්ගෙන් ඉල්ලුම් කළ හැක.
⸻
💼 ප්‍රතිලාභ:
🍽️ නොමිලේ ආහාර සහ පාන
🛏️ නොමිලේ නවාතැන්
💰 මුලික වැටුප රු. 65,000/- සිට ඉහළට
📈 දක්ෂතාවය අනුව වැඩි වැටුප් ලබාදේ
⸻
📢 අවස්ථා සීමිත බැවින් අදම අමතන්න හා ඔබගේ ස්ථානය වෙන් කරවා ගන්න!
074 3077 563
076 4363 883
076 4363 884
076 4363 878
Whats app contact
074 3077 563
076 4363 883
076 4363 884
076 4363 878
⸻
ඔබේ ජීවිතයට නව පියවරක් දැමීමට හොඳම අවස්ථාව මෙය විය හැක. අදම අයදුම් කරන්න!",,
https://ikman.lk/en/ad/kitchen-helper-trincomalee-trincomalee-4,"⭕Hotel Vacancies
1. Cook
2. Kitchen Helper
3. House Keeping
4. Waiter
🛑Food and Accomodations will be Provided.
📍Location :- Trincomalee
📲Contact :- 0777567517",,
https://ikman.lk/en/ad/hottel-seevk-seevkaa-trikunnaamly-trincomalee-3,"⸻
🏨 හෝටල් රැකියා අවස්ථා – දැන් බදවා ගැනේ!
පුහුණු සහ නුපුහුණු – ඔබ සදහාමයි!
අපගේ හෝටල් , නිවාඩු නිකේතන සහ ආපනශාලා හී සේවය කිරීමට උද්යෝගිමත් පුද්ගලයින් සොයමින් සිටින්නෙමු.
⸻
📌 අප සොයන්නේ පහත තනතුරු සඳහාය:
🔹 ස්ටුවට් (Steward)
🔹 රූම් කීපර් (Room Keeper)
🔹 කුක් / සූපවේදියන්
🔹 ඇසිස්ටන්ට් (ආධාරක නිළධාරීන්)
🔹 වේටර් / වේට්‍රස්
🔹 රිසෙප්ෂන් නිළධාරීන්
⸻
👥 කාන්තා සහ පිරිමි දෙදෙනාටම අවස්ථාව ඇත.
📍 දිවයින පුරා සිටින අයදුම්කරුවන්ගෙන් ඉල්ලුම් කළ හැක.
⸻
💼 ප්‍රතිලාභ:
🍽️ නොමිලේ ආහාර සහ පාන
🛏️ නොමිලේ නවාතැන්
💰 මුලික වැටුප රු. 65,000/- සිට ඉහළට
📈 දක්ෂතාවය අනුව වැඩි වැටුප් ලබාදේ
⸻
📢 අවස්ථා සීමිත බැවින් අදම අමතන්න හා ඔබගේ ස්ථානය වෙන් කරවා ගන්න!
076 4363 878
076 4363 887
076 4363 883
074 3077 561
Whats app contact
076 4363 878
076 4363 887
076 4363 883
074 3077 561
⸻
ඔබේ ජීවිතයට නව පියවරක් දැමීමට හොඳම අවස්ථාව මෙය විය හැක. අදම අයදුම් කරන්න!",,
https://ikman.lk/en/ad/hottel-seevk-seevkaa-kollmb-colombo-1,"⸻
🏨 හෝටල් රැකියා අවස්ථා – දැන් බදවා ගැනේ!
පුහුණු සහ නුපුහුණු – ඔබ සදහාමයි!
අපගේ හෝටල් , නිවාඩු නිකේතන සහ ආපනශාලා හී සේවය කිරීමට උද්යෝගිමත් පුද්ගලයින් සොයමින් සිටින්නෙමු.
⸻
📌 අප සොයන්නේ පහත තනතුරු සඳහාය:
🔹 ස්ටුවට් (Steward)
🔹 රූම් කීපර් (Room Keeper)
🔹 කුක් / සූපවේදියන්
🔹 ඇසිස්ටන්ට් (ආධාරක නිළධාරීන්)
🔹 වේටර් / වේට්‍රස්
🔹 රිසෙප්ෂන් නිළධාරීන්
⸻
👥 කාන්තා සහ පිරිමි දෙදෙනාටම අවස්ථාව ඇත.
📍 දිවයින පුරා සිටින අයදුම්කරුවන්ගෙන් ඉල්ලුම් කළ හැක.
⸻
💼 ප්‍රතිලාභ:
🍽️ නොමිලේ ආහාර සහ පාන
🛏️ නොමිලේ නවාතැන්
💰 මුලික වැටුප රු. 65,000/- සිට ඉහළට
📈 දක්ෂතාවය අනුව වැඩි වැටුප් ලබාදේ
⸻
📢 අවස්ථා සීමිත බැවින් අදම අමතන්න හා ඔබගේ ස්ථානය වෙන් කරවා ගන්න!
074 3077 561
074 3077 563
076 4363 883
076 4363 884
Whats app contact
074 3077 561
074 3077 563
076 4363 883
076 4363 884
⸻
ඔබේ ජීවිතයට නව පියවරක් දැමීමට හොඳම අවස්ථාව මෙය විය හැක. අදම අයදුම් කරන්න!",,
https://ikman.lk/en/ad/linen-room-attendant-male-kalutara-1,"💼 𝐏𝐎𝐒𝐈𝐓𝐈𝐎𝐍 : LINEN ROOM ATTENDANT (MALE)
💠 𝐑𝐄𝐐𝐔𝐈𝐑𝐄𝐌𝐄𝐍𝐓𝐒 :
Age between 25 – 50 years
Relevant experience in star class hotels
Professional background in relevant field
Outstanding interpersonal communication and customer service skills
💠 𝐂𝐀𝐍𝐃𝐈𝐃𝐀𝐓𝐄 𝐏𝐑𝐎𝐅𝐈𝐋𝐄 :
Male candidate with proven experience in hospitality linen operations
Strong attention to detail and organizational abilities
Ability to work efficiently in a fast-paced hotel environment
Physically fit to handle laundry equipment and manage linen stocks
Excellent team player with a professional attitude
💠 𝐑𝐄𝐒𝐏𝐎𝐍𝐒𝐈𝐁𝐈𝐋𝐈𝐓𝐈𝐄𝐒 :
Knowledge of operating Linen Room machines and equipment
Clean, sort, fold and issue linens and uniforms
Operate laundry machines and equipment
Ensure cleanliness and proper maintenance of the linen room
Monitor linen stock and report shortages
Follow hotel hygiene and safety standards
💠 𝐉𝐎𝐁 𝐏𝐑𝐎𝐅𝐈𝐋𝐄 :
【~】✪
Manage daily linen room operations at Grand Beach Hotel
Maintain inventory of all linens, towels, and staff uniforms
Coordinate with housekeeping and laundry teams
Ensure all linens meet quality and presentation standards
Support the hospitality team in delivering exceptional guest experiences
✅ 𝐁𝐄𝐍𝐄𝐅𝐈𝐓𝐒 :
【~】✪ We offer an attractive remuneration package & incentives that are above market standards for the suitable candidate.
Salary: Rs. 40,000 + Service Charge (SC)
Career growth opportunities within Wijaya Leisure group
Work with a team that values your contribution
Professional development in the hospitality industry
✅ 𝐇𝐎𝐖 𝐓𝐎 𝐀𝐏𝐏𝐋𝐘 ✍️ :
If you feel you are the right individual for the above position, then apply via ""𝗔𝗽𝗽𝗹𝘆 𝗡𝗼𝘄"" of this advert.
You can also send your CV to:
＃📳 𝓒𝓸𝓷𝓽𝓪𝓬𝓽 :
📞 074 321 1847
📞 070 456 7567
＃ 📧 𝐸𝓂𝒶𝒾𝓁:
📧 wijayaleisure@sltnet.lk
📍 Grand Beach Hotel, Pohoddaramulla, Wadduwa, Sri Lanka.
[ 𝐖𝐄 𝐇𝐈𝐆𝐇𝐋𝐘 𝐈𝐍𝐅𝐎𝐑𝐌 𝐀𝐋𝐋 𝐓𝐇𝐄 𝐂𝐀𝐍𝐃𝐈𝐃𝐀𝐓𝐄𝐒 𝐓𝐎 𝐌𝐄𝐍𝐓𝐈𝐎𝐍 𝐀 𝐕𝐀𝐋𝐈𝐃 𝐌𝐎𝐁𝐈𝐋𝐄 𝐍𝐔𝐌𝐁𝐄𝐑 & 𝐈𝐓 𝐈𝐒 𝐂𝐎𝐌𝐏𝐔𝐋𝐒𝐎𝐑𝐘 𝐓𝐎 𝐀𝐓𝐓𝐀𝐂𝐇 𝐘𝐎𝐔𝐑 𝐂𝐕 𝐁𝐘 𝐔𝐏𝐃𝐀𝐓𝐈𝐍𝐆 𝐘𝐎𝐔𝐑 ""𝗜𝗞𝗠𝗔𝗡 𝗥𝗘𝗦𝗨𝗠𝗘"" ]
Hospitality with a Difference 🏨✨",,
https://ikman.lk/en/ad/linen-room-attendant-male-kalutara,"💼 𝐏𝐎𝐒𝐈𝐓𝐈𝐎𝐍 : LINEN ROOM ATTENDANT (MALE)
💠 𝐑𝐄𝐐𝐔𝐈𝐑𝐄𝐌𝐄𝐍𝐓𝐒 :
Age between 25 – 50 years
Relevant experience in star class hotels
Professional background in relevant field
Outstanding interpersonal communication and customer service skills
💠 𝐂𝐀𝐍𝐃𝐈𝐃𝐀𝐓𝐄 𝐏𝐑𝐎𝐅𝐈𝐋𝐄 :
Male candidate with proven experience in hospitality linen operations
Strong attention to detail and organizational abilities
Ability to work efficiently in a fast-paced hotel environment
Physically fit to handle laundry equipment and manage linen stocks
Excellent team player with a professional attitude
💠 𝐑𝐄𝐒𝐏𝐎𝐍𝐒𝐈𝐁𝐈𝐋𝐈𝐓𝐈𝐄𝐒 :
Knowledge of operating Linen Room machines and equipment
Clean, sort, fold and issue linens and uniforms
Operate laundry machines and equipment
Ensure cleanliness and proper maintenance of the linen room
Monitor linen stock and report shortages
Follow hotel hygiene and safety standards
💠 𝐉𝐎𝐁 𝐏𝐑𝐎𝐅𝐈𝐋𝐄 :
【~】✪
Manage daily linen room operations at Grand Beach Hotel
Maintain inventory of all linens, towels, and staff uniforms
Coordinate with housekeeping and laundry teams
Ensure all linens meet quality and presentation standards
Support the hospitality team in delivering exceptional guest experiences
✅ 𝐁𝐄𝐍𝐄𝐅𝐈𝐓𝐒 :
【~】✪ We offer an attractive remuneration package & incentives that are above market standards for the suitable candidate.
Salary: Rs. 40,000 + Service Charge (SC)
Career growth opportunities within Wijaya Leisure group
Work with a team that values your contribution
Professional development in the hospitality industry
✅ 𝐇𝐎𝐖 𝐓𝐎 𝐀𝐏𝐏𝐋𝐘 ✍️ :
If you feel you are the right individual for the above position, then apply via ""𝗔𝗽𝗽𝗹𝘆 𝗡𝗼𝘄"" of this advert.
You can also send your CV to:
＃📳 𝓒𝓸𝓷𝓽𝓪𝓬𝓽 :
📞 074 321 1847
📞 070 456 7567
＃ 📧 𝐸𝓂𝒶𝒾𝓁:
📧 wijayaleisure@sltnet.lk
📍 Grand Beach Hotel, Pohoddaramulla, Wadduwa, Sri Lanka.
[ 𝐖𝐄 𝐇𝐈𝐆𝐇𝐋𝐘 𝐈𝐍𝐅𝐎𝐑𝐌 𝐀𝐋𝐋 𝐓𝐇𝐄 𝐂𝐀𝐍𝐃𝐈𝐃𝐀𝐓𝐄𝐒 𝐓𝐎 𝐌𝐄𝐍𝐓𝐈𝐎𝐍 𝐀 𝐕𝐀𝐋𝐈𝐃 𝐌𝐎𝐁𝐈𝐋𝐄 𝐍𝐔𝐌𝐁𝐄𝐑 & 𝐈𝐓 𝐈𝐒 𝐂𝐎𝐌𝐏𝐔𝐋𝐒𝐎𝐑𝐘 𝐓𝐎 𝐀𝐓𝐓𝐀𝐂𝐇 𝐘𝐎𝐔𝐑 𝐂𝐕 𝐁𝐘 𝐔𝐏𝐃𝐀𝐓𝐈𝐍𝐆 𝐘𝐎𝐔𝐑 ""𝗜𝗞𝗠𝗔𝗡 𝗥𝗘𝗦𝗨𝗠𝗘"" ]
Hospitality with a Difference 🏨✨",,
https://ikman.lk/en/ad/need-experience-cook-anuradhapura,"Need an experienced cook for a leading hotel at Wilpattu, Anuradhapura.
Need experience in both Western and Sri Lankan menus,
Attractive salary for an experienced cook.
Food and accommodation will be provided.",,
https://ikman.lk/en/ad/room-assistant-colombo-18,"දඹුල්ල නගරයට ආසන්නව සංචාරක නිවහනක සේවය සඳහා අවංක, පලපුරුදු,දක්ෂ සේවකයෙක් අවශ්‍ය වී ඇත.",,
https://ikman.lk/en/ad/need-experienced-room-boy-anuradhapura,"We're hiring an experienced room boy for a leading hotel in Wilpattu, Anuradhapura. Attractive salary and other facilities. Accommodation and food will be provided.",,
https://ikman.lk/en/ad/hottel-seevk-seevkaa-maatr-matara-5,"⸻
🏨 හෝටල් රැකියා අවස්ථා – දැන් බදවා ගැනේ!
පුහුණු සහ නුපුහුණු – ඔබ සදහාමයි!
අපගේ හෝටල් , නිවාඩු නිකේතන සහ ආපනශාලා හී සේවය කිරීමට උද්යෝගිමත් පුද්ගලයින් සොයමින් සිටින්නෙමු.
⸻
📌 අප සොයන්නේ පහත තනතුරු සඳහාය:
🔹 ස්ටුවට් (Steward)
🔹 රූම් කීපර් (Room Keeper)
🔹 කුක් / සූපවේදියන්
🔹 ඇසිස්ටන්ට් (ආධාරක නිළධාරීන්)
🔹 වේටර් / වේට්‍රස්
🔹 රිසෙප්ෂන් නිළධාරීන්
⸻
👥 කාන්තා සහ පිරිමි දෙදෙනාටම අවස්ථාව ඇත.
📍 දිවයින පුරා සිටින අයදුම්කරුවන්ගෙන් ඉල්ලුම් කළ හැක.
⸻
💼 ප්‍රතිලාභ:
🍽️ නොමිලේ ආහාර සහ පාන
🛏️ නොමිලේ නවාතැන්
💰 මුලික වැටුප රු. 65,000/- සිට ඉහළට
📈 දක්ෂතාවය අනුව වැඩි වැටුප් ලබාදේ
⸻
📢 අවස්ථා සීමිත බැවින් අදම අමතන්න හා ඔබගේ ස්ථානය වෙන් කරවා ගන්න!
076 4363 884
076 4363 885
074 3077 561
074 3077 563
Whats app contact
076 4363 884
076 4363 885
074 3077 561
074 3077 563
⸻
ඔබේ ජීවිතයට නව පියවරක් දැමීමට හොඳම අවස්ථාව මෙය විය හැක. අදම අයදුම් කරන්න!",,
https://ikman.lk/en/ad/hottel-seevk-seevkaa-bdull-badulla-5,"⸻
🏨 හෝටල් රැකියා අවස්ථා – දැන් බදවා ගැනේ!
පුහුණු සහ නුපුහුණු – ඔබ සදහාමයි!
අපගේ හෝටල් , නිවාඩු නිකේතන සහ ආපනශාලා හී සේවය කිරීමට උද්යෝගිමත් පුද්ගලයින් සොයමින් සිටින්නෙමු.
⸻
📌 අප සොයන්නේ පහත තනතුරු සඳහාය:
\
⸻
👥 කාන්තා සහ පිරිමි දෙදෙනාටම අවස්ථාව ඇත.
📍 දිවයින පුරා සිටින අයදුම්කරුවන්ගෙන් ඉල්ලුම් කළ හැක.
⸻
💼 ප්‍රතිලාභ:
🍽️ නොමිලේ ආහාර සහ පාන
🛏️ නොමිලේ නවාතැන්
💰 මුලික වැටුප රු. 65,000/- සිට ඉහළට
📈 දක්ෂතාවය අනුව වැඩි වැටුප් ලබාදේ
⸻
📢 අවස්ථා සීමිත බැවින් අදම අමතන්න හා ඔබගේ ස්ථානය වෙන් කරවා ගන්න!
074 3077 561
074 3077 562
074 3077 563
076 4363 881
Whats app contact
074 3077 561
074 3077 562
074 3077 563
076 4363 881
⸻
ඔබේ ජීවිතයට නව පියවරක් දැමීමට හොඳම අවස්ථාව මෙය විය හැක. අදම අයදුම් කරන්න!",,
https://ikman.lk/en/ad/hottel-seevk-hikkdduv-galle,"⸻
🏨 හෝටල් රැකියා අවස්ථා – දැන් බදවා ගැනේ!
පුහුණු සහ නුපුහුණු – ඔබ සදහාමයි!
අපගේ හෝටල් , නිවාඩු නිකේතන සහ ආපනශාලා හී සේවය කිරීමට උද්යෝගිමත් පුද්ගලයින් සොයමින් සිටින්නෙමු.
⸻
📌 අප සොයන්නේ පහත තනතුරු සඳහාය:
🔹 ස්ටුවට් (Steward)
🔹 රූම් කීපර් (Room Keeper)
🔹 කුක් / සූපවේදියන්
🔹 ඇසිස්ටන්ට් (ආධාරක නිළධාරීන්)
🔹 වේටර් / වේට්‍රස්
🔹 රිසෙප්ෂන් නිළධාරීන්
⸻
👥 කාන්තා සහ පිරිමි දෙදෙනාටම අවස්ථාව ඇත.
📍 දිවයින පුරා සිටින අයදුම්කරුවන්ගෙන් ඉල්ලුම් කළ හැක.
⸻
💼 ප්‍රතිලාභ:
🍽️ නොමිලේ ආහාර සහ පාන
🛏️ නොමිලේ නවාතැන්
💰 මුලික වැටුප රු. 65,000/- සිට ඉහළට
📈 දක්ෂතාවය අනුව වැඩි වැටුප් ලබාදේ
⸻
📢 අවස්ථා සීමිත බැවින් අදම අමතන්න හා ඔබගේ ස්ථානය වෙන් කරවා ගන්න!
076 4363 885
074 3077 561
076 4363 887
074 3077 562
Whats app contact
076 4363 885
074 3077 561
076 4363 887
074 3077 562
⸻
ඔබේ ජීවිතයට නව පියවරක් දැමීමට හොඳම අවස්ථාව මෙය විය හැක. අදම අයදුම් කරන්න!",,
https://ikman.lk/en/ad/kitchen-helper-maharagama-colombo-3,"⸻
🏨 හෝටල් රැකියා අවස්ථා – දැන් බදවා ගැනේ!
පුහුණු සහ නුපුහුණු – ඔබ සදහාමයි!
අපගේ හෝටල් , නිවාඩු නිකේතන සහ ආපනශාලා හී සේවය කිරීමට උද්යෝගිමත් පුද්ගලයින් සොයමින් සිටින්නෙමු.
⸻
📌 අප සොයන්නේ පහත තනතුරු සඳහාය:
⸻
👥 කාන්තා සහ පිරිමි දෙදෙනාටම අවස්ථාව ඇත.
📍 දිවයින පුරා සිටින අයදුම්කරුවන්ගෙන් ඉල්ලුම් කළ හැක.
⸻
💼 ප්‍රතිලාභ:
🍽️ නොමිලේ ආහාර සහ පාන
🛏️ නොමිලේ නවාතැන්
💰 මුලික වැටුප රු. 65,000/- සිට ඉහළට
📈 දක්ෂතාවය අනුව වැඩි වැටුප් ලබාදේ
⸻
📢 අවස්ථා සීමිත බැවින් අදම අමතන්න හා ඔබගේ ස්ථානය වෙන් කරවා ගන්න!
076 4363 884
076 4363 885
076 4363 886
076 4363 883
Whats app contact
076 4363 884
076 4363 885
076 4363 886
076 4363 883
⸻
ඔබේ ජීවිතයට නව පියවරක් දැමීමට හොඳම අවස්ථාව මෙය විය හැක. අදම අයදුම් කරන්න!",,
https://ikman.lk/en/ad/waiter-female-maharagama-colombo,"මහරගම ප්‍රධාන පෙලේ අවන්හලක ( Vegtarian Restaurant ) රැකියා සදහා ඇබෑර්තු ඇත
වේටර්වරියන්
> පුහුණු  / නුපුහුණු  දෙපාර්ශවයම බදවා ගැනේ
> වයස අවුරුදු 21-40 අතර(  කාන්තා අයදුම්කරුවන් පමණි )
>  උදේ /දිවා / රාත්‍රී කෑම නොමිලේ
> ඉහල වැටුප් සහිතයි
+++ වැඩි විස්තර සදහා අමතන්න 0719266610 / 0779935456",,
https://ikman.lk/en/ad/hottel-seevk-seevkaa-kollmb-colombo,"⸻
🏨 හෝටල් රැකියා අවස්ථා – දැන් බදවා ගැනේ!
පුහුණු සහ නුපුහුණු – ඔබ සදහාමයි!
අපගේ හෝටල් , නිවාඩු නිකේතන සහ ආපනශාලා හී සේවය කිරීමට උද්යෝගිමත් පුද්ගලයින් සොයමින් සිටින්නෙමු.
⸻
⸻
👥 කාන්තා සහ පිරිමි දෙදෙනාටම අවස්ථාව ඇත.
📍 දිවයින පුරා සිටින අයදුම්කරුවන්ගෙන් ඉල්ලුම් කළ හැක.
⸻
💼 ප්‍රතිලාභ:
🍽️ නොමිලේ ආහාර සහ පාන
🛏️ නොමිලේ නවාතැන්
💰 මුලික වැටුප රු. 65,000/- සිට ඉහළට
📈 දක්ෂතාවය අනුව වැඩි වැටුප් ලබාදේ
⸻
📢 අවස්ථා සීමිත බැවින් අදම අමතන්න හා ඔබගේ ස්ථානය වෙන් කරවා ගන්න!
076 4363 881
074 3077 563
076 4363 883
076 4363 886
Whats app contact
076 4363 881
074 3077 563
076 4363 883
076 4363 886
⸻
ඔබේ ජීවිතයට නව පියවරක් දැමීමට හොඳම අවස්ථාව මෙය විය හැක. අදම අයදුම් කරන්න!",,
https://ikman.lk/en/ad/steward-female-kandy,"Guest Services Officer - Female
Location: Peradeniya, Kandy
Employment Type: Full-Time (Day Shift)
A newly established boutique villa in Peradeniya, catering mostly to international guests seeking a premium and personalised accommodation experience.
We are seeking a friendly, reliable and self-motivated female Guest Services Officer to join our team. This role is ideal for someone who enjoys hospitality, takes pride in maintaining high standards and can work independently in a guest-focused environment.
Key Responsibilities
•	Welcome and assist guests during their stay
•	Communicate with guests and respond to basic enquiries
•	Prepare guest rooms and ensure rooms are presented to a high standard
•	Perform housekeeping and cleaning duties in guest and common areas
•	Basic food and beverage preparation
•	Coordinate guest requests with the Property Manager
•	Monitor inventory of guest amenities and housekeeping supplies
•	Support the overall day-to-day operation of the villa
Essential Requirements
•	Hotel School qualification or equivalent hospitality training
•	Good spoken English communication skills
•	Pleasant, professional and guest-focused manner
•	Ability to work independently and responsibly
•	Strong attention to cleanliness and detail
•	Reliable, trustworthy and punctual
•	Resident within reasonable commuting distance to Angunawala, Peradeniya
Preferred Requirements
•	Previous experience in a hotel, guest house, villa or hospitality environment
•	Knowledge of additional languages
•	Experience dealing with international guests
•	Basic food preparation experience
What We Offer
•	Safe, secure and respectful working environment
•	Day shift only – no accommodation required
•	Opportunity to be part of a growing boutique hospitality business
•	Training and career development opportunities
•	Performance-based incentives
Salary Package
•	Basic Salary Rs. 50,000+
•	Occupancy Bonus+
•	Guest Review Bonus+
•	EPF/EFT
Please send your CV with a recent photograph to erandiandmax@gmail.com or WhatsApp. Shortlisted applicants will be contacted for an interview.
Only direct applicants will be considered. No recruitment agencies, labour suppliers or brokers please.",,
https://ikman.lk/en/ad/waiter-colombo-7-colombo,"Maharaja Palace Restaurant is urgently looking for enthusiastic and hardworking staff to join our team.
Available Positions:
• Waiters
• Waitresses
We Offer:
✔️ Good Salary
✔️ Service Charge
✔️ Free Staff Meals
✔️ Accommodation Provided
Location:
📍 1A, Royal Avenue, Colombo 07
(Opposite Royal College)
Contact Numbers:
📞 077 737 0563
📞 011 488 6000
Apply immediately.
Interested candidates are requested to contact us for more details.",,
https://ikman.lk/en/ad/waiters-tissamaharama-hambantota-1,"තිස්සමහාරාමයේ ප්‍රසිද්ධ සංචාරක අවන්හලක් සඳහා පළපුරුදු වේටර්වරුන් සඳහා කඩිනමින් ඇබෑර්තු ඇත.
විමසීම් – 0774440374 / 0769856699 (whatsapp)",,
https://ikman.lk/en/ad/kitchen-helper-colombo-993,"We are looking for energetic and motivated individuals to join our restaurant team for the following positions:
Salary: Rs. 35,000 + Service Charge 100%
Benefits:
• Accommodation provided
• Staff meals provided
• Uniforms provided
• 6 days leave per month
If you are passionate about working in the hospitality industry and ready to grow with us, please send your CV or contact us today.
Contact - MR Dasun 0777403052",,
https://ikman.lk/en/ad/bartender-colombo-40,"We are looking for energetic and motivated individuals to join our restaurant team for the following positions:
Salary: Rs. 50,000 + Service Charge 100%
Benefits:
• Accommodation provided
• Staff meals provided
• Uniforms provided
• 6 days leave per month
If you are passionate about working in the hospitality industry and ready to grow with us, please send your CV or contact us today.
Contact - MR Dasun 0777403052",,
https://ikman.lk/en/ad/steward-colombo-489,"We are looking for energetic and motivated individuals to join our restaurant team for the following positions:
Salary: Rs. 50,000 + Service Charge 100%
Benefits:
• Accommodation provided
• Staff meals provided
• Uniforms provided
• 6 days leave per month
If you are passionate about working in the hospitality industry and ready to grow with us, please send your CV or contact us today.
Contact - MR Dasun 0777403052",,
https://ikman.lk/en/ad/baristas-a-male-female-colombo,"# උණවටුන සහ ගාල්ල කොටුව කොළඹ  පිහිටි සංචාරක රිසොර්ට් එකක් සදහා
# සියළු පහසුකම් ආහාර පාන සමගින් ඉහළ වැටුප් දීමනාවන් හිමිවේ .
# යාමට ඒමට හැකියාව ඇති අය විශේෂයි . ඉහළ සුදුසුකම් අවශ්‍ය නොවෙයි .
#දුර පළාත් අය සදහා නවාතැන් ලබාදේ
සතියේ දිනයක උදෑසන පැමිණෙන්න
ඕනෑම අයෙකුට මේ සදහා පුහුණු නුපුහුණු දෙපාර්ශවයෙන්ම ඇබෑර්තු ඇත .
විමසීම් - 0774 -  076511
Operator Unawatuna and Galle ,Colombo
Contact - 0772268402",,
https://ikman.lk/en/ad/experienced-boutique-hotel-manager-matale,"Experienced Boutique Hotel Manager Wanted
We are seeking an experienced, passionate, and results-driven Boutique Hotel Manager to oversee the daily operations of our boutique hotel and ensure exceptional guest experiences while driving business growth and profitability.
Key Responsibilities:
* Manage all aspects of hotel operations, including front office, housekeeping, food & beverage, maintenance, and guest relations.
* Deliver outstanding customer service and maintain the highest hospitality standards.
* Lead, train, and motivate staff to achieve operational excellence.
* Monitor budgets, control costs, and maximize occupancy and revenue.
* Handle guest feedback and resolve issues promptly and professionally.
* Develop and implement strategies to improve guest satisfaction and business performance.
* Ensure compliance with all health, safety, and hospitality regulations.
Requirements:
* Proven experience as a Hotel Manager, Boutique Hotel Manager, or similar hospitality management role.
* Strong leadership, communication, and organizational skills.
* Excellent understanding of hotel operations, budgeting, and revenue management.
* Ability to work independently and take ownership of business performance.
* Experience with hotel management software and reservation systems.
* A passion for hospitality and creating memorable guest experiences.
What We Offer:
* Competitive salary package based on experience and performance.
* Free accommodation provided.
* Meals provided.
* Supportive working environment.
* Career growth and development opportunities.
If you are an energetic hospitality professional with a proven track record of successfully managing hotel operations and growing business performance, we would love to hear from you.
To Apply: Please send your CV and cover letter by whatsapp to 077 110 69 07
Only experienced candidates with a strong hospitality background will be considered.",,
https://ikman.lk/en/ad/kitchen-helper-peradeniya-kandy-2,"HOTEL VACANCIES – Peradeniya
# 𝐏𝐎𝐒𝐈𝐓𝐈𝐎𝐍 | තනතුර : Kitchen helper - Peradeniya
========================
# 𝐑𝐄𝐐𝐔𝐈𝐑𝐄𝐌𝐄𝐍𝐓𝐒 | සුදුසුකම් :
~ Age Below 45 years old .
~ Must have experience in a relevant field at least 01 year
~ Residing in and around Kandy Area will be an added advantage
~ Foods, Accommodations and Uniform will provide by the Hotel
~ Offering competitive salaries
# 𝐇𝐎𝐖 𝐓𝐎 𝐀𝐏𝐏𝐋𝐘 | අයඳුම් කලයුතු ආකාරය :
＃ : 0762918423",,
https://ikman.lk/en/ad/receptionist-male-female-kandy-kandy-2,"𝐏𝐎𝐒𝐈𝐓𝐈𝐎𝐍 - Hotel Receptionist (Male / Female) – Kandy
========================
𝐑𝐄𝐐𝐔𝐈𝐑𝐄𝐌𝐄𝐍𝐓𝐒
♦ Age below 35 years
♦ Must have at least 01 year experience in Front Office / Reception
♦ Diploma or course in Hospitality / Front Office is preferred
♦ Good communication skills in English (additional languages are an advantage)
♦ Basic computer knowledge (MS Office / hotel systems) will be an advantage
♦ Friendly personality with good customer service skills
♦ Food, accommodation will be provided by the hotel
♦ Attractive salary package
Apply now :- Call for more information
More Information ＃ :- 0776589593",,
https://ikman.lk/en/ad/restaurant-waiter-dambulla-matale-1,"We Are Hiring – Join Our Hospitality Team in Dambulla
We are looking for energetic and experienced individuals for the following positions:
Barman
Restaurant Waiter
Stewardess / Captains
Bar Waiter
Requirements:
• Age below 35 years
• Passed G.C.E A/L
• Minimum 1 year experience in a relevant field
• Good communication skills in English will be an added advantage
• Ability to work with a young and dynamic team
• Candidates residing in and around  Dambulla area will be an added advantage
Benefits:
• Attractive salary package
• Free food, accommodation & uniform provided by the hotel
Contact: 0742435564",,
https://ikman.lk/en/ad/ruum-kiipr-polonnruv-polonnaruwa,"⸻
🏨 හෝටල් රැකියා අවස්ථා – දැන් බදවා ගැනේ!
පුහුණු සහ නුපුහුණු – ඔබ සදහාමයි!
අපගේ හෝටල් , නිවාඩු නිකේතන සහ ආපනශාලා හී සේවය කිරීමට උද්යෝගිමත් පුද්ගලයින් සොයමින් සිටින්නෙමු.
⸻
📌 අප සොයන්නේ පහත තනතුරු සඳහාය:
🔹 රූම් කීපර් (Room Keeper)
⸻
👥 කාන්තා සහ පිරිමි දෙදෙනාටම අවස්ථාව ඇත.
📍 දිවයින පුරා සිටින අයදුම්කරුවන්ගෙන් ඉල්ලුම් කළ හැක.
⸻
💼 ප්‍රතිලාභ:
🍽️ නොමිලේ ආහාර සහ පාන
🛏️ නොමිලේ නවාතැන්
💰 මුලික වැටුප රු. 65,000/- සිට ඉහළට
📈 දක්ෂතාවය අනුව වැඩි වැටුප් ලබාදේ
⸻
📢 අවස්ථා සීමිත බැවින් අදම අමතන්න හා ඔබගේ ස්ථානය වෙන් කරවා ගන්න!
074 3077 563
074 3077 561
076 4363 884
076 4363 883
Whats app contact
074 3077 563
074 3077 561
076 4363 884
076 4363 883
⸻
ඔබේ ජීවිතයට නව පියවරක් දැමීමට හොඳම අවස්ථාව මෙය විය හැක. අදම අයදුම් කරන්න!",,
https://ikman.lk/en/ad/sttuvtt-mhnuvr-kandy,"⸻
🏨 හෝටල් රැකියා අවස්ථා – දැන් බදවා ගැනේ!
පුහුණු සහ නුපුහුණු – ඔබ සදහාමයි!
අපගේ හෝටල් , නිවාඩු නිකේතන සහ ආපනශාලා හී සේවය කිරීමට උද්යෝගිමත් පුද්ගලයින් සොයමින් සිටින්නෙමු.
⸻
📌 අප සොයන්නේ පහත තනතුරු සඳහාය:
🔹 ස්ටුවට් (Steward)
⸻
👥 කාන්තා සහ පිරිමි දෙදෙනාටම අවස්ථාව ඇත.
📍 දිවයින පුරා සිටින අයදුම්කරුවන්ගෙන් ඉල්ලුම් කළ හැක.
⸻
💼 ප්‍රතිලාභ:
🍽️ නොමිලේ ආහාර සහ පාන
🛏️ නොමිලේ නවාතැන්
💰 මුලික වැටුප රු. 65,000/- සිට ඉහළට
📈 දක්ෂතාවය අනුව වැඩි වැටුප් ලබාදේ
⸻
📢 අවස්ථා සීමිත බැවින් අදම අමතන්න හා ඔබගේ ස්ථානය වෙන් කරවා ගන්න!
074 3077 561
074 3077 562
074 3077 563
076 4363 884
Whats app contact
074 3077 561
074 3077 562
074 3077 563
076 4363 884
⸻
ඔබේ ජීවිතයට නව පියවරක් දැමීමට හොඳම අවස්ථාව මෙය විය හැක. අදම අයදුම් කරන්න!",,
https://ikman.lk/en/ad/room-boy-kandy-114,"An experienced all-round room  boy  and butler/caretaker or chef/cook with experience in cooking for foreign guests are urgently  wanted to work in boutique hotel in Kandy. Attractve salary, food and lodging.
Please call 0768278659 or Whatsapp 0775647779 or email resume to serenitykandy@yahoo.com.",,
https://ikman.lk/en/ad/kitchen-helper-female-colombo-4,"【Hiring】Kitchen Helper (Female Preferred)
Due to business expansion, we are now hiring two kitchen helpers.
Job Responsibilities:
• Maintain the cleanliness and hygiene of the restaurant;
• Assist the kitchen with simple food preparation.
Job Requirements:
• Age 25-45, female preferred
• Strong sense of responsibility, outgoing personality, and a serious and responsible work attitude;
• Basic Chinese or English communication skills preferred;
• Prior catering experience preferred, but training will be provided for those without experience.
Salary and Benefits:
✔️ For salary details, please add WhatsApp: 763281042
Work Location: Colombo, Section 7
Work Hours: 9:00 AM to 9:00 PM
We welcome diligent, enthusiastic, and responsible individuals to join us!
WhatsApp: 763281042",,
https://ikman.lk/en/ad/prsiddh-hoottl-sdhaa-shaaykyaa-puhunnu-nupuhunnu-seevk-seevikaavn-kurunegala,"🏨✨ දිවයිනේ ප්‍රමුඛ පෙළේ සුඛෝපභෝගී හෝටල් ජාලයන් සඳහා කඩිනම් බඳවා ගැනීම්! ✨🏨
අති නවීන පහසුකම් සහිත, වායු සමීකරණය කරන ලද තරු පන්තියේ හෝටල් සඳහා සේවය කිරීමට කැමති ඔබට අනගි අවස්ථාවක්!
👨‍🍳 තනතුර සඳහා පුහුණු / නුපුහුණු කාන්තා හා පිරිමි සේවකයින් බඳවා ගැනේ.
📍 රැකියා ස්ථාන
📢කොලඹ
📢නුවර
📢කුරුණෑගල
📢කලුතර
📢 සහ දිවයිනේ සෑම ප්‍රදේශයකම පිහිටි හෝටල් සඳහා
📋 සුදුසුකම් ✔ වයස අවුරුදු 18 - 45 අතර
✔ ගැහැනු / පිරිමි දෙපාර්ශ්වයටම අවස්ථාව
✔ පුහුණු / නුපුහුණු අයදුම්කරුවන්ට අයදුම් කළ හැක
✔ හෝටල් ක්ෂේත්‍රයේ පළපුරුද්ද ඇති අයට විශේෂ සැලකිල්ල
💰 වැටුප් හා දීමනා ✔ මාසික වැටුප රු. 55,000 - 95,000+ දක්වා
✔ සර්විස් චාර්ජ් සහ අතිකාල දීමනා
✔ දිරි දීමනා සහ වැටුප් වර්ධක
✔ ස්ථිර සේවයට බඳවා ගැනීමේ අවස්ථාව
✔ ප්‍රධාන ආහාර වේල් නොමිලේ
✔ නවාතැන් පහසුකම් නොමිලේ
✔ දක්ෂතාවය සහ පළපුරුද්ද මත වැඩි වැටුප්
⚡ අවස්ථා සීමිතයි!
📞 වැඩි විස්තර සඳහා අමතන්න: 0767930799
(📲 WhatsApp මගින්ද සම්බන්ධ වී ඔබගේ රැකියා අවස්ථාව අදම වෙන් කරවා ගත හැක.)",,
https://ikman.lk/en/ad/kitchen-helper-colombo-992,"🍜 Kitchen Helper – Chinese Restaurant 🍜
We are looking for a dedicated Kitchen Helper to join our Chinese restaurant team.
✅ Full-time position
✅ Free accommodation provided
✅ Free food (3 meals per day)
✅ Minimum 3 years of experience required
✅ We need Kitchen Helper, Cashier
✅ Educational qualification: Up to O/L
📞 Contact via Call or WhatsApp: 077 672 9408
========================
🍜 මුළුතැන්ගෙයි සහායක (Kitchen Helper) – Chinese ආපනශාලාවක් සඳහා 🍜
අපගේ Chinese ආපනශාලා කණ්ඩායම සමඟ එකතු වීමට කැපවීමෙන් වැඩ කළ හැකි මුළුතැන්ගෙයි සහායකයෙකු සොයනු ලැබේ.
✅ පූර්ණ කාලීන රැකියාවකි (Full-time)
✅ නොමිලේ නවාතැන් පහසුකම් සැපයේ
✅ නොමිලේ ආහාර (දිනකට වේල් 3ම)
✅ අවම වශයෙන් වසර 3ක පළපුරුද්දක් තිබිය යුතුය
✅ අපට මුළුතැන්ගෙයි සහායක, මුදල් අයකැමි අවශ්‍යයි.
✅ අධ්‍යාපන සුදුසුකම: සාමාන්‍ය පෙළ (O/L) දක්වා
📞 ඇමතුම් හෝ WhatsApp මඟින් සම්බන්ධ වන්න: 077 672 9408
========================
🍜 சமையலறை உதவியாளர் (Kitchen Helper) – சீன உணவகம் 🍜
எங்களது சீன உணவகக் குழுவில் இணைந்துகொள்வதற்கு அர்ப்பணிப்புடன் பணியாற்றக்கூடிய சமையலறை உதவியாளர் ஒருவர் தேவைப்படுகிறார்.
✅ முழுநேரப் பணி (Full-time)
✅ இலவச தங்குமிட வசதி வழங்கப்படும்
✅ இலவச உணவு (நாளைக்கு 3 வேளை உணவு)
✅ குறைந்தது 3 வருட அனுபவம் அவசியம்
✅ சமையலறை உதவியாளர், காசாளர் தேவை
✅ கல்வித் தகுதி: சாதாரண தரம் (O/L) வரை
📞 அழைப்புகள் அல்லது WhatsApp மூலம் தொடர்பு கொள்ளவும்: 077 672 9408",,
https://ikman.lk/en/ad/kitchen-restaurant-helper-wanted-sigiriya-matale,"සීගිරියේ අලුතින්ම ආරම්භ කරන අපගේ අවන්හල (Restaurant) සඳහා Kitchen Helper කෙනෙකු වහාම අවශ්‍ය කර තිබේ. 👨‍🍳🔥
අප සොයන්නේ කඩිසර, පිරිසිදුකම අගය කරන, සහ වගකීමෙන් වැඩ කළ හැකි පුද්ගලයෙකි.
📌 අවශ්‍ය සුදුසුකම්:
වයස අවුරුදු 18 - 25 අතර විය යුතුය.
පිරිසිදුකම සහ විනයගරුක බව ඉතා වැදගත් වේ.
හෝටල් ක්ෂේත්‍රයේ පළපුරුද්දක් ඇත්නම් විශේෂ වාසියකි (පළපුරුද්දක් නොමැති වුවද උනන්දුවක් ඇත්නම් සලකා බලනු ලැබේ).
💰 ප්‍රතිලාභ:
ආකර්ෂණීය වැටුපක්: රු. 35,000 - 45,000 දක්වා.
නොමිලේ කෑම බීම සහ නවාතැන් පහසුකම් සැපයේ.
📞 අදම අමතන්න: 0763019300
We are looking for an energetic and hardworking Kitchen / Restaurant Helper for our brand-new restaurant opening soon in Sigiriya. 👨‍🍳🔥
📌 Requirements:
Age between 18 - 25 years.
Must maintain high standards of cleanliness and discipline.
Prior experience in the hotel/restaurant industry is an advantage, but passionate beginners are also welcome to apply.
Candidates from the Sigiriya area are preferred.
💰 Benefits:
Attractive Salary: Rs. 35,000 - 45,000 (Negotiable based on experience).
Free Food & Accommodation provided.
📞 Contact Us Today: 0763019300",,
https://ikman.lk/en/ad/room-boy-gampaha-80,We are looking for a room boy between 25 to 45 who have a general English knowledge and experience in a relevant field. Accomodation is provided.,,
https://ikman.lk/en/ad/kitchen-helper-mannar-mannar,"🏮உடனடி வேலைவாய்ப்பு
🔰மன்னாரில் இயங்கும் பிரபல ஹோட்டல் ஒன்றிற்கு பின்வரும் வேலையாட்கள் தேவை.
Kitchen helper:-01
Working time:-10.00am—10.00pm
Salary:-55,000/-–60,000/-
Monthly off day:-03
✅குறித்த துறையில் முன்னனுபவம் உள்ளவர்களுக்கு முன்னுரிமை வழங்கப்படும்.
✅தங்குமிடம்🏡, உணவு🍝 வழங்கப்படும்.
Location
Nanattan
Mannar",,
https://ikman.lk/en/ad/tourist-hotel-all-round-room-attendant-colombo,"✴️Tourist Hotel Vacancy
⭕All Round Room Attendant
🔶Gender :- Male
♦️Age :- 18 and above
✅Work Experience not Needed
🔰 Accomodations and Meals Provided.
📍Location :- Colombo 8
📲Contact :-  0777567388",,
https://ikman.lk/en/ad/waiter-colombo-597,"🍴Now Hiring – Torena Cafe & Restaurant 🍴
Join Our Professional Kitchen Team!
Torena Cafe & Restaurant is looking for skilled and dedicated kitchen staff to be part of our growing restaurant.
Who We’re Looking For:
✔ Experience in a hotel or restaurant kitchen
✔ Passion for cooking and food quality
✔ Team player with a positive attitude
✔ Ability to work under pressure
✔ Good hygiene standards
What We Offer:
⭐ Attractive salary (based on experience)
⭐ Friendly and professional work environment
⭐ Career growth opportunities
📍 Location: Torena Cafe & Restaurant
📞 Contact: 0717792999
📆 Immediate hiring – Apply now!
🍴 Torena Cafe & Restaurant – රැකියා අවස්ථා 🍴
Torena Cafe & Restaurant හි අපගේ කුස්සියට පළපුරුදු සහ කැපවූ සේවකයින් අවශ්‍යයි.
අවශ්‍යතා:
✔ හෝටල් / රෙස්ටොරන්ට් කුස්සියේ පළපුරුද්ද
✔ කණ්ඩායම් ලෙස වැඩ කිරීමට හැකියාව
✔ පිරිසිදුකම සහ වගකීම
✔ කාලසටහන් අනුව වැඩ කිරීමට හැකියාව
අප ලබාදෙන දේ:
⭐ පළපුරුද්දට අනුව වැටුප්
⭐ හිතකර වැඩ පරිසරයක්
⭐ උසස්වීම් අවස්ථා
📍 ස්ථානය: Torena Cafe & Restaurant
📞 දුරකථන: 0717792999
📆 ඉක්මනින් අයදුම් කරන්න!
🍴 Torena Cafe & Restaurant – வேலை வாய்ப்புகள் 🍴
Torena Cafe & Restaurant-இல் எங்கள் சமையலறை குழுவில் சேர அனுபவமுள்ள மற்றும் அர்ப்பணிப்புள்ள பணியாளர்கள் தேவை.
தகுதிகள்:
✔ ஹோட்டல் / உணவகம் சமையலறை அனுபவம்
✔ குழுவாக வேலை செய்யும் திறன்
✔ நல்ல சுகாதார பழக்கங்கள்
✔ பொறுப்புடன் வேலை செய்யும் மனப்பான்மை
✔ நேர அட்டவணைக்கு ஏற்ப வேலை செய்யும் திறன்
நாங்கள் வழங்குவது:
⭐ அனுபவத்திற்கு ஏற்ப நல்ல சம்பளம்
⭐ நல்ல வேலை சூழல்
⭐ வளர்ச்சி வாய்ப்புகள்
📍 இடம்: Torena Cafe & Restaurant
📞 தொடர்பு: 0717792999
📆 உடனடி நியமனம் – இன்றே விண்ணப்பிக்கவும்!",,
https://ikman.lk/en/ad/bartender-colombo-35,"🍴Now Hiring – Torena Cafe & Restaurant 🍴
Join Our Professional Kitchen Team!
Torena Cafe & Restaurant is looking for skilled and dedicated kitchen staff to be part of our growing restaurant.
Who We’re Looking For:
✔ Experience in a hotel or restaurant kitchen
✔ Passion for cooking and food quality
✔ Team player with a positive attitude
✔ Ability to work under pressure
✔ Good hygiene standards
What We Offer:
⭐ Attractive salary (based on experience)
⭐ Friendly and professional work environment
⭐ Career growth opportunities
📍 Location: Torena Cafe & Restaurant
📞 Contact: 0717792999
📆 Immediate hiring – Apply now!
🍴 Torena Cafe & Restaurant – රැකියා අවස්ථා 🍴
Torena Cafe & Restaurant හි අපගේ කුස්සියට පළපුරුදු සහ කැපවූ සේවකයින් අවශ්‍යයි.
අවශ්‍යතා:
✔ හෝටල් / රෙස්ටොරන්ට් කුස්සියේ පළපුරුද්ද
✔ කණ්ඩායම් ලෙස වැඩ කිරීමට හැකියාව
✔ පිරිසිදුකම සහ වගකීම
✔ කාලසටහන් අනුව වැඩ කිරීමට හැකියාව
අප ලබාදෙන දේ:
⭐ පළපුරුද්දට අනුව වැටුප්
⭐ හිතකර වැඩ පරිසරයක්
⭐ උසස්වීම් අවස්ථා
📍 ස්ථානය: Torena Cafe & Restaurant
📞 දුරකථන: 0717792999
📆 ඉක්මනින් අයදුම් කරන්න!
🍴 Torena Cafe & Restaurant – வேலை வாய்ப்புகள் 🍴
Torena Cafe & Restaurant-இல் எங்கள் சமையலறை குழுவில் சேர அனுபவமுள்ள மற்றும் அர்ப்பணிப்புள்ள பணியாளர்கள் தேவை.
தகுதிகள்:
✔ ஹோட்டல் / உணவகம் சமையலறை அனுபவம்
✔ குழுவாக வேலை செய்யும் திறன்
✔ நல்ல சுகாதார பழக்கங்கள்
✔ பொறுப்புடன் வேலை செய்யும் மனப்பான்மை
✔ நேர அட்டவணைக்கு ஏற்ப வேலை செய்யும் திறன்
நாங்கள் வழங்குவது:
⭐ அனுபவத்திற்கு ஏற்ப நல்ல சம்பளம்
⭐ நல்ல வேலை சூழல்
⭐ வளர்ச்சி வாய்ப்புகள்
📍 இடம்: Torena Cafe & Restaurant
📞 தொடர்பு: 0717792999
📆 உடனடி நியமனம் – இன்றே விண்ணப்பிக்கவும்!",,
https://ikman.lk/en/ad/kitchen-assistant-colombo-14,"-Responsibilities -
*Help assemble, wrap, and pack food orders.
*Maintain cleanliness and hygiene in the kitchen area.
*Support stock arrangement and ingredient preparation.
- Experience Needed Minimum 1 Year.
- Age between 20-45 Years Old.
- 55,000 – 65,000 Monthly Salary + OT
- Salaries on Experiences
- Accommodation's & Food Free.
- Location - Colombo
කොළඹ ප්‍රසිද්ධ ප්‍රතිසංස්කරණ ආයතනයක පළපුරුදු මුළුතැන්ගෙයි සහායක සඳහා පුරප්පාඩු තිබේ.
- වගකීම් -
*ආහාර ඇණවුම් එකලස් කිරීමට, ඔතා ගැනීමට සහ ඇසුරුම් කිරීමට උදව් කරන්න.
*මුළුතැන්ගෙයි ප්‍රදේශයේ පිරිසිදුකම සහ සනීපාරක්ෂාව පවත්වා ගන්න.
*තොග සැකසීමට සහ අමුද්‍රව්‍ය සකස් කිරීමට සහාය වන්න.
- අවම වශයෙන් වසර 1 ක පළපුරුද්දක් අවශ්‍යයි.
- වයස අවුරුදු 20-45 අතර.
- 55,000 – 65,000 මාසික වැටුප + OT
- අත්දැකීම් මත වැටුප්
- නවාතැන් සහ ආහාර නොමිලේ.
- ස්ථානය - කොළඹ",,
https://ikman.lk/en/ad/kitchen-helper-colombo-991,"👨‍🍳 Kitchen Helper (කිචන් හෙල්පර්)
💰 වැටුප : රු. 35,000 - 50,000
🎁 ප්‍රතිලාභ
✅ වැටුප + Service Charge
✅ ආහාර නොමිලේ ලබා දේ 🍛
✅ නොමිලේ නවාතැන් පහසුකම් 🏠
✅ පහසු සේවා මුර (Flexible Shifts)
👤 අයදුම්කරුවන් සඳහා
🔹 වයස අවුරුදු 17 – 28 අතර
🔹 උනන්දුව සහ කාර්යශූරභාවය ඇති අය විශේෂයෙන් සුදුසුයි
📍 සේවා ස්ථාන
📌 මොරටුව
📌 මාලබේ
📌 නුගේගොඩ
📌 කොළඹ 10
📢 ඉක්මනින් බඳවා ගැනේ! සීමිත අවස්ථා
📞 වැඩි විස්තර සඳහා අදම අමතන්න:
076 432 8456",,
https://ikman.lk/en/ad/houseboy-airbnb-beach-houses-mirissa-area-matara,"Houseboy – Airbnb Beach Houses (Mirissa Area)
We are looking for a reliable, energetic, and hardworking Houseboy to support the day-to-day operations of our two Airbnb beachfront houses.
Age: 20–40 years
Key Responsibilities:
Assisting with cleaning and preparing rooms for arriving guests
Helping maintain the garden and outdoor areas
Carrying luggage and assisting guests when required
Supporting the caretaker with daily property operations
Ensuring the houses and surrounding areas are clean, tidy, and well maintained
Running occasional errands and assisting with general upkeep
Requirements:
Physically fit and able to carry out cleaning and maintenance tasks
Positive attitude and willingness to learn
Honest, responsible, and punctual
Friendly and respectful when interacting with guests
Previous experience in hospitality, guesthouses, hotels, or Airbnb properties is an advantage
Basic English communication skills preferred
About the Role
The property consists of two beachfront houses managed by an experienced caretaker. This position is an assistant role, supporting the caretaker with cleaning, guest assistance, garden maintenance, and general property upkeep to ensure an excellent guest experience.
Important
Applicants must have their own accommodation and transportation arrangements.
Accommodation is not provided with this position.
Location: Kamburugamuwa / Mirissa
Interested candidates may call or WhatsApp: 077 3109381",,
https://ikman.lk/en/ad/kitchen-helper-narahenpita-colombo,"Vacancy: Kitchen Helper
We are looking for hardworking, reliable, and disciplined Kitchen Helpers to join our team at Dad Thai.
Benefits:
* Basic salary plus allowances
* OT payments where applicable
* Training will be provided
* Promotion opportunities as the business expands
* Opportunity to learn Thai food preparation, kitchen operations, and wok handling under guidance
* Hotel school students looking for internship opportunities are encouraged to apply, with permanent job opportunities available based on performance
Requirements:
* Male candidates preferred
* Age: 18–40 years
* Physically fit and able to work in a fast-paced environment
* Good attitude and willingness to learn
* Interest in learning kitchen operations and Thai-style cooking
* Ability to maintain high standards of cleanliness
* Reliable, punctual, and hardworking
* Previous experience in a restaurant or hotel environment will be an advantage
* Basic understanding of food hygiene and cleanliness is preferred
Main Responsibilities:
* Assist the chef/kitchen team with daily food preparation
* Wash, cut, portion, and arrange ingredients
* Support the kitchen team during lunch and dinner rush
* Assist in receiving and organizing supplies
* Keep the kitchen clean and organized
* Follow food safety and hygiene standards at all times
* Support kitchen staff with basic preparation tasks when required
* Help with stock arrangement and basic inventory checking
* Support order packing when required
* Learn basic Thai food preparation methods under guidance
* Learn how to assist and eventually take responsibility at the wok station based on performance and training
* Follow instructions from the supervisor/management
* Be punctual and responsible with assigned duties
Send us your CV or details to dadthai.lk@gmail.com or call 072 458 6410 if interested.
රැකියා අවස්ථාව: Kitchen Helper
Dad Thai අපගේ කණ්ඩායමට සම්බන්ධ වීමට මහන්සි වී වැඩ කළ හැකි, විශ්වාසවන්ත සහ වගකීමෙන් කටයුතු කළ හැකි Kitchen Helpers බඳවා ගැනීමට අපි බලාපොරොත්තු වෙමු.
ප්‍රතිලාභ:
* මූලික වැටුප සහ දීමනා
* අවශ්‍ය අවස්ථාවල OT ගෙවීම්
* පුහුණුව ලබා දෙනු ලැබේ
* ව්‍යාපාරය වර්ධනය වන විට උසස්වීම් අවස්ථා
* Thai food preparation, kitchen operations සහ wok handling ඉගෙන ගැනීමට අවස්ථාව
* Internship අවස්ථා සොයන hotel school students අයදුම් කිරීමට උනන්දු කරනු ලැබේ. Performance අනුව permanent job opportunities ලබා ගත හැක
අවශ්‍ය සුදුසුකම්:
* පිරිමි අපේක්ෂකයන්ට ප්‍රමුඛතාවය
* වයස අවුරුදු 18–40 අතර
* කාර්යබහුල පරිසරයක වැඩ කිරීමට ශාරීරිකව සුදුසු වීම
* හොඳ attitude එකක් සහ ඉගෙන ගැනීමට කැමැත්ත තිබීම
* Kitchen operations සහ Thai-style cooking ඉගෙන ගැනීමට උනන්දුවක් තිබීම
* ඉහළ පිරිසිදුකමක් පවත්වාගෙන යා හැකි වීම
* විශ්වාසවන්ත, punctual සහ මහන්සි වී වැඩ කළ හැකි වීම
* Restaurant හෝ hotel environment එකක පෙර පළපුරුද්ද තිබීම වාසියකි
* Food hygiene සහ cleanliness පිළිබඳ මූලික අවබෝධයක් තිබීම වාසියකි
ප්‍රධාන වගකීම්:
* දෛනික food preparation සඳහා chef/kitchen team එකට සහාය වීම
* Ingredients සෝදා, කපා, portion කර, පිළිවෙලට සකස් කිරීම
* Lunch සහ dinner rush වේලාවල kitchen team එකට සහාය වීම
* Supplies ලැබෙන විට ඒවා ලබාගෙන පිළිවෙලට සකස් කිරීමට සහාය වීම
* Kitchen එක පිරිසිදුව සහ පිළිවෙලින් තබා ගැනීම
* Food safety සහ hygiene standards සෑම විටම අනුගමනය කිරීම
* අවශ්‍ය අවස්ථාවල basic preparation tasks සඳහා kitchen staff එකට සහාය වීම
* Stock arrangement සහ basic inventory checking සඳහා සහාය වීම
* අවශ්‍ය අවස්ථාවල order packing සඳහා සහාය වීම
* Thai food preparation methods මූලිකව ඉගෙන ගැනීම
* Training සහ performance අනුව wok station එකේ වැඩ කිරීමට සහ පසුව වගකීමක් භාර ගැනීමට ඉගෙන ගැනීම
* Supervisor/management ලබාදෙන උපදෙස් අනුව වැඩ කිරීම
* ලබාදෙන රාජකාරි සඳහා punctual සහ වගකීමෙන් කටයුතු කිරීම
උනන්දුවක් ඇත්නම් ඔබගේ CV එක හෝ විස්තර dadthai.lk@gmail.com  වෙත එවන්න, නැතිනම් 072 458 6410 අමතන්න.",,
https://ikman.lk/en/ad/hotel-all-rounder-ella-badulla-1,"⭕ හෝටල් ඕල්රවුන්ඩර්
✅අත්දැකීම් අවශ්‍යයි
📍ස්ථානය :- ඇල්ල, කරදගොල්ල.
📲සම්බන්ධතා :- 0771299210
⭕ Hotel Allrounder
✅Need Experience
📍Location :- Ella, Karadagolla.
📲Contact :- 0771299210",,
https://ikman.lk/en/ad/barman-kandy-kandy,"We Are Hiring – Join Our Hospitality Team in Kandy
We are looking for energetic and experienced individuals for the following positions:
Requirements:
• Age below 35 years
• Passed G.C.E A/L
• Minimum 1 year experience in a relevant field
• Good communication skills in English will be an added advantage
• Ability to work with a young and dynamic team
• Candidates residing in and around  Kandy  area will be an added advantage
Benefits:
• Attractive salary package
• Free food, accommodation & uniform provided by the hotel
Contact : 0762918423",,
https://ikman.lk/en/ad/kitchen-helper-negombo-gampaha-2,"HOTEL VACANCIES – Negombo
# 𝐏𝐎𝐒𝐈𝐓𝐈𝐎𝐍 | තනතුර : Kitchen Helper – Negombo
========================
# 𝐑𝐄𝐐𝐔𝐈𝐑𝐄𝐌𝐄𝐍𝐓𝐒 | සුදුසුකම් :
~ Age Below 45 years old .
~ Must have experience in a relevant field at least 01 year
~ Residing in and around Negombo
Area will be an added advantage
~ Foods, Accommodations and Uniform will provide by the Hotel
~ Offering competitive salaries
# 𝐇𝐎𝐖 𝐓𝐎 𝐀𝐏𝐏𝐋𝐘 | අයඳුම් කලයුතු ආකාරය :
＃ : 0776185564",,
https://ikman.lk/en/ad/manager-jaffna-jaffna,"யாழ் நகரில் இயங்கும் பிரபல சைவ உணவகத்திற்க்கு பின்வரும் வேலையாட்கள் தேவை.
🛑 MANAGER
முகாமையாளர்
👉ஆண், பெண் இருபாலரும் விரும்பத்தக்கது.
🔖முன்னனுபவம் இருத்தல் விரும்பத்தக்கது.
🛑 பார்சல் கட்டுபவர்
👉ஆண், பெண் இருபாலரும் விரும்பத்தக்கது.
🛑 DISH WASHER
பாத்திரம் கழுபுபவர்
👉ஆண், பெண் இருபாலரும் விரும்பத்தக்கது.
🔖முன்னனுபவம் இருத்தல் விரும்பத்தக்கது.
🔴  நேரத்தை வீணடிக்காது  வேலையில் ஆர்வமுள்ளவர்கள் மட்டும் தொடர்புகொள்ளவும்.
📱தொடர்புகளுக்கு:-
0715550008",,
https://ikman.lk/en/ad/room-assistant-hambantota,"තංගල්ල ප්‍රදේශයේ පිහිටි කාමර 4කින් සහ පිහිනුම් තටාකයකින් සමන්විත හෝටලයක් මෙහෙයවීම සඳහා සියලුම වැඩකටයුතු පිළිබඳ මනා පළපුරුද්දක් ඇති (All Rounder) අයෙකු වහාම අවශ්‍ය කර තිබේ.
නවාතැන් පහසුකම් සහ ආහාර පාන නොමිලේ සැපයේ.
වැටුප 50,000 + Service charge
ඔබ හෝටල් ක්ෂේත්‍රයේ පළපුරුද්දක් ඇති, වගකීමෙන් යුතුව වැඩ කළ හැකි අයෙකු නම් අදම අප හා සම්බන්ධ වන්න.
වැඩි විස්තර සඳහා අමතන්න:0714728769",,
https://ikman.lk/en/ad/waiters-colombo-192,"Positions are available across all our branches.
✅ Waiters
we’re looking for passionate individuals to join our team!",,
https://ikman.lk/en/ad/kitchen-helper-gampaha-159,"Kitchen Helper Vacancies – High Salary
🔹 Attractive salary with additional benefits
🔹 Free accommodation and meals provided
🔹 Permanent employment in a friendly working environment
🔹 Open to applicants aged 18–40 years
📍 Limited vacancies available
📞 Call today for more information and apply now!
ඉහළ වැටුප් සහිත මුළුතැන්ගෙයි සහයක රැකියා ඇබෑර්තු
🔹 ඉහළ වැටුප් හා අමතර දීමනා
🔹 නවාතැන් පහසුකම් සහ ආහාරපාන නොමිලේ
🔹 ස්ථිර සේවය සහ සුහද සේවා පරිසරය
🔹 වයස අවුරුදු 18 – 40අතර අය සඳහා
📍 සීමිත ඇබෑර්තු සංඛ්‍යාවක් පමණි
📞 අදම අමතා වැඩි විස්තර ලබාගන්න!",,
https://ikman.lk/en/ad/linn-kaamr-shkaar-linen-room-assistant-colombo,"ලිනන් කාමර සහකාර (Linen Room Assistant)
අපගේ ආයතනය සඳහා ලිනන් කාමර සහකාරයෙකු අවශ්‍ය වේ.
වගකීම්:
ලිනන් හා යුනිෆෝම් භාර ගැනීම, වර්ග කිරීම සහ නිකුත් කිරීම.
ලිනන් තොගය පවත්වාගෙන යාම.
ලිනන් කාමරය පිරිසිදුව හා පිළිවෙලට තබා ගැනීම.
සුදුසුකම්:
වගකීමෙන් හා කාර්යක්ෂමව වැඩ කිරීමේ හැකියාව.
පෙර අත්දැකීම් තිබේ නම් වාසියකි.
අයදුම් කිරීමට : අමතන්න  076 620 1035 නැතහොත් CV එක 076 620 1035  දුරකථන අංකයට WhatsApp මගින් එවන්න.",,
https://ikman.lk/en/ad/steward-matara-35,We are seeking experienced personnel for our restaurant and bar. Mostly cater to the Foreigners. Bartending and barrister qualification will be added advantage advantage.,,
https://ikman.lk/en/ad/bartender-colombo-39,"We're looking for an English speaking Bartender to join us at ODP.
The food here is exceptional with a big focus on seasonality, produce and modern cooking.
Initially the focus of the role is on service and drinks, as well as helping with training the team. The management here is very collaborative so you’ll help with the day-to-day mgmt. of running service, guest relations and reservations management, rotas and consumables ordering",,
https://ikman.lk/en/ad/1st-commis-dambulla-matale,"HOTEL VACANCIES – NOW HIRING KITCHEN STAFF
# 𝐏𝐎𝐒𝐈𝐓𝐈𝐎𝐍 | තනතුර : 1st Commis – Dambulla
========================
# 𝐑𝐄𝐐𝐔𝐈𝐑𝐄𝐌𝐄𝐍𝐓𝐒 | සුදුසුකම් :
~ Age Below 45 years old .
~ Must have experience in a relevant field at least 01 year.
~ Must need to have a proper knowledge of Sri Lankan and Western (English) meals .
~ Strong management skills & able to work with a young + dynamic team
~ Foods, Accommodations and Uniform will provide by the Hotel
~ Offering competitive salaries
# 𝐇𝐎𝐖 𝐓𝐎 𝐀𝐏𝐏𝐋𝐘 |
＃ 0762918423",,
https://ikman.lk/en/ad/kitchen-helper-sigiriya-matale-2,"HOTEL VACANCIES – Sigiriya
# 𝐏𝐎𝐒𝐈𝐓𝐈𝐎𝐍 | තනතුර : Kitchen Helper – Sigiriya
========================
# 𝐑𝐄𝐐𝐔𝐈𝐑𝐄𝐌𝐄𝐍𝐓𝐒 | සුදුසුකම් :
~ Age Below 45 years old .
~ Must have experience in a relevant field at least 01 year
~ Residing in and around Sigiriya Area will be an added advantage
~ Foods, Accommodations and Uniform will provide by the Hotel
~ Offering competitive salaries
# 𝐇𝐎𝐖 𝐓𝐎 𝐀𝐏𝐏𝐋𝐘 | අයඳුම් කලයුතු ආකාරය :
＃ : 0776503282",,
https://ikman.lk/en/ad/bartender-kandy-kandy-3,"We Are Hiring – Join Our Hospitality Team in Kandy
We are looking for energetic and experienced individuals for the following positions:
Barman
Restaurant Waiter
Stewardess / Captains
Bar Waiter
Requirements:
• Age below 35 years
• Passed G.C.E A/L
• Minimum 1 year experience in a relevant field
• Good communication skills in English will be an added advantage
• Ability to work with a young and dynamic team
• Candidates residing in and around  Kandy   area will be an added advantage
Benefits:
• Attractive salary package
• Free food, accommodation & uniform provided by the hotel
Contact: 0776589593",,
https://ikman.lk/en/ad/bar-assistant-colombo-colombo,"HOTEL VACANCIES – COLOMBO
Position: Bar Man / Bar Assistant
Requirements:
•	Age below 35 years
•	Minimum 1 year experience in a relevant field
•	Candidates residing in and around Colombo area will be an added advantage
•	Good communication and teamwork skills
•	Ability to work in a young and dynamic team
•	Who have followed Diploma / Course is preferred
Benefits:
•	Free food and accommodation provided by the hotel
•	Uniform provided
•	Attractive and competitive salary package
How to Apply:
For more information:
0776185564",,
https://ikman.lk/en/ad/barista-male-female-kandy-kandy-2,"HOTEL VACANCIES
# 𝐏𝐎𝐒𝐈𝐓𝐈𝐎𝐍 - Barista (Male/Female) - Kandy
=======================
# 𝐑𝐄𝐐𝐔𝐈𝐑𝐄𝐌𝐄𝐍𝐓𝐒
♦ Age Below 35 years old .
♦ Must have experience in a relevant field at least 01 year
♦ Who have followed Diploma / Course is preferred
♦ Good communication skill in English / Computer knowledge will
be an advantage.
♦ Foods, Accommodations and Uniform will provide by the Hotel
♦ Offering competitive salaries
# Apply now :- Call for more information
＃ Contact No:- 0778205564",,
https://ikman.lk/en/ad/room-assistant-mount-lavinia-colombo-5,"WE ARE HIRING
Hotel Vacancies
Lavinia Blue Boutique Hotel – Mount Lavinia, Colombo
OPEN POSITIONS
1.Housekeeping/ Room Assistant (පුහුණු/ නුපුහුණු රූම් බෝයිස්)
•	පිරිමි අවුරැදු 17-35 අතර අයදුම්කරුවන්
•	මූලික වැටුප රු. 38,000 + සහ කාර්ය සාධන දීමනාව රු. 20,000 දක්වා
•	ආහාර සහ නවාතැන් නොමිලේ සපයනු ලැබේ
අවස්ථා සීමිත බැවින් අදම නම/ ලිපිනය/ වයස සමග WhatsApp පනිවිඩයක් 0777888148 යොමු කරන්න.",,
https://ikman.lk/en/ad/steward-in-raddolugama-gampaha,"- Company : Golden Bird Bakery (Pvt) Ltd.
- Place : New Lanka Bake House Raddolugama
- Position : Steward
- Gender : Male / Female
- Age Limit : 20 - 45
-Salary : Negotiable
- Requirement
* Should have been educated up to the G.C.E O/L examination.
* Minimum 2 years experience for relevant field.
*It would be good if you have done NVQ or another certificate course.
*Shift based working. ( Day and Night)
- Call for more details : 071-1415474",,
https://ikman.lk/en/ad/kitchen-helper-colombo-5-colombo-2,"⭕ Kitchen Helper
♦️Age :- Between 18 - 65
✅Qualifications :- Not Required
☑️No Need Experience
📍Expected Location :- Havelock Road, Colombo 5
📲Contact :- 0775085544",,
https://ikman.lk/en/ad/hottel-puhunnu-hoo-nupuhunnu-seevkyn-avshyyi-galle,"# සංචාරක නිකේතනයකට නැවතී සේවය කිරීමට හෝ යාමට ඒමට හැකියාව ඇති පුහුණු හෝ නුපුහුණු
# සේවකයින් අවශ්‍යයි .
රෙස්ටූරන්ට් වේටර් හවුස් කීපින්
කිචන් බැරිස්ටාර් බාර්ටෙන්ඩර් ස්ටුවර්ඩ් සහ ඉලෙක්ට්‍රිශන් මේන්ට්‍රේනර්ස් කාර්මික අංශ සදහාත්
රිසෙප්ශනීස් ෆ්‍රන්ට් ඔෆිස් ඇබෑර්තු ඇත .
# වයස් සීමාවක් නොමැත
071- 938 62 75
076 - 143 0 886
නිවාඩු වැටුප් දීමනාවන් පැමිණ විමසන්න සුදුසුකම් මත ඉහළ වැටුප් දීමනාවන් .
දුර පළාත් සේවකයන් සදහා අවශ්‍යයතාවය මත නවාතැන් ලබාදේ",,
https://ikman.lk/en/ad/bartender-baristas-treening-apply-all-island-colombo,"Hotel & Tourists Caffe Oppertunity
Baristas bartender waiter House keeping Treening cook , Maintenance
Receptionist Front Office , Supervisor  apply .
Vacancies Hiring Galle Unawatuna Colombo gampaha and Kandy Ayurweda hotel resort and Cafe .
* Interview April 20 -30 week days
09.00am to 03.30 pm ..
පුහුණු නුපුහුණු දෙපාර්ශවයෙන්ම අවශ්‍යයි .
ඉහළ වැටුප් සමගින් සර්විස් චාජ් ටිප් මනී දීමනා හිමිවේ .
අමතන්න 077 22 68 402
0711 - 204685",,
https://ikman.lk/en/ad/steward-male-polonnaruwa-1,"🌟 WE ARE HIRING – STEWARD (Male) 🌟
📍 Hungry Muppets Cafe & Restaurant Polonnaruwa
We are looking for an energetic and friendly Male Steward to join our team!
🔎 Requirements:
•Male candidates only
•Age below 30 years
•communication skills in English
•1–2 years of experience in a cafe or restaurant
•Friendly, well-presented, and customer-focused
•Ability to work in a fast-paced environment
•Team player with a positive attitude
•Basic knowledge of food & beverage service
⭐ Added Advantage:
•Barista skills (coffee making, espresso machine handling, latte art)
🎁 Benefits:
•Accommodation provided
•Friendly working environment
Location - Polonnaruwa
contact Details - 070 233 2128
email - Hungrymuppetslk@gmail.com",,
https://ikman.lk/en/ad/kitchen-stewart-battaramulla-colombo,"💢IMMEDIATE VACANCIES
🔰Five-Star Hotels(Colombo & Suburbs)
⭕KITCHEN STEWARDS
(Male/Female / Trainees)
⭕COORDINATOR
OPERATIONS
🛑Salary Rs. 2,000 - 2,500 (Per Day)
✅Uniforms Provided
✅Unlimited Overtime
✅Accommodation Provided
✅Age Requirement: 18 - 50 years
✅Free Training & Overseas Employment
➡️Opportunities Apply Now & Start Your Career in the Hospitality Industry!
📲Contact :-
0778912293,
0760774435",,
https://ikman.lk/en/ad/steward-colombo-486,"We are looking for energetic and motivated individuals to join our restaurant team for the following positions:
Salary: Rs. 50,000 + Service Charge 100%
Benefits:
• Accommodation provided
• Staff meals provided
• Uniforms provided
• 6 days leave per month
If you are passionate about working in the hospitality industry and ready to grow with us, please send your CV or contact us today.
Contact - MR Dasun 0777403052",,
https://ikman.lk/en/ad/room-boy-trincomalee,"எமது சுற்றுலா துறை நிறுவனதிற்கு அறை அலங்கரிப்பு செய்ய ஆண் பெண் வேலை ஆட்கள் தேவை.அனுபவம் அவசிமில்லை.
1.உங்களுக்கு நாம் 8 மாத காலம் பயிற்சி அளித்து பின் உங்களுக்கு ஒரு சான்றிதழ் வழங்கி அதனை வைத்து உங்கக்குக்கு விருப்பம் இருந்தால் உங்களுக்கு வெளி நாட்டுக்கு அனுப்பி வைப்போம்.
2.பயிச்சி காலத்தில் உங்களுக்கு 80000 அடிப்படை சம்பளம் மற்றும் தரகு நன்றாக பெற முடியும்.
3.உங்களுக்கு தங்குமிடம் 3 வேலை உணவு தேநீர் இலவசம்.
மேலும் தகவலுக்கு 078 677 3676
Our tourism company needs male and female workers to room boy job . No experience is required.
1. We will train you for 8 months and then give you a certificate and if you are interested, we will send you abroad.
2. During the training period, you can get a basic salary of 80000 and a good commission.
3. You will be provided with free accommodation, 3 meals and tea.
For more information 078 677 3676",,
https://ikman.lk/en/ad/room-boy-jaffna-1,"எமது சுற்றுலா துறை நிறுவனதிற்கு அறை அலங்கரிப்பு செய்ய ஆண் பெண் வேலை ஆட்கள் தேவை.அனுபவம் அவசிமில்லை.
1.உங்களுக்கு நாம் 8 மாத காலம் பயிற்சி அளித்து பின் உங்களுக்கு ஒரு சான்றிதழ் வழங்கி அதனை வைத்து உங்கக்குக்கு விருப்பம் இருந்தால் உங்களுக்கு வெளி நாட்டுக்கு அனுப்பி வைப்போம்.
2.பயிச்சி காலத்தில் உங்களுக்கு 80000 அடிப்படை சம்பளம் மற்றும் தரகு நன்றாக பெற முடியும்.
3.உங்களுக்கு தங்குமிடம் 3 வேலை உணவு தேநீர் இலவசம்.
மேலும் தகவலுக்கு 078 677 3676
Our tourism company needs male and female workers to room boy job . No experience is required.
1. We will train you for 8 months and then give you a certificate and if you are interested, we will send you abroad.
2. During the training period, you can get a basic salary of 80000 and a good commission.
3. You will be provided with free accommodation, 3 meals and tea.
For more information 078 677 3676",,
https://ikman.lk/en/ad/room-boy-batticaloa-3,"எமது சுற்றுலா துறை நிறுவனதிற்கு அறை அலங்கரிப்பு செய்ய ஆண் பெண் வேலை ஆட்கள் தேவை.அனுபவம் அவசிமில்லை.
1.உங்களுக்கு நாம் 8 மாத காலம் பயிற்சி அளித்து பின் உங்களுக்கு ஒரு சான்றிதழ் வழங்கி அதனை வைத்து உங்கக்குக்கு விருப்பம் இருந்தால் உங்களுக்கு வெளி நாட்டுக்கு அனுப்பி வைப்போம்.
2.பயிச்சி காலத்தில் உங்களுக்கு 80000 அடிப்படை சம்பளம் மற்றும் தரகு நன்றாக பெற முடியும்.
3.உங்களுக்கு தங்குமிடம் 3 வேலை உணவு தேநீர் இலவசம்.
மேலும் தகவலுக்கு 078 677 3676
Our tourism company needs male and female workers to room boy job . No experience is required.
1. We will train you for 8 months and then give you a certificate and if you are interested, we will send you abroad.
2. During the training period, you can get a basic salary of 80000 and a good commission.
3. You will be provided with free accommodation, 3 meals and tea.
For more information 078 677 3676",,
https://ikman.lk/en/ad/room-boy-badulla-16,"எமது சுற்றுலா துறை நிறுவனதிற்கு அறை அலங்கரிப்பு செய்ய ஆண் பெண் வேலை ஆட்கள் தேவை.அனுபவம் அவசிமில்லை.
1.உங்களுக்கு நாம் 8 மாத காலம் பயிற்சி அளித்து பின் உங்களுக்கு ஒரு சான்றிதழ் வழங்கி அதனை வைத்து உங்கக்குக்கு விருப்பம் இருந்தால் உங்களுக்கு வெளி நாட்டுக்கு அனுப்பி வைப்போம்.
2.பயிச்சி காலத்தில் உங்களுக்கு 80000 அடிப்படை சம்பளம் மற்றும் தரகு நன்றாக பெற முடியும்.
3.உங்களுக்கு தங்குமிடம் 3 வேலை உணவு தேநீர் இலவசம்.
மேலும் தகவலுக்கு 078 677 3676
Our tourism company needs male and female workers to room boy job . No experience is required.
1. We will train you for 8 months and then give you a certificate and if you are interested, we will send you abroad.
2. During the training period, you can get a basic salary of 80000 and a good commission.
3. You will be provided with free accommodation, 3 meals and tea.
For more information 078 677 3676",,
https://ikman.lk/en/ad/room-boy-galle-165,"எமது சுற்றுலா துறை நிறுவனதிற்கு அறை அலங்கரிப்பு செய்ய ஆண் பெண் வேலை ஆட்கள் தேவை.அனுபவம் அவசிமில்லை.
1.உங்களுக்கு நாம் 8 மாத காலம் பயிற்சி அளித்து பின் உங்களுக்கு ஒரு சான்றிதழ் வழங்கி அதனை வைத்து உங்கக்குக்கு விருப்பம் இருந்தால் உங்களுக்கு வெளி நாட்டுக்கு அனுப்பி வைப்போம்.
2.பயிச்சி காலத்தில் உங்களுக்கு 80000 அடிப்படை சம்பளம் மற்றும் தரகு நன்றாக பெற முடியும்.
3.உங்களுக்கு தங்குமிடம் 3 வேலை உணவு தேநீர் இலவசம்.
மேலும் தகவலுக்கு 078 677 3676
Our tourism company needs male and female workers to room boy job . No experience is required.
1. We will train you for 8 months and then give you a certificate and if you are interested, we will send you abroad.
2. During the training period, you can get a basic salary of 80000 and a good commission.
3. You will be provided with free accommodation, 3 meals and tea.
For more information 078 677 3676",,
https://ikman.lk/en/ad/room-boy-kandy-113,"எமது சுற்றுலா துறை நிறுவனதிற்கு அறை அலங்கரிப்பு செய்ய ஆண் பெண் வேலை ஆட்கள் தேவை.அனுபவம் அவசிமில்லை.
1.உங்களுக்கு நாம் 8 மாத காலம் பயிற்சி அளித்து பின் உங்களுக்கு ஒரு சான்றிதழ் வழங்கி அதனை வைத்து உங்கக்குக்கு விருப்பம் இருந்தால் உங்களுக்கு வெளி நாட்டுக்கு அனுப்பி வைப்போம்.
2.பயிச்சி காலத்தில் உங்களுக்கு 80000 அடிப்படை சம்பளம் மற்றும் தரகு நன்றாக பெற முடியும்.
3.உங்களுக்கு தங்குமிடம் 3 வேலை உணவு தேநீர் இலவசம்.
மேலும் தகவலுக்கு 078 677 3676
Our tourism company needs male and female workers to room boy job . No experience is required.
1. We will train you for 8 months and then give you a certificate and if you are interested, we will send you abroad.
2. During the training period, you can get a basic salary of 80000 and a good commission.
3. You will be provided with free accommodation, 3 meals and tea.
For more information 078 677 3676",,
https://ikman.lk/en/ad/hotel-worker-kandy,"🏨✨ දිවයිනේ ප්‍රමුඛ පෙළේ සුඛෝපභෝගී හෝටල් ජාලයන් සඳහා කඩිනම් බඳවා ගැනීම්! ✨🏨
අති නවීන පහසුකම් සහිත, වායු සමීකරණය කරන ලද තරු පන්තියේ හෝටල් සඳහා සේවය කිරීමට කැමති ඔබට අනගි අවස්ථාවක්!
👨‍🍳 තනතුර සඳහා පුහුණු / නුපුහුණු කාන්තා හා පිරිමි සේවකයින් බඳවා ගැනේ.
📍 රැකියා ස්ථාන
📢කොලඹ
📢නුවර
📢 සහ දිවයිනේ සෑම ප්‍රදේශයකම පිහිටි හෝටල් සඳහා
📋 සුදුසුකම් ✔ වයස අවුරුදු 18 - 45 අතර
✔ ගැහැනු / පිරිමි දෙපාර්ශ්වයටම අවස්ථාව
✔ පුහුණු / නුපුහුණු අයදුම්කරුවන්ට අයදුම් කළ හැක
✔ හෝටල් ක්ෂේත්‍රයේ පළපුරුද්ද ඇති අයට විශේෂ සැලකිල්ල
💰 වැටුප් හා දීමනා ✔ මාසික වැටුප රු. 55,000 - 95,000+ දක්වා
✔ සර්විස් චාර්ජ් සහ අතිකාල දීමනා
✔ දිරි දීමනා සහ වැටුප් වර්ධක
✔ ස්ථිර සේවයට බඳවා ගැනීමේ අවස්ථාව
✔ ප්‍රධාන ආහාර වේල් නොමිලේ
✔ නවාතැන් පහසුකම් නොමිලේ
✔ දක්ෂතාවය සහ පළපුරුද්ද මත වැඩි වැටුප්
⚡ අවස්ථා සීමිතයි!
📞 වැඩි විස්තර සඳහා අමතන්න: 0767930799
(📲 WhatsApp මගින්ද සම්බන්ධ වී ඔබගේ රැකියා අවස්ථාව අදම වෙන් කරවා ගත හැක.)",,
https://ikman.lk/en/ad/steward-for-catering-service-colombo-1,"මොරටුව ප්‍රදේශයේ පිහිටි කෙටරින් සේවාවක් සඳහා ස්ටුවර්ඩ් (steward) වරුන් හැකි ඉක්මනින් අවශ්‍යව ඇත.
ආහාර පාන සහ නවාතැන් පහසුකම් සමගින් ඉහළ වැටුපක්
අදම අමතන්න
072 8303003/077 9196062",,
https://ikman.lk/en/ad/bar-waiter-habarana-anuradhapura,"We Are Hiring – Join Our Hospitality Team in Habarana
We are looking for energetic and experienced individuals for the following positions:
Barman
Restaurant Waiter
Stewardess / Captains
Bar Waiter
Requirements:
• Age below 35 years
• Passed G.C.E A/L
• Minimum 1 year experience in a relevant field
• Good communication skills in English will be an added advantage
• Ability to work with a young and dynamic team
• Candidates residing in and around  Anuradhapura  area will be an added advantage
Benefits:
• Attractive salary package
• Free food, accommodation & uniform provided by the hotel
Contact:  0767895583",,
https://ikman.lk/en/ad/room-assistant-male-female-sigiriya-matale-10,"HOTEL VACANCIES
# 𝐏𝐎𝐒𝐈𝐓𝐈𝐎𝐍 / Room Assistant / Public Area Attendant  (Male/ Female) - Sigiriya
========================
# 𝐑𝐄𝐐𝐔𝐈𝐑𝐄𝐌𝐄𝐍𝐓𝐒
♦ Age Below 35 years old .
♦ Must have experience in a relevant field at least 01 year
♦ Residing in and around Dambulla, Sigiriya  Area will be an added advantage
♦ Who have followed Diploma / Course is preferred.
♦ Good communication skill in English will be an advantage.
♦ Foods, Accommodations and Uniform will provide by the Hotel
♦ Offering competitive salaries
# 𝐀𝐏𝐏𝐋Y NOW  /  send your resume to
＃ : 0776589593",,
https://ikman.lk/en/ad/receptionin-male-female-kundasale-kandy,"HOTEL VACANCIES –  Kundasale, Kandy
# 𝐏𝐎𝐒𝐈𝐓𝐈𝐎𝐍 | තනතුර : Receptionin (male/Female) -  Kundasale, Kandy
========================
# 𝐑𝐄𝐐𝐔𝐈𝐑𝐄𝐌𝐄𝐍𝐓𝐒 | සුදුසුකම් :
~ Age Below 35 years old .
~ Passed G.C.E - A/L
~ Must have experience in a relevant field at least 01 year
~ Residing in and around Kandy Area will be an added advantage
~ Strong management skills & able to work with a young + dynamic team
~ Good communication skill in English will be an advantage.
~ Foods, Accommodations and Uniform will provide by the Hotel
~ Offering competitive salaries
# 𝐇𝐎𝐖 𝐓𝐎 𝐀𝐏𝐏𝐋𝐘 |:
＃ :  0743605564",,
https://ikman.lk/en/ad/waiter-male-female-ampitiya-kandy-3,"HOTEL VACANCIES – WAITING STAFF
# 𝐏𝐎𝐒𝐈𝐓𝐈𝐎𝐍 - F&B Waiter (Male/ Female) – Ampitiya
========================
# 𝐑𝐄𝐐𝐔𝐈𝐑𝐄𝐌𝐄𝐍𝐓𝐒
♦ Age Below 35 years old
♦ Must have experience in a relevant field at least 01 year
♦ Who have followed Diploma / Course is preferred.
♦ Good communication skill in English / Computer knowledge will
be an advantage.
♦ Foods, Accommodations and Uniform will provide by the Hotel
♦ Offering competitive salaries
# Apply now :- Call for more information
＃ :- 0776185564",,
https://ikman.lk/en/ad/room-assistant-male-female-kandy-kandy-7,"HOTEL VACANCIES – Kandy City
# 𝐏𝐎𝐒𝐈𝐓𝐈𝐎𝐍 | තනතුර : Room Assistant (Male/Female) - Kandy City
========================
# 𝐑𝐄𝐐𝐔𝐈𝐑𝐄𝐌𝐄𝐍𝐓𝐒 | සුදුසුකම් :
~ Age Below 35 years old .
~ Must have experience in a relevant field at least 01 year
~ Strong management skills & able to work with a young + dynamic team
~ Foods, Accommodations and Uniform will provide by the Hotel
~ Offering competitive salaries
~ Trainees are welcome
# 𝐇𝐎𝐖 𝐓𝐎 𝐀𝐏𝐏𝐋𝐘 | අයඳුම් කලයුතු ආකාරය :
＃ Contact Details :- 0778205564",,
https://ikman.lk/en/ad/vaccancy-for-a-cook-colombo-1,"WE ARE HIRING – COOK 👨‍🍳
Looking for a passionate cook who enjoys preparing tasty meals and maintaining a clean kitchen environment.
✔ Experience preferred
✔ Friendly workplace
✔ Full-time position
If interested, call or please WhatsApp your details/CV to:
0777261799",,
https://ikman.lk/en/ad/villa-care-taker-manager-kurunegala,"WE ARE HIRING – CARE TAKER 🏡
Looking for a trustworthy, responsible and friendly care taker for a villa in Nuwara elita to join our team.
✔ Accommodation can be discussed
✔ Friendly working environment
✔ Prior experience preferred
Cooking ability will be an extra advantage
If interested, please WhatsApp your details/CV to:
📞 0777261799",,
https://ikman.lk/en/ad/room-boy-badulla-14,We need a room boy who can work clean and tidy.,,
https://ikman.lk/en/ad/hotel-manager-kurunegala-kurunegala,"🌟✨ ඔබගේ අනාගතය සාර්ථක කරගැනීමට අනගි රැකියා අවස්ථාවක්!
🏨 කුරුණෑගල ප්‍රදේශයේ පිහිටි ප්‍රසිද්ධ අවන්හලක් සඳහා නව සේවක සේවිකාවන් බඳවා ගැනේ.
💼 පවතින ඇබෑර්තු
🛏️ Room Assistant
🍽️ Waiters
👨‍💼 Hotel Manager
👨‍💼👩‍💼 වයස අවුරුදු 18ත් 35ත් අතර
🔅පුහුණු හා නුපුහුණු
🔅 ගැහැණු / පිරිමි අයදුම්කරුවන්ට අයදුම් කළ හැක.
✅ ආකර්ෂණීය වැටුප්
📞වැඩි විස්තර සඳහා අමතන්න
☎️ 070 463 6235
📲 ඔබගේ අයදුම්පත්‍රය අදම WhatsApp කරන්න
💚 076 966 4065",,
https://ikman.lk/en/ad/steward-kurunegala-kurunegala-1,"🌟 සුදුසු රැකියාවක් නොමැති ඔබත් පසුතැවිල්ලෙන්ද එහෙනම් මෙන්න ඔබට හොඳම අවස්ථාවක්!
🏨 කුරුණෑගල ප්‍රදේශයේ පිහිටි ප්‍රසිද්ධ නිවාඩු නිකේතනයක පහත තනතුරු සඳහා නව සේවක සේවිකාවන් බඳවා ගැනේ.
💼 තනතුරු
🔹 Steward
🔹 Housekeeping
👨‍💼👩‍💼 වයස අවුරුදු 18ත් 35ත් අතර
🔅පුහුණු හා නුපුහුණු ගැහැණු / පිරිමි දෙපාර්ශ්වය සඳහාම අයදුම් කළ හැක.
✅ ආකර්ෂණීය වැටුප්
✅ ආරක්ෂිත සේවා පරිසරයක්
📞 වැඩි විස්තර සඳහා අමතන්න
☎️ 070 4636235
📲 ඔබගේ අයදුම්පත්‍රය අදම WhatsApp කරන්න
074 149 7970",,
https://ikman.lk/en/ad/hotel-laundry-attendant-male-female-kandy-kandy,"HOTEL VACANCIES – NOW HIRING HOUSEKEEPING STAFF
# 𝐏𝐎𝐒𝐈𝐓𝐈𝐎𝐍 / Laundry Pressman & Laundry Attendant  (Male) - Kandy
========================
# 𝐑𝐄𝐐𝐔𝐈𝐑𝐄𝐌𝐄𝐍𝐓𝐒
♦ Age Below 40 years old .
♦ Must have experience in a relevant field at least 01 year
♦ Coordinate the work effort of the production and dry cleaning areas of the Laundry Department.
♦ Who have followed Diploma / Course is preferred.
♦ Foods, Accommodations and Uniform will provide by the Hotel
♦ Offering competitive salaries
# 𝐀𝐏𝐏𝐋Y NOW  /  send your resume to
＃ : 0776185564",,
https://ikman.lk/en/ad/bartender-colombo-colombo-1,"HOTEL VACANCIES – COLOMBO
Position: Bar Man / Bar Assistant
Requirements:
•	Age below 35 years
•	Minimum 1 year experience in a relevant field
•	Candidates residing in and around Colombo area will be an added advantage
•	Good communication and teamwork skills
•	Ability to work in a young and dynamic team
•	Who have followed Diploma / Course is preferred
Benefits:
•	Free food and accommodation provided by the hotel
•	Uniform provided
•	Attractive and competitive salary package
How to Apply:
For more information:
0776589593",,
https://ikman.lk/en/ad/waiter-male-female-asgiriya-kandy,"HOTEL VACANCIES – WAITING STAFF
# 𝐏𝐎𝐒𝐈𝐓𝐈𝐎𝐍 - F&B Waiter (Male/ Female) –  Asgiriya
# 𝐑𝐄𝐐𝐔𝐈𝐑𝐄𝐌𝐄𝐍𝐓𝐒
♦ Age Below 35 years old
♦ Must have experience in a relevant field at least 01 year
♦ Who have followed Diploma / Course is preferred.
♦ Good communication skill in English / Computer knowledge will
be an advantage.
♦ Foods, Accommodations and Uniform will provide by the Hotel
♦ Offering competitive salaries
# Apply now :- Call for more information
＃ :-  0767895583",,
https://ikman.lk/en/ad/bar-man-assistant-dambulla-matale-1,"HOTEL VACANCIES – Dambulla
# 𝐏𝐎𝐒𝐈𝐓𝐈𝐎𝐍 | තනතුර : Bar Man Assistant – Dambulla
========================
# 𝐑𝐄𝐐𝐔𝐈𝐑𝐄𝐌𝐄𝐍𝐓𝐒 | සුදුසුකම් :
~ Age Below 35 years old .
~ Must have experience in a relevant field at least 01 year
~ Residing in and around Dambulla Area will be an added advantage
~ Strong management skills & able to work with a young + dynamic team
~ Foods, Accommodations and Uniform will provide by the Hotel
~ Offering competitive salaries
# 𝐇𝐎𝐖 𝐓𝐎 𝐀𝐏𝐏𝐋𝐘 | අයඳුම් කලයුතු ආකාරය :
＃ :  0776503282",,
https://ikman.lk/en/ad/gro-female-kandy-kandy-3,"HOTEL VACANCIES –  Kandy
# 𝐏𝐎𝐒𝐈𝐓𝐈𝐎𝐍 | තනතුර : GRO (Female) - Kandy
========================
# 𝐑𝐄𝐐𝐔𝐈𝐑𝐄𝐌𝐄𝐍𝐓𝐒 | සුදුසුකම් :
~ Age Below 35 years old .
~ G.C.E - A/L
~ Must have experience in a relevant field at least 01 year
~ Residing in and around Kandy Area will be an added advantage
~ Strong management skills & able to work with a young + dynamic team
~ Good communication skill in English will be an advantage.
~ Foods, Accommodations and Uniform will provide by the Hotel
~ Offering competitive salaries
# 𝐇𝐎𝐖 𝐓𝐎 𝐀𝐏𝐏𝐋𝐘 |:
＃ : 0762918423",,
https://ikman.lk/en/ad/ayurveda-therapist-sigiriya-female-matale-3,"HOTEL VACANCIES – Sigiriya
# 𝐏𝐎𝐒𝐈𝐓𝐈𝐎𝐍 | තනතුර : Ayurveda Therapist – Sigiriya (Female)
========================
# 𝐑𝐄𝐐𝐔𝐈𝐑𝐄𝐌𝐄𝐍𝐓𝐒 | සුදුසුකම් :
~ Age Below 40 years old .
~ Must have experience in a relevant field at least 01 year
~ Residing in and around Dambulla, Sigiriya Area will be an added advantage
~ Strong management skills & able to work with a young + dynamic team
~ Foods, Accommodations and Uniform will provide by the Hotel
~ Offering competitive salaries
# 𝐇𝐎𝐖 𝐓𝐎 𝐀𝐏𝐏𝐋𝐘 | අයඳුම් කලයුතු ආකාරය :
＃ : 0742435564",,
https://ikman.lk/en/ad/kitchen-helper-sigiriya-matale-1,"HOTEL VACANCIES – Sigiriya
# 𝐏𝐎𝐒𝐈𝐓𝐈𝐎𝐍 | තනතුර : Kitchen Helper – Sigiriya
========================
# 𝐑𝐄𝐐𝐔𝐈𝐑𝐄𝐌𝐄𝐍𝐓𝐒 | සුදුසුකම් :
~ Age Below 45 years old .
~ Must have experience in a relevant field at least 01 year
~ Residing in and around Dambulla  Area will be an added advantage
~ Foods, Accommodations and Uniform will provide by the Hotel
~ Offering competitive salaries
# 𝐇𝐎𝐖 𝐓𝐎 𝐀𝐏𝐏𝐋𝐘 | අයඳුම් කලයුතු ආකාරය :
＃ : 0776185564",,
https://ikman.lk/en/ad/female-villa-worker-kandy,"Female Villa Worker
We are looking for a reliable female Villa Worker to assist with the day-to-day operation and maintenance of a private villa.
Requirements:
• Fluent spoken and written English
• Valid driving licence is a plus
• Basic cooking skills
• Basic cleaning and housekeeping skills
• Honest, responsible, and well-organized
• Able to work independently and take initiative
• Friendly and professional attitude
Responsibilities:
• General villa maintenance and upkeep
• Basic cleaning and housekeeping duties
• Preparing simple meals when required
• Driving for errands, shopping, and guest transportation when needed
• Assisting with various daily tasks to ensure the smooth running of the villa
• Communicating effectively with owners, guests, and service providers in English
What We Offer:
• Competitive salary
• Pleasant working environment
• Long-term employment opportunity for the right candidate
• Safe and secure workplace with a friendly atmosphere
• Female-friendly working environment
• Another female staff member is already working in the villa, ensuring a comfortable and supportive workplace
If you meet the above requirements and are interested in joining our team, please send your CV to 077 110 69 07.",,
https://ikman.lk/en/ad/counter-battaramulla-colombo,"💼 𝐏𝐎𝐒𝐈𝐓𝐈𝐎𝐍 : Counter Staff
💠 𝐑𝐄𝐐𝐔𝐈𝐑𝐄𝐌𝐄𝐍𝐓𝐒 : | # 💠 𝐂𝐀𝐍𝐃𝐈𝐃𝐀𝐓𝐄 𝐏𝐑𝐎𝐅𝐈𝐋𝐄 :
【~】✪ Ability to work in a fast-paced restaurant environment
【~】✪ No prior experience required — training provided
【~】✪ Good communication and teamwork skills
【~】✪ Positive attitude and willingness to learn
【~】✪ Flexibility to work in shifts
【~】✪ Must be reliable and punctual
💠 𝐑𝐄𝐒𝐏𝐎𝐍𝐒𝐈𝐁𝐈𝐋𝐈𝐓𝐈𝐄𝐒 : | # 💠 𝐉𝐎𝐁 𝐏𝐑𝐎𝐅𝐈𝐋𝐄 :
【~】✪ Assisting in daily restaurant operations
【~】✪ Full-time positions in a chain of restaurants
【~】✪ Serving customers and maintaining cleanliness
【~】✪ Meals and accommodation provided
【~】✪ Supporting kitchen and counter service as needed
【~】✪ Opportunity to earn up to Rs 50,000/=
✅ 𝐁𝐄𝐍𝐄𝐅𝐈𝐓𝐒 :
【~】✪ Attractive remuneration packages & benefits
【~】✪ Meals and accommodation provided
【~】✪ Can earn up to Rs 50,000/=
✅ 𝐇𝐎𝐖 𝐓𝐎 𝐀𝐏𝐏𝐋𝐘 ✍️ :
If you feel you are the right individual for the above position, then apply via ""𝗔𝗽𝗽𝗹𝘆 𝗡𝗼𝘄"" of this advert.
[ 𝐖𝐄 𝐇𝐈𝐆𝐇𝐋𝐘 𝐈𝐍𝐅𝐎𝐑𝐌 𝐀𝐋𝐋 𝐓𝐇𝐄 𝐂𝐀𝐍𝐃𝐈𝐃𝐀𝐓𝐄𝐒 𝐓𝐎 𝐌𝐄𝐍𝐓𝐈𝐎𝐍 𝐀 𝐕𝐀𝐋𝐈𝐃 𝐌𝐎𝐁𝐈𝐋𝐄 𝐍𝐔𝐌𝐁𝐄𝐑 & 𝐈𝐓 𝐈𝐒 𝐂𝐎𝐌𝐏𝐔𝐋𝐒𝐎𝐑𝐘 𝐓𝐎 𝐀𝐓𝐓𝐀𝐂𝐇 𝐘𝐎𝐔𝐑 𝐂𝐕 𝐁𝐘 𝐔𝐏𝐃𝐀𝐓𝐈𝐍𝐆 𝐘𝐎𝐔𝐑 ""𝗜𝗞𝗠𝗔𝗡 𝗥𝗘𝗦𝗨𝗠𝗘"" ]
📳 𝓒𝓸𝓷𝓽𝓪𝓬𝓽 :
Sen-saal Group of companies
No 267, Kaduwela Road, Battaramulla
Tel: 0112871497 / 0112869819
Mob: hr.sensaal@gmail.com
/ 0764343031
📧 𝐸𝓂𝒶𝒾𝓁:  hr.sensaal@gmail.com",,
https://ikman.lk/en/ad/steward-battaramulla-colombo-1,"💼 𝐏𝐎𝐒𝐈𝐓𝐈𝐎𝐍 : Steward
💠 𝐑𝐄𝐐𝐔𝐈𝐑𝐄𝐌𝐄𝐍𝐓𝐒 : | # 💠 𝐂𝐀𝐍𝐃𝐈𝐃𝐀𝐓𝐄 𝐏𝐑𝐎𝐅𝐈𝐋𝐄 :
【~】✪ Ability to work in a fast-paced restaurant environment
【~】✪ No prior experience required — training provided
【~】✪ Good communication and teamwork skills
【~】✪ Positive attitude and willingness to learn
【~】✪ Flexibility to work in shifts
【~】✪ Must be reliable and punctual
💠 𝐑𝐄𝐒𝐏𝐎𝐍𝐒𝐈𝐁𝐈𝐋𝐈𝐓𝐈𝐄𝐒 : | # 💠 𝐉𝐎𝐁 𝐏𝐑𝐎𝐅𝐈𝐋𝐄 :
【~】✪ Assisting in daily restaurant operations
【~】✪ Full-time positions in a chain of restaurants
【~】✪ Serving customers and maintaining cleanliness
【~】✪ Meals and accommodation provided
【~】✪ Supporting kitchen and counter service as needed
【~】✪ Opportunity to earn up to Rs 50,000/=
✅ 𝐁𝐄𝐍𝐄𝐅𝐈𝐓𝐒 :
【~】✪ Attractive remuneration packages & benefits
【~】✪ Meals and accommodation provided
【~】✪ Can earn up to Rs 50,000/=
✅ 𝐇𝐎𝐖 𝐓𝐎 𝐀𝐏𝐏𝐋𝐘 ✍️ :
If you feel you are the right individual for the above position, then apply via ""𝗔𝗽𝗽𝗹𝘆 𝗡𝗼𝘄"" of this advert.
[ 𝐖𝐄 𝐇𝐈𝐆𝐇𝐋𝐘 𝐈𝐍𝐅𝐎𝐑𝐌 𝐀𝐋𝐋 𝐓𝐇𝐄 𝐂𝐀𝐍𝐃𝐈𝐃𝐀𝐓𝐄𝐒 𝐓𝐎 𝐌𝐄𝐍𝐓𝐈𝐎𝐍 𝐀 𝐕𝐀𝐋𝐈𝐃 𝐌𝐎𝐁𝐈𝐋𝐄 𝐍𝐔𝐌𝐁𝐄𝐑 & 𝐈𝐓 𝐈𝐒 𝐂𝐎𝐌𝐏𝐔𝐋𝐒𝐎𝐑𝐘 𝐓𝐎 𝐀𝐓𝐓𝐀𝐂𝐇 𝐘𝐎𝐔𝐑 𝐂𝐕 𝐁𝐘 𝐔𝐏𝐃𝐀𝐓𝐈𝐍𝐆 𝐘𝐎𝐔𝐑 ""𝗜𝗞𝗠𝗔𝗡 𝗥𝗘𝗦𝗨𝗠𝗘"" ]
📳 𝓒𝓸𝓷𝓽𝓪𝓬𝓽 :
Sen-saal Group of companies
No 267, Kaduwela Road, Battaramulla
Tel: 0112871497 / 0112869819
Mob: hr.sensaal@gmail.com
/ 0764343031
📧 𝐸𝓂𝒶𝒾𝓁:  hr.sensaal@gmail.com",,
https://ikman.lk/en/ad/hoottl-sdhaa-puhunnu-nupuhunnu-seevk-seevikaavn-kurunegala,"🏨✨ දිවයිනේ ප්‍රමුඛ පෙළේ සුඛෝපභෝගී හෝටල් ජාලයන් සඳහා කඩිනම් බඳවා ගැනීම්! ✨🏨
අති නවීන පහසුකම් සහිත, වායු සමීකරණය කරන ලද තරු පන්තියේ හෝටල් සඳහා සේවය කිරීමට කැමති ඔබට අනගි අවස්ථාවක්!
👨‍🍳 තනතුර සඳහා පුහුණු / නුපුහුණු කාන්තා හා පිරිමි සේවකයින් බඳවා ගැනේ.
📍 රැකියා ස්ථාන
📢 කුරුණෑගල
📢 නුවර
📢අනුරාධපුර
📢පොලොන්නරුව
✅ සහ දිවයිනේ සෑම ප්‍රදේශයකම පිහිටි හෝටල් සඳහා
📋 සුදුසුකම් ✔ වයස අවුරුදු 18 - 45 අතර
✔ ගැහැනු / පිරිමි දෙපාර්ශ්වයටම අවස්ථාව
✔ පුහුණු / නුපුහුණු අයදුම්කරුවන්ට අයදුම් කළ හැක
✔ හෝටල් ක්ෂේත්‍රයේ පළපුරුද්ද ඇති අයට විශේෂ සැලකිල්ල
💰 වැටුප් හා දීමනා ✔ මාසික වැටුප රු. 55,000 - 95,000+ දක්වා
✔ සර්විස් චාර්ජ් සහ අතිකාල දීමනා
✔ දිරි දීමනා සහ වැටුප් වර්ධක
✔ ස්ථිර සේවයට බඳවා ගැනීමේ අවස්ථාව
✔ ප්‍රධාන ආහාර වේල් නොමිලේ
✔ නවාතැන් පහසුකම් නොමිලේ
✔ දක්ෂතාවය සහ පළපුරුද්ද මත වැඩි වැටුප්
⚡ අවස්ථා සීමිතයි!
📞 වැඩි විස්තර සඳහා අමතන්න: 0767930799
📲 WhatsApp මගින්ද සම්බන්ධ වී ඔබගේ රැකියා අවස්ථාව අදම වෙන් කරවා ගත හැක.",,
https://ikman.lk/en/ad/room-assistant-male-female-kuliyapitiya-kurunegala,"HOTEL VACANCIES – Kuliyapitiya
# 𝐏𝐎𝐒𝐈𝐓𝐈𝐎𝐍 | තනතුර : Room Assistant (Male/Female) -  Kuliyapitiya
========================
# 𝐑𝐄𝐐𝐔𝐈𝐑𝐄𝐌𝐄𝐍𝐓𝐒 | සුදුසුකම් :
~ Age Below 35 years old .
~ Must have experience in a relevant field at least 01 year
~ Strong management skills & able to work with a young + dynamic team
~ Foods, Accommodations and Uniform will provide by the Hotel
~ Offering competitive salaries
~ Trainees are welcome
# 𝐇𝐎𝐖 𝐓𝐎 𝐀𝐏𝐏𝐋𝐘 | අයඳුම් කලයුතු ආකාරය :
＃ Contact Details :-  0778205564",,
https://ikman.lk/en/ad/bar-assistant-peradeniya-kandy,"HOTEL VACANCIES –  Peradeniya
# 𝐏𝐎𝐒𝐈𝐓𝐈𝐎𝐍 | තනතුර : Bar Man / Bar Assistant – Peradeniya
========================
# 𝐑𝐄𝐐𝐔𝐈𝐑𝐄𝐌𝐄𝐍𝐓𝐒 | සුදුසුකම් :
~ Age Below 35 years old .
~ Must have experience in a relevant field at least 01 year
~ Residing in and around Kandy  Area will be an added advantage
~ Strong management skills & able to work with a young + dynamic team
~ Foods, Accommodations and Uniform will provide by the Hotel
~ Offering competitive salaries
# 𝐇𝐎𝐖 𝐓𝐎 𝐀𝐏𝐏𝐋𝐘 | අයඳුම් කලයුතු ආකාරය :
＃ :  0762918423",,
https://ikman.lk/en/ad/room-assistant-male-female-negombo-gampaha-3,"HOTEL VACANCIES – Negombo
# 𝐏𝐎𝐒𝐈𝐓𝐈𝐎𝐍 | තනතුර : Room Assistant (Male/Female) -  Negombo
========================
# 𝐑𝐄𝐐𝐔𝐈𝐑𝐄𝐌𝐄𝐍𝐓𝐒 | සුදුසුකම් :
~ Age Below 35 years old .
~ Must have experience in a relevant field at least 01 year
~ Strong management skills & able to work with a young + dynamic team
~ Foods, Accommodations and Uniform will provide by the Hotel
~ Offering competitive salaries
~ Trainees are welcome
# 𝐇𝐎𝐖 𝐓𝐎 𝐀𝐏𝐏𝐋𝐘 | අයඳුම් කලයුතු ආකාරය :
＃ Contact Details :-  0776503282",,
https://ikman.lk/en/ad/kicn-helpr-kurunegala,"✨🏨 දිවයිනේ ප්‍රසිද්ධ හෝටල් සහ රෙස්ටුරන්ට් ක්ෂේත්‍රය සඳහා කඩිනම් බඳවා ගැනීම් ඇරඹේ...! 🏨✨
👨🏻‍🍳👩🏻‍🍳 පුහුණු / නුපුහුණු කාන්තා හා පිරිමි දෙපාර්ශවයටම අනගි රැකියා අවස්ථා...
📍නුවර , ගම්පහ , හැටන් , නුවරඑළිය ඇතුළු දිවයිනේ සියලුම ප්‍රදේශ සඳහා පුරප්පාඩු පවතී.
🍕 කිචන් හෙල්පර්
💸 ආකර්ෂණීය වැටුප්
📅 දින / සති / මාසික වැටුප් ක්‍රම
🎁 අතිකාල දීමනා සහ තවත් දීමනා රැසක්
🍛 ආහාර පහසුකම්
🏠 නවාතැන් පහසුකම්
👔 නිල ඇඳුම් සැපයේ
✅ ඔබගේ සුදුසුකම් අනුව රැකියා අවස්ථා ලබාදේ
✅ රජයේ ලියාපදිංචි විශ්වාසනීය ආයතනයකි
📞 වැඩිදුර විස්තර සඳහා අදම අමතන්න :
📲 0779510799
🌹 Whatsapp හරහාද සම්බන්ධ විය හැක.",,
https://ikman.lk/en/ad/room-boy-kandy-hunnasgiriya-kandy,"මහනුවර හුනස්ගිරියේ පිහිටි
නිවාඩු නිකේතනයක් සදහා
නතරවී සේවය කළහැකි
----------------------------
දක්ෂ | පළපුරුදු
Room Boy
----------------------------
කෙනෙකු අවශ්‍යයි
*  වයස අවු.35 -55 අතර
*  වැටුප සාකච්චා කර ගත හැක",,
https://ikman.lk/en/ad/room-cleaning-assistant-bandaragama-kalutara,"🌿 WE ARE HIRING! 🌿
Kamvelta Holiday Resort, a 20-room holiday resort located in Kidelpitiya, Bandaragama, is looking for enthusiastic and dedicated individuals to join our team.
📌 Available Vacancies:
⭕Room Cleaning Assistant
✅Gender :- Female
🔶Above 25 years of age
📍 Location:
Kidelpitiya Junction, Walmilla, Bandaragama.
📞 Mobile: 0722247735
☎️ Landline: 0382288808
Join our hospitality family and build your career with us!",,
https://ikman.lk/en/ad/room-boy-galle-163,"We are urgently looking for an experienced Room Boys for Hotel in Ambalangoda.
Room Boys are responsible for all room attendance and cleaning works at hotel premises.
Salary will be discuss according to work experience.
Please send your CV to WhatsApp 0701960324/0713711029 or dinukanng@gmail.com.",,
https://ikman.lk/en/ad/assistant-manager-kandy-victoria-eco-resort-kandy-1,,,"HTTPSConnectionPool(host='ikman.lk', port=443): Read timed out. (read timeout=15)"
https://ikman.lk/en/ad/waiter-kosgoda-galle-1,,,"HTTPSConnectionPool(host='ikman.lk', port=443): Read timed out. (read timeout=15)"
https://ikman.lk/en/ad/waiter-kosgoda-galle,,,"HTTPSConnectionPool(host='ikman.lk', port=443): Read timed out. (read timeout=15)"
https://ikman.lk/en/ad/kitchen-helper-colombo-981,,,"HTTPSConnectionPool(host='ikman.lk', port=443): Read timed out. (read timeout=15)"
https://ikman.lk/en/ad/hotel-helper-kurunegala,,,"HTTPSConnectionPool(host='ikman.lk', port=443): Read timed out. (read timeout=15)"
https://ikman.lk/en/ad/waiter-and-waitress-for-colombo-10-deans-road-maradana-colombo,,,"HTTPSConnectionPool(host='ikman.lk', port=443): Read timed out. (read timeout=15)"
https://ikman.lk/en/ad/room-assistant-male-female-mount-lavinia-colombo,,,"HTTPSConnectionPool(host='ikman.lk', port=443): Read timed out. (read timeout=15)"
https://ikman.lk/en/ad/ayurveda-therapist-galaha-male-female-kandy,,,"HTTPSConnectionPool(host='ikman.lk', port=443): Read timed out. (read timeout=15)"
https://ikman.lk/en/ad/kitchen-helper-mount-lavinia-colombo-2,,,"('Connection aborted.', ConnectionResetError(10054, 'An existing connection was forcibly closed by the remote host', None, 10054, None))"
https://ikman.lk/en/ad/room-assistant-male-female-kurunegala-kurunegala,,,"HTTPSConnectionPool(host='ikman.lk', port=443): Read timed out. (read timeout=15)"
https://ikman.lk/en/ad/gro-male-female-kandy-city-kandy-1,,,"HTTPSConnectionPool(host='ikman.lk', port=443): Read timed out. (read timeout=15)"
https://ikman.lk/en/ad/kitchen-helper-katugastota-kandy,,,"HTTPSConnectionPool(host='ikman.lk', port=443): Read timed out. (read timeout=15)"
https://ikman.lk/en/ad/room-assistant-male-female-peradeniya-kandy,"HOTEL VACANCIES – Kandy City
# 𝐏𝐎𝐒𝐈𝐓𝐈𝐎𝐍 | තනතුර : Room Assistant (Male/Female) - Peradeniya
========================
# 𝐑𝐄𝐐𝐔𝐈𝐑𝐄𝐌𝐄𝐍𝐓𝐒 | සුදුසුකම් :
~ Age Below 35 years old .
~ Must have experience in a relevant field at least 01 year
~ Strong management skills & able to work with a young + dynamic team
~ Foods, Accommodations and Uniform will provide by the Hotel
~ Offering competitive salaries
~ Trainees are welcome
# 𝐇𝐎𝐖 𝐓𝐎 𝐀𝐏𝐏𝐋𝐘 | අයඳුම් කලයුතු ආකාරය :
＃ Contact Details :- 0776503282",,
https://ikman.lk/en/ad/f-b-waiter-male-female-anuradhapura-anuradhapura,,,"HTTPSConnectionPool(host='ikman.lk', port=443): Read timed out. (read timeout=15)"
https://ikman.lk/en/ad/villa-worker-kandy-1,,,"HTTPSConnectionPool(host='ikman.lk', port=443): Read timed out. (read timeout=15)"
https://ikman.lk/en/ad/steward-kegalle-1,Require an experienced housekeeping staff to manage rooms and steward roles. Location is in yatiyantota a 4 bedroom luxury villa,,
https://ikman.lk/en/ad/kitchen-helper-male-boralesgamuwa-colombo,,,"HTTPSConnectionPool(host='ikman.lk', port=443): Read timed out. (read timeout=15)"
https://ikman.lk/en/ad/waiter-in-boralesgamuwa-colombo-1,,,"HTTPSConnectionPool(host='ikman.lk', port=443): Read timed out. (read timeout=15)"
https://ikman.lk/en/ad/restaurant-steward-kaduwela-colombo-1,"Restaurant Steward Vacancy
📍 Location: Kothalawala, Kaduwela
We are looking for dedicated and energetic Restaurant Stewards to join our Restaurant & Bakery team.
Requirements:
✔ Minimum 6 months of experience as a Restaurant Steward
✔ Age between 20 – 40 years
✔ Ability to work in a team environment
✔ Good work ethic and attention to cleanliness
✔ Friendly and positive attitude
Salary & Benefits:
💰 Salary: Rs. 60,000/- + Attractive Incentives
🍽  Free Meals Provided
🏠 Free Accommodation Provided
📈 Career Growth Opportunities
📞 For More Information: Call or WhatsApp 0762006007
===============================================================
🍽️ Restaurant Steward ඇබෑර්තුවක්
📍 ස්ථානය: කොතලාවල, කඩුවෙල
අපගේ Restaurant & Bakery ආයතනය සඳහා උද්යෝගිමත් සහ වගකීම් සහිත Restaurant Steward සේවකයින් අවශ්‍යයි.
අවශ්‍ය සුදුසුකම්:
✔ Restaurant Steward ලෙස අවම මාස 06ක සේවා පළපුරුද්ද
✔ වයස අවුරුදු 20 – 40 අතර විය යුතුය
✔ කණ්ඩායමක් සමඟ වැඩ කිරීමේ හැකියාව
✔ පිරිසිදුකම හා වගකීම් සහිත වැඩපිළිවෙළක් පවත්වාගෙන යාම
✔ සුහදශීලී සහ ධනාත්මක ආකල්පයක් තිබීම
වැටුප් හා ප්‍රතිලාභ:
💰 මාසික වැටුප රු. 60,000/- + ආකර්ෂණීය දිරි දීමනා
🍽 නොමිලේ ආහාර
🏠 නොමිලේ නවාතැන් පහසුකම්
📈 ඉදිරියට වෘත්තීය දියුණුවට අවස්ථා
🏢 සේවා ස්ථානය: Restaurant & Bakery
📞 වැඩි විස්තර සඳහා අමතන්න / WhatsApp කරන්න: 0762006007",,
https://ikman.lk/en/ad/kitchen-helper-cmaiylrrai-utviyaallrkll-teevai-colombo,,,"HTTPSConnectionPool(host='ikman.lk', port=443): Read timed out. (read timeout=15)"
https://ikman.lk/en/ad/pantry-keepers-colombo-1-colombo,"Requirements:
✔️ Good communication skills
✔️ Positive attitude and team spirit
✔️ Ability to work in a fast-paced environment
✔️ Previous experience is an advantage (but not essential)
✔️ Flexible to work shifts, weekends, and holidays
Responsibilities:
• Greet and serve customers professionally
• Take food and beverage orders accurately
• Ensure excellent customer service
• Maintain cleanliness and hygiene standards
• Work closely with the kitchen and service team
Benefits:
• Meals will be provided during working hours 🍽️
• Attractive salary package 💰
📍 Location: 12/10 , YMBA Building , Colombo 01
Please send your CV to rfccolombo@gmail.com or WhatsApp 0742661998
Join our team and be part of a dynamic hospitality environment! Apply today.",,
https://ikman.lk/en/ad/waiter-colombo-01-colombo,,,"HTTPSConnectionPool(host='ikman.lk', port=443): Read timed out. (read timeout=15)"
https://ikman.lk/en/ad/barista-male-female-kurunegala-kurunegala,"HOTEL VACANCIES
# 𝐏𝐎𝐒𝐈𝐓𝐈𝐎𝐍 - Barista (Male/Female) - Kurunegala
=======================
# 𝐑𝐄𝐐𝐔𝐈𝐑𝐄𝐌𝐄𝐍𝐓𝐒
♦ Age Below 35 years old .
♦ Must have experience in a relevant field at least 01 year
♦ Who have followed Diploma / Course is preferred
♦ Good communication skill in English / Computer knowledge will
be an advantage.
♦ Foods, Accommodations and Uniform will provide by the Hotel
♦ Offering competitive salaries
# Apply now :- Call for more information
＃ Contact No:- 0763281164",,
https://ikman.lk/en/ad/restaurant-waiter-in-asgiriya-kandy,"We Are Hiring – Join Our Hospitality Team in Asgiriya
We are looking for energetic and experienced individuals for the following positions:
Barman
Restaurant Waiter
Stewardess / Captains
Bar Waiter
Requirements:
• Age below 35 years
• Passed G.C.E A/L
• Minimum 1 year experience in a relevant field
• Good communication skills in English will be an added advantage
• Ability to work with a young and dynamic team
• Candidates residing in and around  Anuradhapura  area will be an added advantage
Benefits:
• Attractive salary package
• Free food, accommodation & uniform provided by the hotel
Contact: 0763281164",,
https://ikman.lk/en/ad/hottel-seevk-seevik-matara,"හොටෙල් සේවක සේවිකා
සුදුසුකම් සපුරා ඇති පුහුණු / නුපුහුණු සියලු දෙනා  හෝටල් රැකියා  අවස්ථාවන් සදහා සියළුම වරප්‍රසාද සහිතව බදවාගැනේ......
පහත සදහන් ඇබෑර්තු සදහා අයදුම් කල හැකිය.
* ස්ටුවට්
* රූම් කීපර්
* කුක්
* ඇසිස්ටන්ට්
* වේටර්
* රිසෙප්ශන්
* කාන්තා / පිරිමි දිවයිනේ ඕනෑම ප්‍රදේශයකින් බදවා ගැනේ.
•   ආහාර පාන නවාතැන් පහසුකම් නොමිලේ.
•   වැටුප 65 , 000 න් ඉහළ වැටුප් ( තමන්ගේ දක්ශතාවය මත වැටුප් වැඩි වේ.)
සීමිත ප්‍රමාණයක් බදවාගන්න බැවින් ඔබගේ අවස්ථාව වෙන් කරවා ගැනීමට අමතන්න.
☎️076 436 3885
☎️076 436 3886
☎️0743077563",,
https://ikman.lk/en/ad/hottel-seevk-seevikaa-nuvr-kandy,"හොටෙල් සේවක සේවිකා
සුදුසුකම් සපුරා ඇති පුහුණු / නුපුහුණු සියලු දෙනා  හෝටල් රැකියා  අවස්ථාවන් සදහා සියළුම වරප්‍රසාද සහිතව බදවාගැනේ......
පහත සදහන් ඇබෑර්තු සදහා අයදුම් කල හැකිය.
* ස්ටුවට්
* රූම් කීපර්
* කුක්
* ඇසිස්ටන්ට්
* වේටර්
* රිසෙප්ශන්
* කාන්තා / පිරිමි දිවයිනේ ඕනෑම ප්‍රදේශයකින් බදවා ගැනේ.
•   ආහාර පාන නවාතැන් පහසුකම් නොමිලේ.
•   වැටුප 65 , 000 න් ඉහළ වැටුප් ( තමන්ගේ දක්ශතාවය මත වැටුප් වැඩි වේ.)
සීමිත ප්‍රමාණයක් බදවාගන්න බැවින් ඔබගේ අවස්ථාව වෙන් කරවා ගැනීමට අමතන්න.
☎️0743077561
☎️076436 3885
☎️0743077562",,
https://ikman.lk/en/ad/hottel-seevk-seevikaa-nugeegodd-colombo,"හොටෙල් සේවක සේවිකා
සුදුසුකම් සපුරා ඇති පුහුණු / නුපුහුණු සියලු දෙනා  හෝටල් රැකියා  අවස්ථාවන් සදහා සියළුම වරප්‍රසාද සහිතව බදවාගැනේ......
පහත සදහන් ඇබෑර්තු සදහා අයදුම් කල හැකිය.
* ස්ටුවට්
* රූම් කීපර්
* කුක්
* ඇසිස්ටන්ට්
* වේටර්
* රිසෙප්ශන්
* කාන්තා / පිරිමි දිවයිනේ ඕනෑම ප්‍රදේශයකින් බදවා ගැනේ.
•   ආහාර පාන නවාතැන් පහසුකම් නොමිලේ.
•   වැටුප 65 , 000 න් ඉහළ වැටුප් ( තමන්ගේ දක්ශතාවය මත වැටුප් වැඩි වේ.)
සීමිත ප්‍රමාණයක් බදවාගන්න බැවින් ඔබගේ අවස්ථාව වෙන් කරවා ගැනීමට අමතන්න.
☎️0743077562
☎️0743077561
☎️076 436 3881",,
https://ikman.lk/en/ad/hottel-seevk-seevikaa-gaall-galle,"හොටෙල් සේවක සේවිකා
සුදුසුකම් සපුරා ඇති පුහුණු / නුපුහුණු සියලු දෙනා  හෝටල් රැකියා  අවස්ථාවන් සදහා සියළුම වරප්‍රසාද සහිතව බදවාගැනේ......
පහත සදහන් ඇබෑර්තු සදහා අයදුම් කල හැකිය.
* ස්ටුවට්
* රූම් කීපර්
* කුක්
* ඇසිස්ටන්ට්
* වේටර්
* රිසෙප්ශන්
* කාන්තා / පිරිමි දිවයිනේ ඕනෑම ප්‍රදේශයකින් බදවා ගැනේ.
•   ආහාර පාන නවාතැන් පහසුකම් නොමිලේ.
•   වැටුප 65 , 000 න් ඉහළ වැටුප් ( තමන්ගේ දක්ශතාවය මත වැටුප් වැඩි වේ.)
සීමිත ප්‍රමාණයක් බදවාගන්න බැවින් ඔබගේ අවස්ථාව වෙන් කරවා ගැනීමට අමතන්න.
☎️076 436 3885
☎️076 436 3878
☎️076 436 3883",,
https://ikman.lk/en/ad/kitchen-helper-male-female-colombo-03-colombo,"# Hotel Vacancies
#  : Kitchen Helper (Male/Female)  -  Colombo 03
# 𝐑𝐄𝐐𝐔𝐈𝐑𝐄𝐌𝐄𝐍𝐓𝐒 :
* වයස අවුරුදු 45 අඩු
* ක්ෂේත්ර්යේ පලපුරුද්ද අවශ්‍ය නැත
* වැටුප හා අමතර දීමනා ඇතුළුව රු.35,000 – 45,000 අතර වැටුපක් ලබාදේ.
* ආහාර ,නවාතැන් හා නිළ ඇදුම් සපයනු ලැබේ
* හෝටල් පාඨමාලාවක් හදාරා ඇති අය සඳහා විශේෂයි
* දුරකතන අංකය :- 0776185564",,
https://ikman.lk/en/ad/needee-kitchen-helpers-colombo,"Here are all the details shown in the poster:
WE ARE HIRING!
Kitchen Helpers
✅ 5 Vacancies Available
Salary & Benefits
* Monthly Salary: RS. 75,000
* Duty Timing: 7:00 AM – 7:00 PM
* Accommodation Provided
* Food Provided
Positions Available
* Kitchen Helper
Contact Details
📞 Calling Number: 076 750 9488
📱 WhatsApp: 077 354 1378
📄 Send Your CV to WhatsApp
Apply Now!
Limited seats – Hurry up!
Suggested Corrections (for a more professional poster)
* “Your CV Send to WhatsApp” → Send Your CV via WhatsApp
Final Job Ad Text:
WE ARE HIRING – KITCHEN HELPERS
🔹 5 Vacancies Available
🔹 Monthly Salary: RS. 75,000
🔹 Duty Hours: 7:00 AM – 7:00 PM
🔹 Free Accommodation Provided
🔹 Free Food Provided
Positions:
* Kitchen Helper
📞 Call: 076 750 9488
📱 WhatsApp: 077 354 1378
📄 Send Your CV via WhatsApp
Apply Now – Limited Vacancies!",,
https://ikman.lk/en/ad/pastry-bakery-and-hot-kitchen-cook-unawatuna-galle,"* *** Tourists Hotel Resort Oppertunity
We a Hiring !    GalleUnawatuna ,  Weligama    and    Hikkaduwa .
🌟 Pastry bekary Cook
🌟 Pastry bakery Treening cook
🌟 Hotel Kitchen Cook
🌟 Ac, Electrician ,Maintenance
( කාර්මික ශිල්පීන් )
🌟 Front Office office - Night shift Boy.
🌟 Receptionist -  Girl , office Time
work.
🌟 Room Boy Steward - Girl & Boy Treening .
* පුහුණු නුපුහුණු දෙපාර්ශවයෙන්ම අවශ්‍යයි .
* සියළු පහසුකම් සමගින් අදාළ තනතුර මත අයදුම් කරුගේ  සුදුසුකම් මත වැටුප් ඉහළට .
(නුපුහුණු ට්‍රේනින් වරුන් ට ද ඉල්ලුම් කල හැකිය )
* හොටෙල් සහතික පත් හා ඉහළ English දැනුම අවශ්‍ය නොවෙයි .
නුපුහුණු අයද අවශ්‍යයි  .
අමතන්න 0774 - 076 5 11
07722 -68 402.",,
https://ikman.lk/en/ad/bar-man-assistant-kandy-kandy-2,"HOTEL VACANCIES – Kandy
# 𝐏𝐎𝐒𝐈𝐓𝐈𝐎𝐍 | තනතුර : Bar Man / Bar Assistant – Kandy
========================
# 𝐑𝐄𝐐𝐔𝐈𝐑𝐄𝐌𝐄𝐍𝐓𝐒 | සුදුසුකම් :
~ Age Below 35 years old .
~ Must have experience in a relevant field at least 01 year
~ Residing in and around Kandy  Area will be an added advantage
~ Strong management skills & able to work with a young + dynamic team
~ Foods, Accommodations and Uniform will provide by the Hotel
~ Offering competitive salaries
# 𝐇𝐎𝐖 𝐓𝐎 𝐀𝐏𝐏𝐋𝐘 | අයඳුම් කලයුතු ආකාරය :
＃ :  0742435564",,
https://ikman.lk/en/ad/kitchen-helper-sigiriya-kandy,"HOTEL VACANCIES – Sigiriya
# 𝐏𝐎𝐒𝐈𝐓𝐈𝐎𝐍 | තනතුර : Kitchen Helper – Sigiriya
========================
# 𝐑𝐄𝐐𝐔𝐈𝐑𝐄𝐌𝐄𝐍𝐓𝐒 | සුදුසුකම් :
~ Age Below 45 years old .
~ Must have experience in a relevant field at least 01 year
~ Residing in and around Sigiriya   Area will be an added advantage
~ Foods, Accommodations and Uniform will provide by the Hotel
~ Offering competitive salaries
# 𝐇𝐎𝐖 𝐓𝐎 𝐀𝐏𝐏𝐋𝐘 | අයඳුම් කලයුතු ආකාරය :
＃ : 0763281164",,
https://ikman.lk/en/ad/waiter-in-negombo-gampaha,"🍽️👨‍🍳 A ශ්‍රේණියේ ගම්පහ  දිස්ත්‍රික්කයේ   සංචාරක  මන්ඩලයෙ අනුමැතිය ලද් TOURIST GUEST HOUSE  එකකට සහායකයින් (Restaurant waiter) සඳහා කඩිනම් බඳවා ගැනීම් ඇරඹේ...!
👨🏻‍🍳👩🏻‍🍳 පුහුණු / නුපුහුණු කාන්තා  පාර්ශවයටම අනගි රැකියා අවස්ථා...📌️වේටර් වරුන්
🏢 අප ආයතනය රජයේ ලියාපදිංචි විශ්වාසනීය ආයතනයකි.
💸 ආකර්ෂණීය වැටුප්
📅 දින / සති / මාසික වැටුප් ක්‍රම
🎁 අතිකාල දීමනා සහ තවත් දීමනා රැසක්
🍛 ආහාර පහසුකම්
🏠 නවාතැන් පහසුකම්
👔 නිල ඇඳුම් සැපයේ
✅ අත්දැකීම් නොමැති අයද බදවා ගැනේ
✅ පැමිණි දිනම රැකියාවට යොමු කෙරේ
✅ ඔබගේ සුදුසුකම් අනුව රැකියා අවස්ථා ලබාදේ
📞 වැඩිදුර විස්තර සඳහා අදම අමතන්න :
📲 0769169344 , 0775494894
🌹 Whats App හරහාද සම්බන්ධ විය හැක.",,
https://ikman.lk/en/ad/kitchen-helper-in-negombo-gampaha,"🍽️👨‍🍳 A ශ්‍රේණියේ ගම්පහ  දිස්ත්‍රික්කයේ   සංචාරක  මන්ඩලයෙ අනුමැතිය ලද් TOURIST GUEST HOUSE  එකකට සහායකයින් (Restaurant Kitchen Helpers) සඳහා කඩිනම් බඳවා ගැනීම් ඇරඹේ...!
📋 වගකීම්:
• චෙෆ්වරුන්ට සහ කෝකිවරුන්ට ආහාර සකස් කිරීමේ කටයුතු සඳහා සහාය වීම
• එළවළු, පලතුරු සහ අනෙකුත් අමුද්‍රව්‍ය සකස් කිරීම
• කුස්සියේ උපකරණ සහ භාජන පිරිසිදු කිරීම
• කුස්සියේ පිරිසිදුකම හා පිළිවෙල පවත්වා ගැනීම
• ආහාර සුරක්ෂිතතා හා සෞඛ්‍යාරක්ෂක නියමයන් අනුගමනය කිරීම
🍽️🏠 කෑම බීම සහ නවාතැන් නොමිලේ.
🎁 අතිකාල දීමනා සහ තවත් දීමනා රැසක්
💰 දක්ෂතා හා අත්දැකීම් අනුව ඉහළ වැටුප්.
📞 වැඩිදුර විස්තර සඳහා අදම අමතන්න :
📲 0769169344 , 0775494894
🌹 Whatsapp හරහාද සම්බන්ධ විය හැක.
🪪 හැදුනුම්පත් පිටපත්, ග්‍රාමසේවක සහ අනෙකුත් සහතික සමග පැමිණෙන්න.",,
https://ikman.lk/en/ad/kitchen-helper-colombo-978,"# 💼 තනතුර : කුස්සියේ සහායක (Kitchen Helper) – Hot Kitchen අංශය (කොළඹ 07)
# 💠 සුදුසුකම් :
- වයස අවුරුදු 20 – 50 අතර
- Curry Filling හා  Lump Rice සකස් කිරීමේ පළපුරුද්දක් තිබීම වාසියකි.
# 💠 රැකියාවේ කාර්ය භාරය :
【~】✪
- Curry Filling හා Lump Rice සකස් කිරීම
# ✅ ප්‍රතිලාභ :
=======================
ආකර්ශනීය වැටුපක් සහ අනෙකුත් වරප්‍රසාද රැසක් පිරිනැමේ.
- දිනකට පැය 9 ක වැඩ කාලය
- අමතරව අතිකාල දීමනා
- මසකට දින 6 ක නිවාඩු
- නිල ඇදුම්
- සේවා කාලය තුළ ආහාර
- පළපුරුදු සේවකයින් සඳහා ආකර්ශනීය වැටුප්
# ✅ ඉල්ලුම් කළ යුතු ආකාරය :
=======================
ඉහත තනතුර සඳහා සුදුසූම පුද්ගලයා ඔබ නම්, මෙම දැන්වීමේ ""Apply for this job"" හරහා අයදුම් කරන්න.
(ක්ෂණික බඳවා ගැනීම් සිදු කෙරේ)
# 📳 දුරකථන අංකය : 077 977 3152
# 📧 ඊ-මේල් ලිපිනය : careers@breadtalksrilanka.com
# 📪 ලිපිනය :
=======================
BreadTalk ආයතනය, කොළඹ 07",,
https://ikman.lk/en/ad/kitchen-helper-colombo-977,"# 💼 තනතුර : කුස්සියේ සහායක (Kitchen Helper) – Hot Kitchen අංශය (කොළඹ 07)
# 💠 සුදුසුකම් :
- වයස අවුරුදු 20 – 50 අතර
- Curry Filling හා  Lump Rice සකස් කිරීමේ පළපුරුද්දක් තිබීම වාසියකි.
# 💠 රැකියාවේ කාර්ය භාරය :
【~】✪
- Curry Filling හා Lump Rice සකස් කිරීම
# ✅ ප්‍රතිලාභ :
=======================
ආකර්ශනීය වැටුපක් සහ අනෙකුත් වරප්‍රසාද රැසක් පිරිනැමේ.
- දිනකට පැය 9 ක වැඩ කාලය
- අමතරව අතිකාල දීමනා
- මසකට දින 6 ක නිවාඩු
- නිල ඇදුම්
- සේවා කාලය තුළ ආහාර
- පළපුරුදු සේවකයින් සඳහා ආකර්ශනීය වැටුප්
# ✅ ඉල්ලුම් කළ යුතු ආකාරය :
=======================
ඉහත තනතුර සඳහා සුදුසූම පුද්ගලයා ඔබ නම්, මෙම දැන්වීමේ ""Apply for this job"" හරහා අයදුම් කරන්න.
(ක්ෂණික බඳවා ගැනීම් සිදු කෙරේ)
# 📳 දුරකථන අංකය : 077 977 3152
# 📧 ඊ-මේල් ලිපිනය : careers@breadtalksrilanka.com
# 📪 ලිපිනය :
=======================
BreadTalk ආයතනය, කොළඹ 07",,
https://ikman.lk/en/ad/sncaark-hottel-risortt-aebaaertu-maatr-matara,">>පුහුණු නුපුහුණු - ස්ටුවර්ඩ්  වේටර්,  රූම්බෝයි , පේස්ට්‍ර් බේකර් කුක්
>> විදුලි කාර්මික මේන්ට්‍රේනර්ස්
>> රිසෙප්ශනීස් - කාන්තා පිරිමි
සේවකයින් ඉක්මනින් අවශ්‍යයි
>>මාතර සහ ගාල්ල කොටුව පිහිටි තරු පංතියේ සංචාරක නිකේතනයකට නැවතී සේවය කිරීමට හෝ යාමට ඒමට හැකියාව ඇති අය අවශ්‍යයි
>>සතියේ දිනවල සම්මුඛ පරික්ෂණ අමතන්න
076 - 14 30 886
0772- 2684 02
••••••• Hotel Vacancies Immediately Hiring ••••••••••
Galle fort Weligama and Matara",,
https://ikman.lk/en/ad/hottel-seevk-seevkaa-maatr-matara-2,"⸻
🏨 හෝටල් රැකියා අවස්ථා – දැන් බදවා ගැනේ!
පුහුණු සහ නුපුහුණු – ඔබ සදහාමයි!
අපගේ හෝටල් , නිවාඩු නිකේතන සහ ආපනශාලා හී සේවය කිරීමට උද්යෝගිමත් පුද්ගලයින් සොයමින් සිටින්නෙමු.
⸻
📌 අප සොයන්නේ පහත තනතුරු සඳහාය:
🔹 ස්ටුවට් (Steward)
🔹 රූම් කීපර් (Room Keeper)
🔹 කුක් / සූපවේදියන්
🔹 ඇසිස්ටන්ට් (ආධාරක නිළධාරීන්)
🔹 වේටර් / වේට්‍රස්
🔹 රිසෙප්ෂන් නිළධාරීන්
⸻
👥 කාන්තා සහ පිරිමි දෙදෙනාටම අවස්ථාව ඇත.
📍 දිවයින පුරා සිටින අයදුම්කරුවන්ගෙන් ඉල්ලුම් කළ හැක.
⸻
💼 ප්‍රතිලාභ:
🍽️ නොමිලේ ආහාර සහ පාන
🛏️ නොමිලේ නවාතැන්
💰 මුලික වැටුප රු. 65,000/- සිට ඉහළට
📈 දක්ෂතාවය අනුව වැඩි වැටුප් ලබාදේ
⸻
📢 අවස්ථා සීමිත බැවින් අදම අමතන්න හා ඔබගේ ස්ථානය වෙන් කරවා ගන්න!
076 4363 886
076 4363 885
074 3077 561
074 3077 562
Whats app contact
076 4363 881
076 4363 885
074 3077 561
074 3077 562
⸻
ඔබේ ජීවිතයට නව පියවරක් දැමීමට හොඳම අවස්ථාව මෙය විය හැක. අදම අයදුම් කරන්න!",,
https://ikman.lk/en/ad/hottel-seevk-seevkaa-gaall-galle-16,"⸻
🏨 හෝටල් රැකියා අවස්ථා – දැන් බදවා ගැනේ!
පුහුණු සහ නුපුහුණු – ඔබ සදහාමයි!
අපගේ හෝටල් , නිවාඩු නිකේතන සහ ආපනශාලා හී සේවය කිරීමට උද්යෝගිමත් පුද්ගලයින් සොයමින් සිටින්නෙමු.
⸻
📌 අප සොයන්නේ පහත තනතුරු සඳහාය:
🔹 ස්ටුවට් (Steward)
🔹 රූම් කීපර් (Room Keeper)
🔹 කුක් / සූපවේදියන්
🔹 ඇසිස්ටන්ට් (ආධාරක නිළධාරීන්)
🔹 වේටර් / වේට්‍රස්
🔹 රිසෙප්ෂන් නිළධාරීන්
⸻
👥 කාන්තා සහ පිරිමි දෙදෙනාටම අවස්ථාව ඇත.
📍 දිවයින පුරා සිටින අයදුම්කරුවන්ගෙන් ඉල්ලුම් කළ හැක.
⸻
💼 ප්‍රතිලාභ:
🍽️ නොමිලේ ආහාර සහ පාන
🛏️ නොමිලේ නවාතැන්
💰 මුලික වැටුප රු. 65,000/- සිට ඉහළට
📈 දක්ෂතාවය අනුව වැඩි වැටුප් ලබාදේ
⸻
📢 අවස්ථා සීමිත බැවින් අදම අමතන්න හා ඔබගේ ස්ථානය වෙන් කරවා ගන්න!
076 4363 885
076 4363 883
076 4363 881
076 4363 886
Whats app contact
076 4363 885
076 4363 883
076 4363 881
076 4363 886
⸻
ඔබේ ජීවිතයට නව පියවරක් දැමීමට හොඳම අවස්ථාව මෙය විය හැක. අදම අයදුම් කරන්න!",,
https://ikman.lk/en/ad/bar-man-assistant-sigiriya-matale-3,"HOTEL VACANCIES – SIGIRYA
Position: Bar Man / Bar Assistant
Requirements:
•	Age below 35 years
•	Minimum 1 year experience in a relevant field
•	Candidates residing in and around Colombo area will be an added advantage
•	Good communication and teamwork skills
•	Ability to work in a young and dynamic team
•	Who have followed Diploma / Course is preferred
Benefits:
•	Free food and accommodation provided by the hotel
•	Uniform provided
•	Attractive and competitive salary package
How to Apply:
For more information:  0776503282",,
https://ikman.lk/en/ad/room-assistant-male-female-katugastota-kandy,"HOTEL VACANCIES – Katugastota,  Kandy
# 𝐏𝐎𝐒𝐈𝐓𝐈𝐎𝐍 | තනතුර : Room Assistant (Male/Female) - Kandy City
========================
# 𝐑𝐄𝐐𝐔𝐈𝐑𝐄𝐌𝐄𝐍𝐓𝐒 | සුදුසුකම් :
~ Age Below 35 years old .
~ Must have experience in a relevant field at least 01 year
~ Strong management skills & able to work with a young + dynamic team
~ Foods, Accommodations and Uniform will provide by the Hotel
~ Offering competitive salaries
~ Trainees are welcome
# 𝐇𝐎𝐖 𝐓𝐎 𝐀𝐏𝐏𝐋𝐘 | අයඳුම් කලයුතු ආකාරය :
＃ Contact Details :- 0742435564",,
https://ikman.lk/en/ad/f-and-b-waiter-male-female-katugastota-kandy,"HOTEL VACANCIES – WAITING STAFF
# 𝐏𝐎𝐒𝐈𝐓𝐈𝐎𝐍 - F&B Waiter (Male/ Female) – Katugastota
========================
# 𝐑𝐄𝐐𝐔𝐈𝐑𝐄𝐌𝐄𝐍𝐓𝐒
♦ Age Below 35 years old
♦ Must have experience in a relevant field at least 01 year
♦ Who have followed Diploma / Course is preferred.
♦ Good communication skill in English / Computer knowledge will
be an advantage.
♦ Foods, Accommodations and Uniform will provide by the Hotel
♦ Offering competitive salaries
# Apply now :- Call for more information
＃ :- 0776185564",,
https://ikman.lk/en/ad/kitchen-helper-male-digana-kandy-5,"Hotel Vacancies - Digana
Position: Kitchen Helper (Male) - Digana
Requirements:
• Age below 45 years
• No prior experience required
• Candidates with a hotel or hospitality course qualification will have an added advantage
Benefits:
• Salary: Rs. 45,000 – 65,000 (including allowances)
• Meals, accommodation, and uniforms provided
More Information  :-  0778205564",,
https://ikman.lk/en/ad/steward-badulla-15,"we are looking english speaking experienced steward ,waiter to join our team",,
https://ikman.lk/en/ad/room-assistant-male-female-kandy-kandy-6,"HOTEL VACANCIES – Asgiriya, Kandy
# 𝐏𝐎𝐒𝐈𝐓𝐈𝐎𝐍 | තනතුර : Room Assistant (Male/ Female) - Kandy
========================
# 𝐑𝐄𝐐𝐔𝐈𝐑𝐄𝐌𝐄𝐍𝐓𝐒 | සුදුසුකම් :
~ Age Below 35 years old .
~ Must have experience in a relevant field at least 01 year
~ Residing in and around  Kandy  Area will be an added advantage
~ Strong management skills & able to work with a young + dynamic team
~ Good communication skill in English will be an advantage.
~ Foods, Accommodations and Uniform will provide by the Hotel
~ Offering competitive salaries
# 𝐇𝐎𝐖 𝐓𝐎 𝐀𝐏𝐏𝐋𝐘 | අයඳුම් කලයුතු ආකාරය :
＃ : 0743605564",,
https://ikman.lk/en/ad/receptionist-female-kandy-kandy-7,"HOTEL VACANCIES – Kandy
# 𝐏𝐎𝐒𝐈𝐓𝐈𝐎𝐍 | තනතුර : Receptionist  (Female) - Kandy
========================
# 𝐑𝐄𝐐𝐔𝐈𝐑𝐄𝐌𝐄𝐍𝐓𝐒 | සුදුසුකම් :
~ Age Below 35 years old .
~ Passed G.C.E - A/L
~ Must have experience in a relevant field at least 01 year
~ Residing in and around Kandy Area will be an added advantage
~ Strong management skills & able to work with a young + dynamic team
~ Good communication skill in English will be an advantage.
~ Foods, Accommodations and Uniform will provide by the Hotel
~ Offering competitive salaries
# 𝐇𝐎𝐖 𝐓𝐎 𝐀𝐏𝐏𝐋𝐘 |:
＃ : 0778205564",,
https://ikman.lk/en/ad/hottel-ttreenin-puhunnu-nupuhunnu-kaantaa-pirimi-seevkyin-avshyyi-monaragala,"*🏝️ Colombo Star  Hotel Udawalawa Ella   | GALLE FORT Restaurant | WELIGAMA VILLA 🏝️*
*BEACH 3  RESORT JOBS - IMMEDIATE HIRING*
*🔥 ALL ROUND OPPORTUNITY 🔥*
*Vacancies:*
1. *House Keeping*
2. *Steward*
3. *Supervisor*
4. *Barista Bartender
5. *Pastry / Bakery Cook* Kitchen Helper
6. *Receptionist - Front Office - Female
7. AC ,Electrician maintenance
Contact number 077 22 68 402
# පිළිගත් සංචාරක රිසොර්ට් තුනක් සදහා පුරප්පාඩු පවතී
# සියළු අංශ සදහා ඇබෑර්තු ඇත .
( පුහුණු නුපුහුණු දෙපාර්ශවයෙන්ම අමතා පැමිණෙන්න )
හවුස් කීපින් වේටර් රිසෙප්ශනීස් ෆ්‍රන්ට් ඔෆිස් ඉලෙක්ට්‍රිශන් මේන්ට්‍රේනර්ස් කාර්මික අංශ පුරප්පාඩු
පේස්ට්‍ර් බේකර් හොට් රේන්ජ් කුක් කොමීස්.
# ඉහළ වැටුප් සමගින් සර්විස් චාජ් දීමනා ලබාදේ .
( නවාතැන් ආහාර පාන සමගින් ඉහළ වැටුප් .
# රැකියාවක් බලාපොරොත්තුවෙන් සිටින ඔබට මේ සදහා ඉල්ලුම් කල හැකිය
#ඔබගේ අයදුම් පත වට්ස් ඇප් කරන්න
07722- 68402
# අදම
අමතන්න-  076 - 2088705
071 -9386275.",,
https://ikman.lk/en/ad/house-keeping-waiter-apply-all-island-kalutara-1,"*🏝️ Colombo Star  Hotel  | GALLE FORT & BERUWALA  , kaluthara  WELIGAMA VILLA 🏝️*
*BEACH 3  RESORT JOBS - IMMEDIATE HIRING*
*🔥 ALL ROUND OPPORTUNITY 🔥*
*Vacancies:*
1. *House Keeping*
2. *Steward*
3. *Supervisor*
4 * All round
5. *Pastry / Bakery Cook* Kitchen Helper
6. *Receptionist - Front Office - Female
7. AC ,Electrician maintenance
Contact number 077 22 68 402
# පිළිගත් සංචාරක රිසොර්ට් තුනක් සදහා පුරප්පාඩු පවතී .
# පුහුණු නුපුහුණු අවශ්‍යයි .
# හවුස් කීපින් වේටර් රිසෙප්ශනීස් ඉලෙක්ට්‍රිශන් මේන්ට්‍රේනර්ස් කාර්මික අංශ පුරප්පාඩු
පේස්ට්‍ර් බේකර් හොට් රේන්ජ් කුක් කොමීස්.
#ඔබගේ අයදුම් පත වට්ස් ඇප් කරන්න
07722- 68402
#අමතන්න-  076 - 20 88705
071 -9386275.",,
https://ikman.lk/en/ad/hottel-veettr-ruumbooyi-vrun-avshyyi-hambantota,"🌟Hotel  staff - Vacancies Available .
Colombo ,  Galle And Tangalle Matara  Oppertunity
බැරිස්ටාර් බාර්ටෙන්ඩර් ,
ජූස් මේකර්
වේටර්
රිසෙප්ශනීස් ෆ්‍රන්ට් ඔෆිස්
හවුස් කීපින් ඉක්මනින් අවශ්‍යයි .
පේස්ට්‍ර් බේකර් හොට් කිචන් කුක් චෙෆ් හෙල්පර් අවශ්‍යයි .
*පාඨමාලා හදාරා ඇති අය
*අදාළ ක්ෂේත්‍රයේ සේවය කළ ඇති අය
*නුපුහුණු අය අවශ්‍යයි .
# ඉහළ වැටුප් සමගින් දීමනාවන් .
අනුමත නිවාඩු සමගින් ආහාර පාන.
#රැකියාවක් බලාපොරොත්තුවෙන් සිටින ඔබට මේ සදහා ඉල්ලුම් කල හැකිය .
අමතන්න
076 - 20 88 705 , 071- 93 86275
අයදුම් පත් වට්ස් ඇප් යොමු කල හැකිය ~ 07722 - 68402",,
https://ikman.lk/en/ad/hotel-hr-and-house-keeping-male-female-apply-kandy,"🌟Hotel  staff - Vacancies Available .
Colombo ,  Galle Kandy  Gampaha and Weligama Unawatuna star hotel Group  Oppertunity
HR  Assistant
House keeping Room Boy
and
හොටෙල් ඕල් රවුන්ඩර්
ජූස් මේකර්
වේටර් සහ
රිසෙප්ශනීස් ෆ්‍රන්ට් ඔෆිස්  ඉක්මනින් අවශ්‍යයි .
*පාඨමාලා හදාරා ඇති අය
*අදාළ ක්ෂේත්‍රයේ සේවය කළ ඇති අය
*නුපුහුණු අය අවශ්‍යයි .
# ඉහළ වැටුප් සමගින් දීමනාවන් .
අනුමත නිවාඩු සමගින් ආහාර පාන.
#රැකියාවක් බලාපොරොත්තුවෙන් සිටින ඔබට මේ සදහා ඉල්ලුම් කල හැකිය .
අමතන්න 071 93 86 275
076 - 20 88 705.
අයදුම් පත් වට්ස් ඇප් යොමු කල හැකිය ~ 07722 - 68402",,
https://ikman.lk/en/ad/baristas-resort-all-staff-island-apply-gampaha,"🌟Hotel  staff - Vacancies Available .
Colombo ,  Galle And  Gampaha
Matara  Oppertunity .
🎀 බැරිස්ටාර්
ජූස් මේකර්
බාර්මන්
වේටර් රෙස්ටූරන්ට් සුපවයිසර්
රිසෙප්ශනීස් ෆ්‍රන්ට් ඔෆිස්
හවුස් කීපින් ඉක්මනින් අවශ්‍යයි .
*පාඨමාලා හදාරා ඇති අය
*අදාළ ක්ෂේත්‍රයේ සේවය කළ ඇති අය
*නුපුහුණු අය අවශ්‍යයි .
# ඉහළ වැටුප් සමගින් දීමනාවන් .
අනුමත නිවාඩු සමගින් ආහාර පාන.
#රැකියාවක් බලාපොරොත්තුවෙන් සිටින ඔබට මේ සදහා ඉල්ලුම් කල හැකිය .
අමතන්න 071 93 86 275
076 - 20 88 705.
අයදුම් පත් වට්ස් ඇප් යොමු කල හැකිය ~ 07722 - 68402",,
https://ikman.lk/en/ad/nursing-assistant-or-caregiver-colombo-1,"About the role
We are looking for dedicated and compassionate Nursing Assistants and Senior Caregivers to join our team, providing essential care and support to patients at Siva Home Care and Medicals.
Responsibilities: 
- Assisting patients with daily activities (bathing, dressing, and feeding). 
- Monitoring vital signs and reporting changes to nurses. 
- Helping with patient mobility and transfers. 
- Maintaining a clean and safe patient environment. 
- Documenting patient care activities (basic computer skills needed).
Requirements:
- Minimum 1 year experience in the field 
- Good communication skills (English & Sinhala/Tamil preferred). -
- Ability to work independently and as part of a team. 
- Physical ability to lift and move patients. 
- Compassionate and patient-focused attitude. 
- Experience in a healthcare setting is a plus. 
- NVQ Level 3 or above in Nursing Assistant, Caregiver or related field.
Benefits:
- Competitive salary 
- Annual performance increment. 
- Opportunity for long term career. 
- Accommodation, meals provided",,
https://ikman.lk/en/ad/male-nurse-pirimi-hed-nildhaariin-alvv-kurunegala-2,"🌟 ඔබත් හෙද නිලදාරියකු වීමට සිහින දකිනවද?
හෙද පුහුණු පාඨමාලාව හදාරා අවසන් කළ ඔබට හොඳම අවස්ථාවක්!
✅ සුදුසුකම්
🔹 වයස අවුරුදු 18 – 45 අතර විය යුතුය.
🔹 සාමාන්‍ය පෙළ (O/L) විභාගයට පෙනී සිටි අයදුම්කරුවන්ට අයදුම් කළ හැකිය.
🔹 පුහුණු / නුපුහුණු  පිරිමි පුද්ගලයන් සදහා අවස්ථාව ඇත.
🔹 හෙද පුහුණු පාඨමාලාව හදාරා අවසන් කර තිබිය යුතුයි.
💰 සරිලන හා ආකර්ෂණීය වැටුපක්
🏥 ආරක්ෂිත හා සුහදශීලී සේවා පරිසරය
📞 වැඩි විස්තර සඳහා අමතන්න
077 011 1868",,
https://ikman.lk/en/ad/dental-nurse-gampaha-1,"We are looking for someone who is warm, responsible, and eager to learn, as we believe a positive attitude makes a big difference in patient care and teamwork.
Location  - Nittambuwa
Post          - Dental Nurse
General Requirements:
- Pleasing personality
- Good communication skills
- Passed G.C.E. Ordinary Level Examination
- Female below 24 years
- English and Computer   knowledge is an added advantage
Your Responsibilities:
- Assisting  during patient treatments and procedures
- Managing and coordinating patient appointments smoothly with good patient care
- Preparing and sterilizing dental instruments carefully
- Helping maintain a clean and well-organized clinical environment
You will be guided and supported as you learn, so prior experience is not essential—what matters most is your willingness to improve and work with care.
What We Offer:
- A reasonable and fair salary
- Eligibility for EPF and ETF after training
- A supportive and respectful workplace where you can grow your skills
- A 5 day work per week can be applied ( Optional)
If you are kind, motivated, and ready to be part of a team that values both professionalism and positivity, we would love to hear from you.
Please whatsapp your CV to 0772099207
Contact
0718492078
0772099207",,
https://ikman.lk/en/ad/grhsth-hed-pirimi-sh-gaehaennu-shaay-raekiyaa-colombo,"ගෘහස්ථ හෙද රැකියා ඇබෑර්තුව
ගෞරවාන්විත ප්‍රබෝධමත් ස්ථිර රැකියාවක් එක්වන්න අප සමග EPF, ETF සමග වැඩිම වැටුප් ගෙවන හා ස්ථිර රැකියාව ලබාදෙන දිවයිනේ එකම ආයතනය  මාසික වැටුප රු. 79,500/= සිට රු. 135,000/= දක්වා
වර්ෂ 2007 ආරම්භ වූ හෙද සේවිකාවන් 1600 රැකියාවේ යෙදෙන ISO 9001-2015 ජාත්‍යන්තර තත්ව සහතිකයෙන් හා 2023 වර්ෂයේ ආසියාවේ විශිෂ්ටතම හෙද සේවා ආයතනය වශයෙන් සම්මානයෙන් පිදුම් ලැබූ ශ්‍රී ලංකාවේ ප්‍රමුඛතම හා විශාලතම හෙද සේවා ආයතනය වන සීමාසහිත රෝයල් නර්සිං හෝම් පුද්ගලික සමාගම ශ්‍රී ලංකා රජයේ පාර්ලිමේන්තුවෙන් සම්මත කරන ලද 2006 අංක 21 ආඥා පනතට අනුව සෞඛ්‍ය අමාත්‍යංශයේ  පෞද්ගලික සෞඛ්‍ය සේවා නියාමන කොමිෂන් සභාවේ අනුමත ගෘහස්ථ  හෙද සේවාවක් ලෙස PHSRC/OMI/235, හා ගිලන් රථ සේවාවක් ලෙස PHSRC/AS/21 රජයේ අනුමත ආයතනයක් වේ.
ඔබ වයස අවුරුදු 20 -50 අතර උස අඩි 4යි අඟල් 10ට වැඩි සාමාන්‍ය පෙළ දක්වා අධ්‍යාපනය ලැබූ විවාහක/ අවිවාහක,  ගැහැණු/පිරිමි කායික හා මානසික නිරෝගී කාර්යක්ෂම රාජකාරි කළ හැකි  කාරුණිකව හදවතින්ම හෙද සේවයට කැමති ඕනෑම කෙනෙකුට රැකියාව.
වැටුප් ගෙවීම
නුපුහුණු සේවකයන් සඳහා පැය 24 සේවා මුරයක් වෙනුවෙන් එක් දිනකට රු.2,500/= බැගින් ඔබ වැඩ කරන සේවාමුර අනුව ETF, EPF හා දීමනා සමඟ උපරිම වැටුප මසකට රු.79,500/= වේ.
පුහුණු පළපුරුදු හෙද/හෙදි සහායිකාවන් සඳහා පැය 24 සේවා මුරයක් වෙනුවෙන් ඔබ වැඩ කරන සේවාමුර අනුව  අනුව ETF, EPF හා දීමනා සමඟ උපරිම වැටුප මසකට  රු.135,000/= වේ.
නොමිලේ ආහාර පාන නේවාසික පහසුකම් නිල ඇඳුම් සහ රාජකාරි ප්‍රවාහන පහසුකම් නොමිලේ ලබාදෙයි
ස්ථීර රැකියාව ඉහළ වැටුපක් EPF,ETF අනෙකුත් දීමනා ලබා දෙනු ලැබේ
නුපුහුණු  අය සඳහා දින  28 ක නොමිලේ පුහුණුවක් ලබා දේ
පිරිමි හෙද සහායකයන්ට,  ළදරුවන් බලාගැනීමට හැකි සහයිකාවන්ට හා හා පළපුරුදු හෙද සහායිකාවන් ට ඉහළ වැටුප් දීමනා සහ පහසුකම්
ගෘහස්ථ හෙද රැකියාව අයදුම් කිරීමට ඔබගේ මූලික විස්තර මෙම ලින්ක් එක හරහා ඇතුලත් කරන්න
https://careers.royalnursinghome.net/
ඔබගේ මූලික තොරතුරු අප ආයතනයට ලැබීමෙන් පසුව මානව සම්පත් නිලධාරිනියකු විසින් ඔබට රැකියාව සම්බන්ධව පූර්ණ පැහැදිලි කිරීමක් සිදුකරනු ඇත.
ප්‍රධාන කාර්යාලය
අංක 52, ඩ් සෙරම් පාර, ගල්කිස්ස.
දුරකථන: 0718131131",,
https://ikman.lk/en/ad/pharmasist-with-the-license-gampaha,"Looking for a pharmacist with the license to work in a reputed pharmacy in Gampaha. Attractive salary package will be paid. Should work from 7am to 5 pm six days per week.
Must be able to read prescriptions well & need to maintain the stocks expiry.",,
https://ikman.lk/en/ad/phlebotomist-kurunegala-kurunegala,"🩺 වෛද්‍ය ක්ෂේත්‍රයේ රැකියාවක් සොයන ඔබට අනගි අවස්ථාවක්!
📍 කුරුණෑගල පිහිටි ප්‍රසිද්ධ වෛද්‍ය මධ්‍යස්ථානයක් සඳහා Phlebotomist තනතුරට ඇබෑර්තු ඇත.
✅ සුදුසුකම්
🔹 හෙද පාඨමාලාවක් හදාරමින් සිටීම හෝ හදාරා අවසන් කර තිබීම.
🔹 පුහුණු සහ නුපුහුණු දෙපාර්ශ්වයටම අයදුම් කළ හැක.
🔹 වයස අවුරුදු 18 – 40 අතර ගැහැණු අයදුම්කරුවන්ට අයදුම් කළ හැක.
🎯
✔️ ආකර්ෂණීය හා ඉහළ වැටුපක්.
✔️ වෘත්තීයමය සේවා පරිසරයක්.
✔️ අත්දැකීම් ලබාගැනීමට සහ වෘත්තීය දියුණුවට හොඳ අවස්ථාවක්.
✔️ සුහද සේවා කණ්ඩායමක් සමඟ සේවය කිරීමේ අවස්ථාව.
📲 අයදුම් කිරීම සඳහා ඔබගේ අයදුම්පත WhatsApp මඟින් පහත අංකයට එවන්න.
📱 076 966 4065
☎️ වැඩි විස්තර සඳහා අමතන්න
📞 070 463 6235
📞 074 124 3099",,
https://ikman.lk/en/ad/dental-assistant-colombo-63,"We are looking for a experienced dental assistant with Implant knowledge
Accommodation can be provided
Pls send the CV to 0773521070
Joining ASAP",,
https://ikman.lk/en/ad/male-nurse-pirimi-hed-nildhaariin-alvv-kurunegala,"🌟 ඔබත් හෙද නිලදාරියකු වීමට සිහින දකිනවද?
හෙද පුහුණු පාඨමාලාව හදාරා අවසන් කළ ඔබට හොඳම අවස්ථාවක්!
✅ සුදුසුකම්
🔹 වයස අවුරුදු 18 – 45 අතර විය යුතුය.
🔹 සාමාන්‍ය පෙළ (O/L) විභාගයට පෙනී සිටි අයදුම්කරුවන්ට අයදුම් කළ හැකිය.
🔹 පුහුණු / නුපුහුණු  පිරිමි පුද්ගලයන් සදහා අවස්ථාව ඇත.
🔹 හෙද පුහුණු පාඨමාලාව හදාරා අවසන් කර තිබිය යුතුයි.
💰 සරිලන හා ආකර්ෂණීය වැටුපක්
🏥 ආරක්ෂිත හා සුහදශීලී සේවා පරිසරය
📞 වැඩි විස්තර සඳහා අමතන්න
077 011 1868",,
https://ikman.lk/en/ad/assistant-pharmacist-sri-jayawardhanapura-colombo,"🌟 Join Our Team at Medi Prime Pharmaceuticals! 🌟
We are excited to announce job openings at Medi Prime Pharmaceuticals PVT Ltd. We are looking for passionate and dedicated individuals to join our growing team.
Positions Available:
1.  Pharmacy Assistants
📍 Location: Sri Jayawardanapura Branch
📍 Location: Embuldeniya Branch
📍 Location: Kotte Branch
🏠 Accommodation: Can be arranged for selected candidates
🕒 Apply Now and Kickstart Your Career in Healthcare!
🔗 Send your CV or call us today at +94714894112",,
https://ikman.lk/en/ad/hed-seevkaa-gmph-gampaha-11,"🩺 හෙද සේවා රැකියා අවස්ථා –  දිවයින පුරා🏥
ඉතා ඉක්මනින් බඳවා ගැනීම්!
⸻
📍 පැවති පුරප්පාඩු:
•	ආයුර්වේද රෝහල් සහ පෞද්ගලික රෝහල්
•	වැඩිහිටි නිවාස සහ හෙද නිවාස
•	පෞද්ගලික වෛද්‍ය මධ්‍යස්ථාන
⸻
📌 අවශ්‍ය තනතුරු:
✅ හෙදවරු/හෙදවිය
✅ උප හෙදවරු / සාස්තු සේවක සේවිකාරිකාවන්
✅ පුහුණු හෙදවරුන් (අත්දැකීම අවශ්‍ය නොවේ)
⸻
💼 සැපයෙන ප්‍රතිලාභ :
💰 ආකර්ෂණීය වැටුප් පැකේජ (65,000 සිට ඉහළට)
🏡 නවාතැන් පහසුකම් (තෝරාගත් ස්ථාන වලදී)
🍽️ නොමිලේ ආහාර
🚐 ප්‍රවාහන පහසුකම් ලබාදේ
📜 වෘත්තිය සංවර්ධනය සහ සහතික ලබාදීම
⸻
👩‍⚕️ අවශ්‍යතා:
•	හෙද සහතිකය / NVQ සහතිකය (සිදුකරන්නන්ට ප්‍රමුඛත්වය)
•	නවකයින්ටද ඉල්ලුම් කළ හැක
•	මිත්‍රශීලී, සුහදත්වයකින් යුතු වගකීමක් සහිත වැඩ පරිසරය
⸻
📞 ලියාපදිංචි වීමට හා වැඩි විස්තර සඳහා අමතන්න:
076 4363 878
074 3077 563
076 4363 884
076 4363 883
Whats app contact
076 4363 878
074 3077 563
076 4363 884
076 4363 883
⸻
🔹 ඔබේ හෙද සේවා ජීවිතය ආරම්භ කරන්න – අදම අයදුම් කරන්න! 🔹",,
https://ikman.lk/en/ad/hed-seevkaa-kollmb-colombo-5,"🩺 හෙද සේවා රැකියා අවස්ථා –  දිවයින පුරා🏥
ඉතා ඉක්මනින් බඳවා ගැනීම්!
⸻
📍 පැවති පුරප්පාඩු:
•	ආයුර්වේද රෝහල් සහ පෞද්ගලික රෝහල්
•	වැඩිහිටි නිවාස සහ හෙද නිවාස
•	පෞද්ගලික වෛද්‍ය මධ්‍යස්ථාන
⸻
📌 අවශ්‍ය තනතුරු:
✅ හෙදවරු/හෙදවිය
✅ උප හෙදවරු / සාස්තු සේවක සේවිකාරිකාවන්
✅ පුහුණු හෙදවරුන් (අත්දැකීම අවශ්‍ය නොවේ)
⸻
💼 සැපයෙන ප්‍රතිලාභ :
💰 ආකර්ෂණීය වැටුප් පැකේජ (65,000 සිට ඉහළට)
🏡 නවාතැන් පහසුකම් (තෝරාගත් ස්ථාන වලදී)
🍽️ නොමිලේ ආහාර
🚐 ප්‍රවාහන පහසුකම් ලබාදේ
📜 වෘත්තිය සංවර්ධනය සහ සහතික ලබාදීම
⸻
👩‍⚕️ අවශ්‍යතා:
•	හෙද සහතිකය / NVQ සහතිකය (සිදුකරන්නන්ට ප්‍රමුඛත්වය)
•	නවකයින්ටද ඉල්ලුම් කළ හැක
•	මිත්‍රශීලී, සුහදත්වයකින් යුතු වගකීමක් සහිත වැඩ පරිසරය
⸻
📞 ලියාපදිංචි වීමට හා වැඩි විස්තර සඳහා අමතන්න:
074 3077 563
076 4363 878
076 4363 884
076 4363 886
Whats app contact
074 3077 563
076 4363 884
076 4363 878
076 4363 886
⸻
🔹 ඔබේ හෙද සේවා ජීවිතය ආරම්භ කරන්න – අදම අයදුම් කරන්න! 🔹",,
https://ikman.lk/en/ad/hed-seevkaa-gaall-galle-9,"🩺 හෙද සේවා රැකියා අවස්ථා –  දිවයින පුරා🏥
ඉතා ඉක්මනින් බඳවා ගැනීම්!
⸻
📍 පැවති පුරප්පාඩු:
•	ආයුර්වේද රෝහල් සහ පෞද්ගලික රෝහල්
•	වැඩිහිටි නිවාස සහ හෙද නිවාස
•	පෞද්ගලික වෛද්‍ය මධ්‍යස්ථාන
⸻
📌 අවශ්‍ය තනතුරු:
✅ හෙදවරු/හෙදවිය
✅ උප හෙදවරු / සාස්තු සේවක සේවිකාරිකාවන්
✅ පුහුණු හෙදවරුන් (අත්දැකීම අවශ්‍ය නොවේ)
⸻
💼 සැපයෙන ප්‍රතිලාභ :
💰 ආකර්ෂණීය වැටුප් පැකේජ (65,000 සිට ඉහළට)
🏡 නවාතැන් පහසුකම් (තෝරාගත් ස්ථාන වලදී)
🍽️ නොමිලේ ආහාර
🚐 ප්‍රවාහන පහසුකම් ලබාදේ
📜 වෘත්තිය සංවර්ධනය සහ සහතික ලබාදීම
⸻
👩‍⚕️ අවශ්‍යතා:
•	හෙද සහතිකය / NVQ සහතිකය (සිදුකරන්නන්ට ප්‍රමුඛත්වය)
•	නවකයින්ටද ඉල්ලුම් කළ හැක
•	මිත්‍රශීලී, සුහදත්වයකින් යුතු වගකීමක් සහිත වැඩ පරිසරය
⸻
📞 ලියාපදිංචි වීමට හා වැඩි විස්තර සඳහා අමතන්න:
076 4363 884
074 3077 563
074 3077 561
076 4363 881
Whats app contact
076 4363 884
074 3077 563
074 3077 561
076 4363 881
⸻
🔹 ඔබේ හෙද සේවා ජීවිතය ආරම්භ කරන්න – අදම අයදුම් කරන්න! 🔹",,
https://ikman.lk/en/ad/nursing-in-charge-male-female-gampaha,"Supervision of nursing staff and coordinating daily activity activities in the OPD, ETU, Dressing room and asset in mine surgical procedures.",,
https://ikman.lk/en/ad/saattu-seevkyn-puhunnu-kiriim-sndhaa-hed-nildhaariniyn-avshyyi-colombo,"සාත්තු සේවකයන් පුහුණු කිරීම සඳහා හෙද නිලධාරිනියන් අවශ්‍යයි
ශ්‍රී ලංකාවේ විශාලතම හා ප්‍රමුඛතම හෙද සේවා ආයතනය වන සීමාසහිත රෝයල් නර්සින් හෝම් පුද්ගලික සමාගම මගින් පවත්වනු ලබන සාත්තු සේවක / Caregiver පුහුණු පාඨමාලා සඳහා පුහුණු වැඩසටහන් පැවැත්වීමට, පුහුණු කිරීමේ පළපුරුද්ද ඇති හෙද නිලධාරිනියන් බඳවා ගැනේ.
අවශ්‍ය සුදුසුකම්
• රජයේ හෝ පෞද්ගලික රෝහලක හෙද සේවයේ පළපුරුද්ද තිබිය යුතුය.
• සාත්තු සේවකයන් / Caregivers පුහුණු කිරීමේ හැකියාව තිබිය යුතුය.
• පැහැදිලිව ඉගැන්වීමට සහ නවක සේවකයන්ට නිවැරදිව මඟපෙන්වීමට හැකියාව තිබිය යුතුය.
• ඉගැන්වීම සඳහා නවීන ශ්‍රව්‍ය දෘශ්‍ය උපකරණ භාවිතා කිරීමට හැකියාව තිබිය යුතුය.
ප්‍රධාන වගකීම්
• සාත්තු සේවක පුහුණු පාඨමාලා පැවැත්වීම.
• න්‍යායික සහ ප්‍රායෝගික පුහුණුව ලබාදීම.
• නවක සේවකයන්ගේ කුසලතා ඇගයීම.
• රෝගී සත්කාරයේ නිවැරදි ක්‍රමවේද උගන්වීම.
• ආයතනයේ සේවා ප්‍රමිතීන් අනුව සේවකයන් පුහුණු කිරීම.
ආකර්ෂණීය වැටුප් සහ පහසුකම් ලබාදේ.
අයදුම් කිරීමට:
mail@royalnursinghome.com
වැඩි විස්තර සඳහා:
0701 555 555
සාත්තු සේවා හෙද පුහුණු අංශය
රෝයල් නර්සින් හෝම් (පුද්ගලික) සමාගම
මල්වාන පාර,
හංවැල්ල.",,
https://ikman.lk/en/ad/dental-nurse-nursing-assistant-kalutara,"WE ARE HIRING – DENTAL NURSE
A well-established Dental Clinic in Panadura is looking for a motivated and caring Dental Nurse to join our team.
Working Hours (Choose One Shift):
* Morning Shift: Monday to Saturday, 8.00 a.m. – 3.00 p.m.
OR
* Evening Shift: Monday to Saturday, 3.00 p.m. – 9.00 p.m.
Benefits:
* Sunday off
* Closed on Poya days
* Starting salary: Rs. 30,000 during the training period
* Friendly and supportive working environment
* Training provided for suitable candidates
If you are enthusiastic, willing to learn, and committed to patient care, we’d love to hear from you.
To apply, please watts app your application
0773423946
පානදුර නගරයේ පිහිටි දන්ත ශල්‍යාගාරයක් සදහා පුහුණු / නුපුහුණු හෙදියන් / හෙද සහායිකාවක් අවශ්‍යයි.
සදුදා සිට සෙනසුරාදා දක්වා
පෙ. ව. 8 සිට ප.ව. 3 හෝ ප.ව.3 සිට රාත්‍රි 9
ඉරිදා සහ පෝය දින නිවාඩු
පුහුණු කාලය තුල වැටුප රැ30000
අතිකාල දිමනා සහිතයි.
හෙද පාඨමාලාවක් හදාර තිබිම සහ පරිඝනක දැණුම අමතර සුදුසුකම් වේ.
ඔබත් අප සමග එකතු විමට කැමති නම් ඔබගේ අයදුම් පත පහත අංකයට යොමු කරන්න. ( 0773423946)",,
https://ikman.lk/en/ad/pre-intern-doctor-mbbs-lady-colombo,"Perlyn Medical Center has an urgent vacancy for a Female MBBS Doctor (Pre-Intern) to join assist Wound Care Dressing Clinic.
The selected candidate will assist in wound care and dressing procedures under the guidance of our medical team, working closely with our nursing staff in a clinical wound management setting. This is a hands on clinical position suitable for a pre intern doctor seeking practical experience in wound care and minor procedural assistance.
Working Hours: Monday to Saturday, 8.00 AM to 5.00 PM
Day Off: Sunday
Accommodation: Free sharing accommodation provided, shared with our female nursing staff. Food is not included.
How to Apply: Interested candidates are kindly requested to send their CV to janith@perlynit.com. Only CVs will be evaluated, and shortlisted candidates will be contacted for an interview.
Applicants are kindly requested not to call regarding this vacancy.",,
https://ikman.lk/en/ad/dental-nursing-assistant-jaffna-nelliyadi-jaffna,"_*உடனடி வேலைவாய்ப்பு*_
_💎பிரபல தனியார் வைத்தியசாலை ஒன்றில் பயிற்சியுடன் கூடிய வேலைவாய்ப்பு_
💢 *Dental Nursing Assistant (பல் மருத்துவ உதவியாளர்)*
🔷Gender - Female
🔷Age Limit - 18 வயதிற்கு மேற்பட்டோர்
🔷 Qualification
👉A/L முடித்தவர்கள்
👉 O/L முடித்தவர்கள்
🔷 Jaffna & Nelliady
*🔉மேலதிக தகைமைகள்*
👉 தாதிய பயிற்சி நெறி முடித்தவர்கள்
👉 சாரதி அனுமதி பத்திரம் வைத்திருத்தல்
_🔷பயிற்சி காலத்தின் பின்னர் கவர்ச்சிகரமான ஊதியம் வழங்கப்படும்!_
📍_*Location :- Jaffna*_
📱தொடர்புகளுக்கு :-
0767712172 /
0779981914",,
https://ikman.lk/en/ad/hed-seevkaa-kurunnaaegl-kurunegala-9,"🩺 හෙද සේවා රැකියා අවස්ථා –  දිවයින පුරා🏥
ඉතා ඉක්මනින් බඳවා ගැනීම්!
⸻
📍 පැවති පුරප්පාඩු:
•	ආයුර්වේද රෝහල් සහ පෞද්ගලික රෝහල්
•	වැඩිහිටි නිවාස සහ හෙද නිවාස
•	පෞද්ගලික වෛද්‍ය මධ්‍යස්ථාන
⸻
📌 අවශ්‍ය තනතුරු:
⸻
💼 සැපයෙන ප්‍රතිලාභ :
💰 ආකර්ෂණීය වැටුප් පැකේජ (65,000 සිට ඉහළට)
🏡 නවාතැන් පහසුකම් (තෝරාගත් ස්ථාන වලදී)
🍽️ නොමිලේ ආහාර
🚐 ප්‍රවාහන පහසුකම් ලබාදේ
📜 වෘත්තිය සංවර්ධනය සහ සහතික ලබාදීම
⸻
👩‍⚕️ අවශ්‍යතා:
•	හෙද සහතිකය / NVQ සහතිකය (සිදුකරන්නන්ට ප්‍රමුඛත්වය)
•	නවකයින්ටද ඉල්ලුම් කළ හැක
•	මිත්‍රශීලී, සුහදත්වයකින් යුතු වගකීමක් සහිත වැඩ පරිසරය
⸻
📞 ලියාපදිංචි වීමට හා වැඩි විස්තර සඳහා අමතන්න:
074 3077 561
076 4363 885
076 4363 883
076 4363 886
Whats app contact
074 3077 561
076 4363 885
076 4363 883
076 4363 886
⸻
🔹 ඔබේ හෙද සේවා ජීවිතය ආරම්භ කරන්න – අදම අයදුම් කරන්න! 🔹",,
https://ikman.lk/en/ad/hed-seevkaa-kottttaav-colombo-1,"🩺 හෙද සේවා රැකියා අවස්ථා –  දිවයින පුරා🏥
ඉතා ඉක්මනින් බඳවා ගැනීම්!
⸻
📍 පැවති පුරප්පාඩු:
•	ආයුර්වේද රෝහල් සහ පෞද්ගලික රෝහල්
•	වැඩිහිටි නිවාස සහ හෙද නිවාස
•	පෞද්ගලික වෛද්‍ය මධ්‍යස්ථාන
⸻
📌 අවශ්‍ය තනතුරු:
⸻
💼 සැපයෙන ප්‍රතිලාභ :
💰 ආකර්ෂණීය වැටුප් පැකේජ (65,000 සිට ඉහළට)
🏡 නවාතැන් පහසුකම් (තෝරාගත් ස්ථාන වලදී)
🍽️ නොමිලේ ආහාර
🚐 ප්‍රවාහන පහසුකම් ලබාදේ
📜 වෘත්තිය සංවර්ධනය සහ සහතික ලබාදීම
⸻
👩‍⚕️ අවශ්‍යතා:
•	හෙද සහතිකය / NVQ සහතිකය (සිදුකරන්නන්ට ප්‍රමුඛත්වය)
•	නවකයින්ටද ඉල්ලුම් කළ හැක
•	මිත්‍රශීලී, සුහදත්වයකින් යුතු වගකීමක් සහිත වැඩ පරිසරය
⸻
📞 ලියාපදිංචි වීමට හා වැඩි විස්තර සඳහා අමතන්න:
076 4363 885
076 4363 884
076 4363 881
076 4363 886
Whats app contact
076 4363 885
076 4363 884
076 4363 881
076 4363 886
⸻
🔹 ඔබේ හෙද සේවා ජීවිතය ආරම්භ කරන්න – අදම අයදුම් කරන්න! 🔹",,
https://ikman.lk/en/ad/hed-seevkaa-vttl-gampaha-1,"🩺 හෙද සේවා රැකියා අවස්ථා –  දිවයින පුරා🏥
ඉතා ඉක්මනින් බඳවා ගැනීම්!
⸻
📍 පැවති පුරප්පාඩු:
•	ආයුර්වේද රෝහල් සහ පෞද්ගලික රෝහල්
•	වැඩිහිටි නිවාස සහ හෙද නිවාස
•	පෞද්ගලික වෛද්‍ය මධ්‍යස්ථාන
⸻
📌 අවශ්‍ය තනතුරු:
⸻
💼 සැපයෙන ප්‍රතිලාභ :
💰 ආකර්ෂණීය වැටුප් පැකේජ (65,000 සිට ඉහළට)
🏡 නවාතැන් පහසුකම් (තෝරාගත් ස්ථාන වලදී)
🍽️ නොමිලේ ආහාර
🚐 ප්‍රවාහන පහසුකම් ලබාදේ
📜 වෘත්තිය සංවර්ධනය සහ සහතික ලබාදීම
⸻
👩‍⚕️ අවශ්‍යතා:
•	හෙද සහතිකය / NVQ සහතිකය (සිදුකරන්නන්ට ප්‍රමුඛත්වය)
•	නවකයින්ටද ඉල්ලුම් කළ හැක
•	මිත්‍රශීලී, සුහදත්වයකින් යුතු වගකීමක් සහිත වැඩ පරිසරය
⸻
📞 ලියාපදිංචි වීමට හා වැඩි විස්තර සඳහා අමතන්න:
074 3077 561
074 3077 563
076 4363 885
076 4363 884
Whats app contact
074 3077 561
074 3077 563
076 4363 885
076 4363 884
⸻
🔹 ඔබේ හෙද සේවා ජීවිතය ආරම්භ කරන්න – අදම අයදුම් කරන්න! 🔹",,
https://ikman.lk/en/ad/hed-seevkaa-gmph-gampaha-9,"🩺 හෙද සේවා රැකියා අවස්ථා –  දිවයින පුරා🏥
ඉතා ඉක්මනින් බඳවා ගැනීම්!
⸻
📍 පැවති පුරප්පාඩු:
•	ආයුර්වේද රෝහල් සහ පෞද්ගලික රෝහල්
•	වැඩිහිටි නිවාස සහ හෙද නිවාස
•	පෞද්ගලික වෛද්‍ය මධ්‍යස්ථාන
⸻
📌 අවශ්‍ය තනතුරු:
✅ හෙදවරු/හෙදවිය
✅ උප හෙදවරු / සාස්තු සේවක සේවිකාරිකාවන්
✅ පුහුණු හෙදවරුන් (අත්දැකීම අවශ්‍ය නොවේ)
⸻
💼 සැපයෙන ප්‍රතිලාභ :
💰 ආකර්ෂණීය වැටුප් පැකේජ (65,000 සිට ඉහළට)
🏡 නවාතැන් පහසුකම් (තෝරාගත් ස්ථාන වලදී)
🍽️ නොමිලේ ආහාර
🚐 ප්‍රවාහන පහසුකම් ලබාදේ
📜 වෘත්තිය සංවර්ධනය සහ සහතික ලබාදීම
⸻
👩‍⚕️ අවශ්‍යතා:
•	හෙද සහතිකය / NVQ සහතිකය (සිදුකරන්නන්ට ප්‍රමුඛත්වය)
•	නවකයින්ටද ඉල්ලුම් කළ හැක
•	මිත්‍රශීලී, සුහදත්වයකින් යුතු වගකීමක් සහිත වැඩ පරිසරය
⸻
📞 ලියාපදිංචි වීමට හා වැඩි විස්තර සඳහා අමතන්න:
074 3077 563
074 3077 561
074 3077 562
076 4363 881
Whats app contact
074 3077 563
074 3077 561
074 3077 562
076 4363 881
⸻
🔹 ඔබේ හෙද සේවා ජීවිතය ආරම්භ කරන්න – අදම අයදුම් කරන්න! 🔹",,
https://ikman.lk/en/ad/hed-seevkaa-nugeegodd-colombo-2,"🩺 හෙද සේවා රැකියා අවස්ථා –  දිවයින පුරා🏥
ඉතා ඉක්මනින් බඳවා ගැනීම්!
⸻
📍 පැවති පුරප්පාඩු:
•	ආයුර්වේද රෝහල් සහ පෞද්ගලික රෝහල්
•	වැඩිහිටි නිවාස සහ හෙද නිවාස
•	පෞද්ගලික වෛද්‍ය මධ්‍යස්ථාන
⸻
📌 අවශ්‍ය තනතුරු:
)
⸻
💼 සැපයෙන ප්‍රතිලාභ :
💰 ආකර්ෂණීය වැටුප් පැකේජ (65,000 සිට ඉහළට)
🏡 නවාතැන් පහසුකම් (තෝරාගත් ස්ථාන වලදී)
🍽️ නොමිලේ ආහාර
🚐 ප්‍රවාහන පහසුකම් ලබාදේ
📜 වෘත්තිය සංවර්ධනය සහ සහතික ලබාදීම
⸻
👩‍⚕️ අවශ්‍යතා:
•	හෙද සහතිකය / NVQ සහතිකය (සිදුකරන්නන්ට ප්‍රමුඛත්වය)
•	නවකයින්ටද ඉල්ලුම් කළ හැක
•	මිත්‍රශීලී, සුහදත්වයකින් යුතු වගකීමක් සහිත වැඩ පරිසරය
⸻
📞 ලියාපදිංචි වීමට හා වැඩි විස්තර සඳහා අමතන්න:
076 4363 884
076 4363 885
074 3077 561
074 3077 563
Whats app contact
076 4363 884
076 4363 885
074 3077 561
074 3077 563
⸻
🔹 ඔබේ හෙද සේවා ජීවිතය ආරම්භ කරන්න – අදම අයදුම් කරන්න! 🔹",,
https://ikman.lk/en/ad/pharmacy-assistant-homagama-colombo,"+++ Dammi Pharmacy and Grocery
>> 4 Vacancies available for Pharmacy Assistant
> Trained/ Untrained
> Full time or Part Time
> Attractive salary and incentives
> Salary Between Rs. 20,000.00 to Rs. 80,000.00 (According to Service Experience)
> Permanent job with EPF, ETF
> Accommodation can be provided if needed.
> Special around Homagama, Kiriwaththuduwa, Godagama, Talagala.
> Special priority will be given to phlebotomists.
Address – No. 446/3/A, Pitipana North, Homagama.
++++ call for more details – 0718567570
>> ෆාමසි සහකාර තනතුර සඳහා පුරප්පාඩු 04ක් තිබේ
> පුහුණු/ නුපුහුණු
> පූර්ණ කාලීන හෝ අර්ධ කාලීන
> ආකර්ශනීය වැටුප් සහ දිරි දීමනා
> වැටුප් 20,000 – 80,000 අතර (පළපුරුද්ද අනුව )
> EPF , ETF සහිත ස්ථිර රැකියාවක්
> අවශ්‍ය නම් නවාතැන් පහසුකම් සැපයිය හැකිය
> හෝමාගම, කිරිවත්තුඩුව, ගොඩගම, තලගල අවටින් විශේෂයි
> රුධිර සාම්පල ලබා ගැනීමේ හැකියාව ඇති අය සදහා සුවිශේෂී ප්‍රමුඛත්වය දෙනු ලැබේ
ලිපිනය – අංක 446/3/A, පිටිපන උතුර, හෝමාගම.
++++ අදම අමතන්න – 0718567570",,
https://ikman.lk/en/ad/pharmacy-assistant-colombo-371,"නොමිලේ අංගසම්පූර්ණ නවාතැන් පහසුකම්
- මනා අවබෝධයක් සහිත, නිවැරදි, ඖෂධ වෙළඳාම
- සුහදශීලී පාරිභෝගික සේවය
- හොඳ සන්නිවේදන හා පාරිභෝගික සේවා කුසලතා.
- මූලික පරිගණක දැනුම සහ මුදල් ගනුදෙනු හැසිරවීමේ හැකියාව.
- වේගවත් වැඩ පරිසරයක කාර්යක්ෂමව වැඩ කිරීමේ හැකියාව.
- විස්තර කෙරෙහි සැලකිල්ල සහ නිරවද්‍යතාව.
- Retail හෝ Pharmacy ක්ෂේත්‍රයේ අවම වශයෙන් වසර 1 සිට 2 දක්වා  පළපුරුද්ද.
- මිත්‍රශීලී, විශ්වාසවන්ත සහ වෘත්තීයමය ආකල්පයක්.
Responsibilities
-  Greet customers and provide friendly, professional service.
-  Receive customer orders and assist with product inquiries.
-  Prepare and hand over prescribed and over-the-counter medication.
Looking for
-  Good communication and customer service skills.
-  Basic computer and cash handling skills.
-  Ability to work in a fast-paced environment.
- Strong attention to detail and accuracy.
- At least 1 or 2 years previous experience in retail or a pharmacy
Friendly, reliable, and professional attitude.",,
https://ikman.lk/en/ad/nurse-veyangoda-gampaha,"🌟 ඔබත් හෙදියක් වීමට සිහින දකිනවද?
හෙද පුහුණු පාඨමාලාව හදාරා අවසන් කළත්, තවමත් ඔබට සුදුසු රැකියාවක් නොමැතිව පසුතැවිල්ලෙන්ද?
එහෙනම් මෙන්න ඔබට හොඳම අවස්ථාවක්!
📍වේයන්ගොඩ ප්‍රදේශයේ පිහිටි ප්‍රසිද්ධ පෞද්ගලික වෛද්‍ය මධ්‍යස්ථානයක Nurse තනතුර සඳහා රැකියා ඇබෑර්තු ඇත
✅ සුදුසුකම්
🔹 වයස අවුරුදු 18 – 35 අතර විය යුතුය.
🔹 සාමාන්‍ය පෙළ (O/L) විභාගයට පෙනී සිටි අයදුම්කරුවන්ට අයදුම් කළ හැකිය.
🔹 පුහුණු / නුපුහුණු ගැහැණු සහ පිරිමි දෙපාර්ශ්වයටම අවස්ථාව ඇත.
🔹 හෙද පුහුණු පාඨමාලාව හදාරා අවසන් කර ඇති හෝ දැනට හදාරමින් සිටින අයට අයදුම් කළ හැකිය.
🔹 රෝගීන්ට ආදරයෙන්, කරුණාවෙන් සේවය කළ හැකි සහ වගකීමකින් යුතුව කටයුතු කළ හැකි අය
💰 සරිලන හා ආකර්ෂණීය වැටුපක්
🏥 ආරක්ෂිත හා සුහදශීලී සේවා පරිසරය
📞 වැඩි විස්තර සඳහා අමතන්න
☎️ 074 124 3099
074 149 7970
📲 ඔබගේ අයදුම්පත්‍රය අදම WhatsApp කරන්න
📱 076 966 4065",,
https://ikman.lk/en/ad/pharmacy-assistant-anuradhapura,"Experienced Pharmacy Assistant
Horowpothana",,
https://ikman.lk/en/ad/pharmacy-work-colombo-12-colombo-2,"Gender:-Male/Female
Age Limit :- 20-35
✅Qualification :-
👉 GCE A/L
🌟3 years experience with pharmacy field
Or
👉Apprentice pharmacist
💰Salary:-Interview
🔖கொழும்பில் வசிப்பவர்கள் விரும்பத்தக்கது.
📍 Colombo 12
📱Contact:-
0777116497
0758543051",,
https://ikman.lk/en/ad/pharmacy-work-colombo-12-colombo-1,"🛑PHARMACY WORK
Gender:-Male/Female
Age Limit :- 20-35
✅Qualification :-
👉 GCE A/L
🌟3 years experience with pharmacy field
Or
👉Apprentice pharmacist
💰Salary:-Interview
🔖கொழும்பில் வசிப்பவர்கள் விரும்பத்தக்கது.
📍 Colombo 12
📱Contact:-
0777116497
0758543051",,
https://ikman.lk/en/ad/nurse-ibbagamuwa-kurunegala,"💙 හෙද සිහිනය සැබෑ කරගන්න කැමති අයට මෙන්න හොඳම අවස්ථාව!
🏥 ඉබ්බාගමුව ප්‍රදේශයේ පිහිටි පෞද්ගලික වෛද්‍ය මධ්‍යස්ථානයක Nursing
තනතුර සඳහා රැකියා ඇබෑර්තු ඇත.
♥️සුදුසුකම්
👩‍⚕️👨‍⚕️ වයස අවුරුදු 18 - 35 අතර ගැහැණු/පිරිමි දෙපාර්ශවය
🎓 හෙද පුහුණු ඩිප්ලෝමාව හදාරා අවසන් කර ඇති හෝ හදාරමින් සිටින අය
💪 පුහුණු / නුපුහුණු අයට අයදුම් කළ හැක
❤️ වගකීමකින් කටයුතු කළ හැකි අය සඳහා විශේෂ අවස්ථාව
💰 ආකර්ෂණීය වැටුප
🔆 පුහුණුවක් ලබා දේ
🛡️ ආරක්ෂිත, සුහදශීලී, සේවා පරිසරයක්
📞 වැඩි විස්තර සඳහා අමතන්න:
📱 070 463 6235
📄CV WhatsApp කරන්න:
📲 076 966 4065",,
https://ikman.lk/en/ad/nurse-arogya-medi-house-kotikawatta-colombo,"Arogya Medi House, a well-established dispensary in Kotikawatta, is looking for a compassionate and responsible Nurse to join our team. The selected candidate will be responsible for providing high-quality patient care, assisting the doctor during consultations and treatments, monitoring patients’ vital signs, administering medications and injections as prescribed, dressing wounds, maintaining accurate patient records, and ensuring a clean and safe clinical environment.",,
https://ikman.lk/en/ad/nurse-gampaha-gampaha,"🏥✨ හෙද සිහිනය සැබෑවක් කරගැනීමට හොඳම අවස්ථාවක්!
📍 ගම්පහ ප්‍රදේශයේ පිහිටි ප්‍රසිද්ධ පෞද්ගලික රෝහලක Nursing තනතුරු සඳහා රැකියා ඇබෑර්තු!
👩‍⚕️👨‍⚕️ සුදුසුකම්:
✅ වයස අවුරුදු 18 - 35 අතර ගැහැණු / පිරිමි දෙපාර්ශ්වයම
✅ හෙද පුහුණු ඩිප්ලෝමාව හදාරා අවසන් කර ඇති හෝ හදාරමින් සිටින දෙපාර්ශ්වය සඳහා
✅ පුහුණු / නුපුහුණු අයදුම්කරුවන්
✅ පළපුරුද්දක් තිබේ නම් වාසිදායක වේ
💰 සරිලන හා ආකර්ෂණීය වැටුපක්
🛡️ ආරක්ෂිත සේවා පරිසරයක්
🤝 සුහදශීලී සේවා මණ්ඩලයක්
📞 වැඩි විස්තර සඳහා අමතන්න
📱 074 124 3099
📱 074 149 7970
📩 ඔබගේ අයදුම් පත්‍රය අදම WhatsApp කරන්න!
📲 076 966 4065",,
https://ikman.lk/en/ad/nurse-kandy-kandy-8,"🌟💉 හෙද සිහිනය සැබෑවක් කරගැනීමට ඔබටත් වටිනා අවස්ථාවක්!
🏥 මහනුවර ප්‍රදේශයේ පිහිටි ප්‍රසිද්ධ පෞද්ගලික රෝහලක Nursing තනතුරු සඳහා රැකියා ඇබෑර්තු ඇත!
🔴සුදුසුකම්
👩‍⚕️👨‍⚕️ ගැහැණු / පිරිමි දෙපාර්ශ්වයටම අයදුම් කළ හැකිය
✅ වයස අවුරුදු 18 - 35 අතර විය යුතුය.
✅ හෙද පුහුණු ඩිප්ලෝමාව හදාරා අවසන් කර ඇති හෝ හදාරමින් සිටින අය.
✅ පුහුණු / නුපුහුණු දෙපාර්ශ්වයටම අවස්ථාව.
💰 සරිලන හා ආකර්ෂණීය වැටුපක්
🏥 ආරක්ෂිත හා සුහදශීලී සේවා පරිසරයක්
📞 වැඩි විස්තර සඳහා අමතන්න
☎️ 074 124 3099
☎️ 070 463 6235
📲 ඔබගේ අයදුම්පත්‍රය අදම WhatsApp කරන්න
📱 076 966 4065",,
https://ikman.lk/en/ad/dental-nurse-colombo-2,"We are looking for a experienced
Dental nurse
Full time
With Implant experience must
ACCOMMODATION PROVIDED",,
https://ikman.lk/en/ad/assistant-pharmacist-colombo-348,"⚕️ Assistant Pharmacist – Immediate Vacancy
🏢 Highlevel Pharmacy & Grocery (Pvt) Ltd.
📍 Location: Nugegoda
We are seeking a dedicated and experienced Assistant Pharmacist to join our professional team.
🔹 Position: Assistant Pharmacist
🕐 Working Hours: 1:00 PM – 10:00 PM
🎓 Educational Qualifications: Pharmacy Certificate, G.C.E. O/L & G.C.E. A/L
💼 Experience: Minimum 2 Years of Relevant Experience
💰 Salary: Rs. 60,000 – Rs. 90,000 per Month
📋 Vacancies: 11 Positions Available
📅 Application Deadline: 29 June 2026
Key Responsibilities
▪️ Assist in dispensing medications accurately
▪️ Support pharmacists in daily pharmacy operations
▪️ Maintain inventory and stock records
▪️ Provide professional customer service
▪️ Ensure compliance with pharmacy standards and regulations
📞 Contact: 077 448 4443
⭐ Join a growing pharmacy team and build a rewarding career in healthcare.",,
https://ikman.lk/en/ad/assistant-pharmacist-in-gampaha-gampaha,"Minimum 1 year of experience working in a similar role. must be able to read prescriptions well. should have some knowledge in stock handling, expiry handling. Must willing to work from 7am to 5pm.",,
https://ikman.lk/en/ad/dental-assistant-anuradhapura,"#අවුරුදු 30 ට අඩු (දන්ත වෛද්‍ය හෙදියක්)
#පුහුණු කාලය මාස 3ක් (රු. 30000/= ක වැටුපක් සහිතව)
#පුහුනුවෙන් පසු වැටුප වැඩි කරනු ලැබේ.
#සතියේ දින වල උදෑසන 9 සිට පස්වරු 1 දක්වා සහ හවස 4 සිට රාත්‍රි 8.30 දක්වා. (බදාදා හවස් වරුව පමණයි )
# සෙනසුරාදා උදෑසන 11.30 සිට පස්වරු 4.30
# ඉරිදා උදෑසන 10 සිට පස්වරු 3.30
# නිවාඩු: පෝය සහ මසකට දින දෙකක් .",,
https://ikman.lk/en/ad/dental-nurse-vacancy-in-wattala-gampaha,"A vacancy for dental nurse, full time with EFP/ETF , OT and other allowances",,
https://ikman.lk/en/ad/healthcare-and-clinical-support-colombo-7,"💼 𝐏𝐎𝐒𝐈𝐓𝐈𝐎𝐍 :    Healthcare & Clinical Support
💠 𝐑𝐄𝐐𝐔𝐈𝐑𝐄𝐌𝐄𝐍𝐓𝐒 : | # 💠 𝐂𝐀𝐍𝐃𝐈𝐃𝐀𝐓𝐄 𝐏𝐑𝐎𝐅𝐈𝐋𝐄 :
【~】✪ School leavers are welcome to apply.
【~】✪ Energetic and dynamic individuals who are passionate about building a successful and rewarding career.
💠 𝐑𝐄𝐒𝐏𝐎𝐍𝐒𝐈𝐁𝐈𝐋𝐈𝐓𝐈𝐄𝐒 : | # 💠 𝐉𝐎𝐁 𝐏𝐑𝐎𝐅𝐈𝐋𝐄 :
【~】✪ Varies based on the specific role (e.g., handling customer queries, managing sales, cashiering, delivery, logistics, healthcare support, reception duties, inventory management, or technical services).
【~】✪ Full-time positions available across multiple departments within the Softlogic group of brands.
✅ 𝐁𝐄𝐍𝐄𝐅𝐈𝐓𝐒 :
【~】✪ We offer an attractive remuneration package & incentives that are above market standards for the suitable candidate.
【~】✪ 🏠 Accommodation and 👕 uniforms will be provided.
✅ 𝐇𝐎𝐖 𝐓𝐎 𝐀𝐏𝐏𝐋𝐘 ✍️ :
If you feel you are the right individual for the above position, then apply via ""𝗔𝗽𝗽𝗹𝘆 𝗡𝗼𝘄"" of this advert.
📱 Candidates can register early and send their CVs via WhatsApp to +94768311113.
[ 𝐖𝐄 𝐇𝐈𝐆𝐇𝐋𝐘 𝐈𝐍𝐅𝐎𝐑𝐌 𝐀𝐋𝐋 𝐓𝐇𝐄 𝐂𝐀𝐍𝐃𝐈𝐃𝐀𝐓𝐄𝐒 𝐓𝐎 𝐌𝐄𝐍𝐓𝐈𝐎𝐍 𝐀 𝐕𝐀𝐋𝐈𝐃 𝐌𝐎𝐁𝐈𝐋𝐄 𝐍𝐔𝐌𝐁𝐄𝐑 & 𝐈𝐓 𝐈𝐒 𝐂𝐎𝐌𝐏𝐔𝐋𝐒𝐎𝐑𝐘 𝐓𝐎 𝐀𝐓𝐓𝐀𝐂𝐇 𝐘𝐎𝐔𝐑 𝐂𝐕 𝐁𝐘 𝐔𝐏𝐃𝐀𝐓𝐈𝐍𝐆 𝐘𝐎𝐔𝐑 ""𝗜𝗞𝗠𝗔𝗡 𝗥𝗘𝗦𝗨𝗠𝗘"" ]
＃📳 𝓒𝓸𝓷𝓽𝓪𝓬𝓽 :
+94768311113 (WhatsApp)
＃ 📧 𝐸𝓂𝒶𝒾𝓁:
(Not specified in the advertisement)
📅 𝐖𝐀𝐋𝐊-𝐈𝐍 𝐈𝐍𝐓𝐄𝐑𝐕𝐈𝐄𝐖 𝐃𝐄𝐓𝐀𝐈𝐋𝐒 :
📌	Detail	Information
📆	Date	19th JUNE 2026
🕐	Time	10.00 AM - 3.00 PM
📍	Venue	Level LG, One Galle Face Mall (Burger King)
📋 𝐑𝐄𝐐𝐔𝐈𝐑𝐄𝐃 𝐃𝐎𝐂𝐔𝐌𝐄𝐍𝐓𝐒 :
(Original certificates are a must)
【~】✪ 	Document
【~】✪ 	Birth Certificate
【~】✪ 🪪NIC
【~】✪ 	Educational Certificates
🌟 JOIN OUR DYNAMIC TEAM & EXPLORE A SUCCESSFUL AND REWARDING CAREER WITH SOFTLOGIC! 🚀",,
https://ikman.lk/en/ad/lab-assistant-nikvaerttiy-kurunegala,"🏥 නිකවැරටිය ප්‍රදේශයේ ප්‍රසිද්ධ පෞද්ගලික වෛද්‍ය මධ්‍යස්ථානයක Lab Assistant තනතුර සඳහා ඇබෑර්තු ඇත!
✨️සුදුසුකම්
👨‍⚕️👩‍⚕️ ගැහැණු / පිරිමි දෙපාර්ශ්වයටම අයදුම් කළ හැක.
🔹 වයස අවුරුදු 18 - 35 අතර,
🔹 උසස් පෙළ විභාගය සඳහා විද්‍යා අංශයෙන් පෙනී සිටි,
🔹 පුහුණු / නුපුහුණු දෙපාර්ශ්වයම අයදුම් කළ හැක
🔹 සාමාන්‍ය ඉංග්‍රීසි දැනුමක් තිබේ නම් වාසිදායක වේ
💰 සරිලන හා ආකර්ෂණීය වැටුපක්
🤝 ආරක්ෂිත හා සුහදශීලී සේවා පරිසරයක්
🌿 ඉරිදා දින සහ පොහොය දින නිවාඩු
⏰ සේවා කාලය: උදෑසන 8.00 සිට සවස 5.00 දක්වා
📞 වැඩි විස්තර සඳහා අමතන්න
☎️ 070 463 6235
☎️ 074 124 3099
📲 ඔබගේ අයදුම්පත්‍රය අදම WhatsApp කරන්න
💬 076 966 4065",,
https://ikman.lk/en/ad/cashier-cum-accounts-clerk-colombo-19,"Vacancy for Cashier: cum Accounts Clerk for Pharmacy & Medical center at Ratmalana
About the role
We Sukitha Pharmacy & Clinic at Ratmalana have engaged in wide range of Health care services in last 10 years, outdoor pharmacy/ Medical center with OPD / sample collection center for all lab tests/ Nurse station/Home visits / web order handling and e-commerce are some of our activities. Presently we are looking for dynamic experienced individuals who can perform accounts and cashier duties in outpatient medical center and pharmacy at Ratmalana.
Individuals studied in commerce stream welcome to apply for evening duty.
Trainees also welcome to apply.
Functional Area:
Shift wise cash register functions; prepare shift end reports and petty cash reports, maintain account statistics etc. Good IT skills and having the motor bike/ scooter will be plus point.
Rewards: Competitive salary package /benefits and flexible working timing to meet work/life balance. Accommodations available
Please call / WhatsApp 0715147798
මුදල් අයකැමි තනතුර: රත්මලාන ඖෂධ සහ වෛද්ය මධ්යස්ථානය සඳහා ගිණුම් ලිපිකරු
රත්මලාන සුඛිත ඖෂධ සහ සායනය පසුගිය වසර 11 තුළ පුළුල් පරාසයක සෞඛ්ය සේවාවල නියැලී සිටිමු, එළිමහන් ඖෂධ / බාහිර රෝගී අංශය සහිත වෛද්ය මධ්යස්ථානය / සියලුම රසායනාගාර පරීක්ෂණ සඳහා සාම්පල එකතු කිරීමේ මධ්යස්ථානය / හෙද ස්ථානය / නිවාස සංචාර / වෙබ් ඇණවුම් හැසිරවීම සහ විද්යුත් වාණිජ්යය අපගේ ක්රියාකාරකම් වලින් කිහිපයකි. වර්තමානයේ අපි රත්මලාන බාහිර රෝගී වෛද්ය මධ්යස්ථානයේ සහ ෆාමසියේ ගිණුම් සහ මුදල් අයකැමි රාජකාරි ඉටු කළ හැකි පළපුරුදු පුද්ගලයින් සොයමින් සිටිමු.
වාණිජ විෂය ධාරාව හැදෑරූ පුද්ගලයින් සවස රාජකාරි
උදෑසන රාජකාරි සඳහා අයදුම් කිරීමට සාදරයෙන් පිළිගනිමු.
පුහුණුවන්නන් ද අයදුම් කිරීමට සාදරයෙන් පිළිගනිමු.
පුහුණුවන්නන්ටද අයදුම් කළ හැකිය
ක්රියාකාරී ප්රදේශය:
මාරුවීම් අනුව මුදල් ලේඛන කාර්යයන්; මුර අවසන් වාර්තා සහ සුළු මුදල් වාර්තා සකස් කිරීම, ගිණුම් සංඛ්යාලේඛන පවත්වාගෙන යාම ආදිය. MS කාර්යාලයේ හොඳ IT කුසලතා ප්ලස් පොයින්ට් වනු ඇත.
ත්යාග: තරඟකාරී වැටුප් පැකේජය / ප්රතිලාභ සහ වැඩ/ජීවිත සමතුලිතතාවය සපුරාලීම සඳහා නම්යශීලී වැඩ කරන කාලය. හොඳ නවාතැන් පහසුකම් තිබේ
කරුණාකර අමතන්න / WhatsApp 0715147798",,
https://ikman.lk/en/ad/pharmacy-assistants-colombo-23,"Pharmacy sales persons
Pharmacy assistants with or without experience with GCE Ordinary/Advance levels for a leading Pharmacy in Colombo 4 & Rajagiriya. Training will be provided in all aspects of Pharmacy to earn attractive remuneration & develop a carrier in Pharmacy. Pl call 0773128973 for appointments.",,
https://ikman.lk/en/ad/aadhunik-aussdhveedii-shaayk-shaayikaa-kurunegala,"💼 තනතුර : ආධුනික ඖෂධවේදී සහායක/සහායිකා
ස්ථිර ආයතනයක ස්ථාවර රැකියාවක්
තරුණ තරුණියන් සඳහා  රැකියා  අවස්ථා
💠 සුදුසුකම් :
【~】✪ අ.පො.ස. සාමාන්‍ය පෙළ හෝ  උසස් පෙළ සමත් විය යුතුය.
【~】✪ වයස අවුරුදු 18 – 50 අතර විය යුතුය.
【~】✪ අදාළ ක්ෂේත්‍රයේ පළපුරුද්දක් තිබීම වාසියකි.
💠 රැකියාවේ කාර්ය භාරය :
【~】✪ ඖෂධ ගබඩා  කළමනාකරණය සහ පාරිභෝගික උපදෙස් ලබා දීම (ආධුනික ඖෂධවේදී සහායකට).
✅ ප්‍රතිලාභ :
ආකර්ශනීය මාසික වැටුපක් (රු. 55,000/= සහ ඊට වැඩි) සහ අනෙකුත් වරප්‍රසාද රැසක් පිරිනැමේ.
රැකියා ජීවිතයේ විශිෂ්ටයෙකු වීමට අවශ්‍ය පුහුණු අවස්ථා සහ ස්ථාවර සේවා කාලයක් හිමි වේ.
✅ ඉල්ලුම් කළ යුතු ආකාරය :
ඉහත තනතුර සඳහා සුදුසුම පුද්ගලයා ඔබ නම්, ඔබගේ ජීව දත්ත පත්‍රිකාව (CV) සමඟ පහත සඳහන් සම්මුඛ පරීක්ෂණ ස්ථාන වෙත පැමිණෙන්න.
ස්ථාන :
පොල්පිතිගම් කාගිල්ස් ෆුඩ් සිටි
ඉබ්බාගමුව කාගිල්ස් ෆුඩ් සිටි (දෙහෙල්ගමුව ඉන්ධන පිරවුම්හල් අසල)
දිනය : 2026 ජූනි 23
වේලාව : පෙ.ව. 9.00 සිට ප.ව. 1.00 දක්වා
සමඟ ගෙන එන ලියකියවිලි :
ජාතික හැඳුනුම්පත
හැසිරීම් සහතිකය (වාසස්ථානයෙන් ලබාගත්)
පොලිස් සහතිකය
උප්පැන්න සහතිකය
ඡායාරූප 02ක් (සුදු පසුබිම සහිත, හස්පෝට් ප්‍රමාණයේ)
අධ්‍යාපන සහ වෘත්තීය සුදුසුකම් සහතික
ජීව දත්ත පත්‍රිකාවේ (CV) පිටපත් 02ක්
(සටහන : බාල වයස්කාර හෝ විද්‍යාමාන නොවන ගිණුම් වලංගු නොවේ)
📳 දුරකථන අංකය :
076 448 6927 / 077 813 0149 / 076 740 8168 / 076 541 6882
📧 ඊ-මේල් ලිපිනය :
careers@cargillsceylon.com
අපගේ කණ්ඩායම අපගේ ශක්තියයි!
Cargills Food City
රැකියා ජීවිතයේ විශිෂ්ටයෙකු වන්න අපත් සමඟ අත්වැල් බැඳගන්න.",,
https://ikman.lk/en/ad/mbbs-doctors-ratnapura-ratnapura,"🚨 SLMC REGISTERED MBBS DOCTORS WANTED 🚨
Join Sri Lanka’s rapidly growing aesthetic & skin care clinic network!
Dr Skin Lab is looking for passionate, patient-focused MBBS Doctors to build a rewarding career in aesthetic medicine. Work with advanced technology, modern treatments, and a professional medical team in a fast-growing clinical environment.
💰 Salary: LKR 240,000 – 400,000 + Attractive Incentives
📈 Excellent career growth opportunities
🎓 Full training provided for aesthetic procedures
✨ Modern & professional working environment
🔹 Requirements
* MBBS qualification with valid SLMC registration
* Excellent communication & interpersonal skills
* Professional and patient-focused attitude
* Ability to work independently and within a team
* Interest in aesthetic medicine & dermatology
🔹 Key Responsibilities
* Conduct patient consultations & assessments
* Diagnose skin, hair & aesthetic concerns
* Recommend personalized treatment plans
* Perform and assist with aesthetic treatments
* Maintain accurate patient records
* Deliver exceptional customer care
🔹 Why Join Us?
* High earning potential
* Hands-on training in aesthetic medicine
* Work with advanced medical technologies
* Supportive & growth-oriented team environment
📩 Apply Now – Immediate Vacancies Available
Send your updated CV with your contact number.
📞 Contact: 070 565 6565 / 071 111 1413",,
https://ikman.lk/en/ad/mbbs-doctors-talawatugoda-colombo,"🚨 SLMC REGISTERED MBBS DOCTORS WANTED 🚨
Join Sri Lanka’s rapidly growing aesthetic & skin care clinic network!
Dr Skin Lab is looking for passionate, patient-focused MBBS Doctors to build a rewarding career in aesthetic medicine. Work with advanced technology, modern treatments, and a professional medical team in a fast-growing clinical environment.
💰 Salary: LKR 240,000 – 400,000 + Attractive Incentives
📈 Excellent career growth opportunities
🎓 Full training provided for aesthetic procedures
✨ Modern & professional working environment
🔹 Requirements
* MBBS qualification with valid SLMC registration
* Excellent communication & interpersonal skills
* Professional and patient-focused attitude
* Ability to work independently and within a team
* Interest in aesthetic medicine & dermatology
🔹 Key Responsibilities
* Conduct patient consultations & assessments
* Diagnose skin, hair & aesthetic concerns
* Recommend personalized treatment plans
* Perform and assist with aesthetic treatments
* Maintain accurate patient records
* Deliver exceptional customer care
🔹 Why Join Us?
* High earning potential
* Hands-on training in aesthetic medicine
* Work with advanced medical technologies
* Supportive & growth-oriented team environment
📩 Apply Now – Immediate Vacancies Available
Send your updated CV with your contact number.
📞 Contact: 070 565 6565 / 071 111 1413",,
https://ikman.lk/en/ad/mbbs-doctors-maharagama-colombo,"🚨 SLMC REGISTERED MBBS DOCTORS WANTED 🚨
Join Sri Lanka’s rapidly growing aesthetic & skin care clinic network!
Dr Skin Lab is looking for passionate, patient-focused MBBS Doctors to build a rewarding career in aesthetic medicine. Work with advanced technology, modern treatments, and a professional medical team in a fast-growing clinical environment.
💰 Salary: LKR 240,000 – 400,000 + Attractive Incentives
📈 Excellent career growth opportunities
🎓 Full training provided for aesthetic procedures
✨ Modern & professional working environment
🔹 Requirements
* MBBS qualification with valid SLMC registration
* Excellent communication & interpersonal skills
* Professional and patient-focused attitude
* Ability to work independently and within a team
* Interest in aesthetic medicine & dermatology
🔹 Key Responsibilities
* Conduct patient consultations & assessments
* Diagnose skin, hair & aesthetic concerns
* Recommend personalized treatment plans
* Perform and assist with aesthetic treatments
* Maintain accurate patient records
* Deliver exceptional customer care
🔹 Why Join Us?
* High earning potential
* Hands-on training in aesthetic medicine
* Work with advanced medical technologies
* Supportive & growth-oriented team environment
📩 Apply Now – Immediate Vacancies Available
Send your updated CV with your contact number.
📞 Contact: 070 565 6565 / 071 111 1413",,
https://ikman.lk/en/ad/aadhunik-aussdhveedii-shaayk-shaayikaa-hambantota,"💼 තනතුර : ආධුනික ඖෂධවේදී සහායක/සහායිකා
ස්ථිර අභාගහයකට ස්ථාවර රැකියාවක්
තරුණ තරුණියන් සඳහා  රැකියා  අවස්ථා
💠 සුදුසුකම් :
【~】✪ අ.පො.ස. සාමාන්‍ය පෙළ හෝ උසස් පෙළ සමත් විය යුතුය.
【~】✪ වයස අවුරුදු 18 – 50 අතර විය යුතුය.
【~】✪ අදාළ ක්ෂේත්‍රයේ පළපුරුද්දක් තිබීම විශේෂ සුදුසුකමකි.
💠 රැකියාවේ කාර්ය භාරය :
【~】✪ ඖෂධ ගබඩා කළමනාකරණය සහ පාරිභෝගික උපදෙස් ලබා දීම (ආධුනික ඖෂධවේදී සහායකට
✅ ප්‍රතිලාභ :
ආකර්ශනීය මාසික වැටුපක් (රු. 55,000/= සහ ඊට වැඩි) සහ අනෙකුත් වරප්‍රසාද රැසක් පිරිනැමේ.
රැකියා ජීවිතයේ දියුණුව සඳහා පුහුණු අවස්ථා සහ ස්ථාවර සේවා කාලයක් හිමි වේ.
✅ ඉල්ලුම් කළ යුතු ආකාරය :
ඉහත තනතුර සඳහා  සුදුසුම පුද්ගලයා ඔබ නම්, කරුණාකර ඔබගේ ජීව දත්ත පත්‍රිකාව (CV) සමඟ පහත සඳහන් සම්මුඛ පරීක්ෂණ ස්ථාන වෙත පැමිණෙන්න.
# 📪 සම්මුඛ පරීක්ෂණ ස්ථාන :
රන්න කාගිල්ස් ෆුඩ් සිටි
අගුණකොළපැලැස්ස කාගිල්ස් ෆුඩ් සිටි
# 📅 සම්මුඛ පරීක්ෂණ දිනය සහ වේලාව :
දිනය : 2026 ජූනි 22
වේලාව : පෙ.ව. 9.00 සිට ප.ව. 1.00 දක්වා
සමඟ ගෙන එන ලියකියවිලි :
අයදුම්පත්‍රය (CV)
ජාතික හැඳුනුම්පත
උප්පැන්න සහතිකය
පොලිස් සහතිකය
හැසිරීම් සහතිකය (වාසස්ථානයෙන් ලබාගත්)
අධ්‍යාපන සහ වෘත්තීය සුදුසුකම් සහතික
ඡායාරූප 02ක් (සුදු පසුබිම සහිත, හස්පෝට් ප්‍රමාණයේ)
📳 දුරකථන අංකය :
076 448 6927 / 077 813 0149 / 076 740 8168 / 076 541 6882
📧 ඊ-මේල් ලිපිනය :
careers@cargillsceylon.com
📪 ලිපිනය :
1347, තල්නාකන පාර, මඩිවක, කොළඹ 04.
අපගේ කණ්ඩායම අපගේ ශක්තියයි!
Cargills Food City
රැකියා ජීවිතයේ විශිෂ්ටයෙකු වන්න අපත් සමඟ අත්වැල් බැඳගන්න.",,
https://ikman.lk/en/ad/mbbs-doctors-bandarawela-badulla,"🚨 SLMC REGISTERED MBBS DOCTORS WANTED 🚨
Join Sri Lanka’s rapidly growing aesthetic & skin care clinic network!
Dr Skin Lab is looking for passionate, patient-focused MBBS Doctors to build a rewarding career in aesthetic medicine. Work with advanced technology, modern treatments, and a professional medical team in a fast-growing clinical environment.
💰 Salary: LKR 240,000 – 400,000 + Attractive Incentives
📈 Excellent career growth opportunities
🎓 Full training provided for aesthetic procedures
✨ Modern & professional working environment
🔹 Requirements
* MBBS qualification with valid SLMC registration
* Excellent communication & interpersonal skills
* Professional and patient-focused attitude
* Ability to work independently and within a team
* Interest in aesthetic medicine & dermatology
🔹 Key Responsibilities
* Conduct patient consultations & assessments
* Diagnose skin, hair & aesthetic concerns
* Recommend personalized treatment plans
* Perform and assist with aesthetic treatments
* Maintain accurate patient records
* Deliver exceptional customer care
🔹 Why Join Us?
* High earning potential
* Hands-on training in aesthetic medicine
* Work with advanced medical technologies
* Supportive & growth-oriented team environment
📩 Apply Now – Immediate Vacancies Available
Send your updated CV with your contact number.
📞 Contact: 070 565 6565 / 071 111 1413",,
https://ikman.lk/en/ad/mbbs-doctors-galle-galle,"🚨 SLMC REGISTERED MBBS DOCTORS WANTED 🚨
Join Sri Lanka’s rapidly growing aesthetic & skin care clinic network!
Dr Skin Lab is looking for passionate, patient-focused MBBS Doctors to build a rewarding career in aesthetic medicine. Work with advanced technology, modern treatments, and a professional medical team in a fast-growing clinical environment.
💰 Salary: LKR 240,000 – 400,000 + Attractive Incentives
📈 Excellent career growth opportunities
🎓 Full training provided for aesthetic procedures
✨ Modern & professional working environment
🔹 Requirements
* MBBS qualification with valid SLMC registration
* Excellent communication & interpersonal skills
* Professional and patient-focused attitude
* Ability to work independently and within a team
* Interest in aesthetic medicine & dermatology
🔹 Key Responsibilities
* Conduct patient consultations & assessments
* Diagnose skin, hair & aesthetic concerns
* Recommend personalized treatment plans
* Perform and assist with aesthetic treatments
* Maintain accurate patient records
* Deliver exceptional customer care
🔹 Why Join Us?
* High earning potential
* Hands-on training in aesthetic medicine
* Work with advanced medical technologies
* Supportive & growth-oriented team environment
📩 Apply Now – Immediate Vacancies Available
Send your updated CV with your contact number.
📞 Contact: 070 565 6565 / 071 111 1413",,
https://ikman.lk/en/ad/registered-pharmacist-colombo,"Royal Nursing Home (Pvt) Ltd is seeking a qualified and experienced Registered Pharmacist for immediate recruitment.
Required Qualifications
1. Must be registered with the Sri Lanka Medical Council / relevant regulatory authority
2. Minimum 05 years of professional experience as a Pharmacist
3. Computer literacy is essential
4. Ability to work responsibly and professionally in a healthcare environment
Working Hours
Monday to Friday: 9.00 AM – 5.00 PM
Saturday: 9.00 AM – 2.00 PM
Sunday: Holiday
Work Location
Nawinna, Maharagama
Salary & Benefits
Monthly Salary: Rs. 150,000/-
Free meals and accommodation will be provided.
For More Information, Please Contact:
070 378 9400
Royal Nursing Home (Pvt) Ltd
No. 82, Barnes Place,
Colombo 07.",,
https://ikman.lk/en/ad/pharmacy-assistant-gampaha-gampaha-2,"1.CV එක පහත සඳහන් අංකයට යොමු කරන්න:
WhatsApp | වොට්ස්ඇප් අංකය: 0718350301
2. 0718350301 මෙම අංකයට දුරකථන ඇමතුමක් ලබා දි වැඩි විස්තර සදහා විමසන්න",,
https://ikman.lk/en/ad/resident-doctors-chief-nursing-officer-pharmacist-puttalam,"💢හලාවත උඩප්පුව පිහිටි SOS වෛද්‍ය ආයතනය සඳහා පහත රැකියා අවස්ථා
ඇත.
1. පූර්ණ කාලීන වෛද්‍යවරුන් (MBBS qualified )
2. ප්‍රධාන හෙද නිලධාරී/නිලධාරිනී
3. ඖෂධවේදී
4. ඖෂධවේදී සහායක
වැටුප් සාකච්ඡා කර ගත හැක.
📲විමසීම් :- 0712341197
💢For the SOS Medical Center located in Udappuwa, Chilaw, applications are called for the following positions:
1. Resident Doctors (MBBS Qualified)
2. Chief Nursing Officer (Male/Female)
3. Pharmacist
4. Assistant Pharmacist
🛑Salary and allowances are negotiable.
📲Contact :- 0712341197
💢சிலாபம், உடப்புவவில் அமைந்துள்ள SOS மருத்துவ மையத்தில், பின்வரும் பதவிகளுக்கு விண்ணப்பங்கள் வரவேற்கப்படுகின்றன.
1. உறைவிட மருத்துவர்கள் (MBBS தகுதி பெற்றவர்கள்)
2. தலைமை செவிலியர் அதிகாரி (ஆண்/பெண்)
3. மருந்தாளர்
4. உதவி மருந்தாளர்
🛑சம்பளம் மற்றும் படிகள் பேசித் தீர்மானிக்கப்படும்.
📲தொடர்புக்கு :- 0712341197",,
https://ikman.lk/en/ad/aussdh-nikut-kiriimee-vrttik-colombo-2,"# 💼 තනතුර : ඖෂධ නිකුත් කිරීමේ වෘත්තික – Cargills Food City
=======================
# 💠 සුදුසුකම් :
【~】✪ වයස අවුරුදු 18-55 අතර වීම.
【~】✪ සභාවේ ලියාපදිංචි වී තිබීම.
【~】✪ ශ්‍රී ලංකා වෛද්‍ය ඖෂධ නිකුත් කිරීමේ සුදුසුකම් ලබා තිබීම.
【~】✪ රජයේ විශ්‍රාමික ඖෂධවේදීන්ද සලකා බලනු ලැබේ.
# 💠 රැකියාවේ කාර්ය භාරය :
【~】✪ Cargills Food City හි ඖෂධ නිකුත් කිරීමේ කටයුතු විධිමත් ලෙස ක්‍රියාත්මක කිරීම.
【~】✪ පාරිභෝගික ඖෂධ අවශ්‍යතා සපුරාලීම.
【~】✪ ඖෂධ තොග නිසි ලෙස කළමනාකරණය කිරීම.
# ✅ ප්‍රතිලාභ :
【~】✪ ආරම්භක වැටුප රු. 100,000+ (මූලික වැටුප + ලෙසත් ගාස්තුව + ආධාරක දීමනා + දිරි දීමනා)
【~】✪ ක්ෂේත්‍රය තුළ ඉහළම ඖෂධ බලපත්‍ර ගාස්තුව (මාසිකව රු. 50,000/-)
【~】✪ සුදුසුකම් සහ පළපුරුද්ද මත මූලික වැටුප තීරණය වේ.
【~】✪ වාර්ෂික ප්‍රසාද දීමනා.
【~】✪ වාර්ෂික වැටුප් වර්ධක.
【~】✪ EPF / ETF.
【~】✪ වෛද්‍ය වියදම් ප්‍රතිපූරණය (OPD / රෝහල්ගත වීම්).
【~】✪ රක්ෂණාවරණය.
【~】✪ Cargills Food City වෙතින් භාණ්ඩ මිලදී ගැනීමේදී වට්ටම්.
# ✅ ඉල්ලුම් කළ යුතු ආකාරය :
ඉහත තනතුර සඳහා සුදුසුම පුද්ගලයා ඔබ නම්, සම්මුඛ පරීක්ෂණය සඳහා දිනයන් වෙන්කරවා ගැනීමට 077 477 2772 අංකයට අමතන්න. නැතහොත් අයදුමි පත්‍රය පහත විද්‍යුත් තැපැල් ලිපිනයට යොමු කරන්න.
＃📳 දුරකථන අංකය :
077 477 2772
＃ 📧 ඊ-මේල් ලිපිනය :
thilini.c@ccargillsceylon.com
# 📪 ලිපිනය :
සුරක්ෂිත ප්‍රධාන සම්පත් නිලධාරී, Cargills බඳවා ගැනීමේ සහ පුහුණු මධ්‍යස්ථානය, 2 වන මහල - දේවි ගොඩනැගිල්ල, 142, බෞද්ධාලෝක මාවත, නුගේගොඩ, කොළඹ 04 (Cargills ශාඛාව අසල)",,
https://ikman.lk/en/ad/aussdh-nikut-kiriimee-vrttik-colombo-1,"# 💼 තනතුර : ඖෂධ නිකුත් කිරීමේ වෘත්තික – Cargills Food City
=======================
# 💠 සුදුසුකම් :
【~】✪ වයස අවුරුදු 18-55 අතර වීම.
【~】✪ සභාවේ ලියාපදිංචි වී තිබීම.
【~】✪ ශ්‍රී ලංකා වෛද්‍ය ඖෂධ නිකුත් කිරීමේ සුදුසුකම් ලබා තිබීම.
【~】✪ රජයේ විශ්‍රාමික ඖෂධවේදීන්ද සලකා බලනු ලැබේ.
# 💠 රැකියාවේ කාර්ය භාරය :
【~】✪ Cargills Food City හි ඖෂධ නිකුත් කිරීමේ කටයුතු විධිමත් ලෙස ක්‍රියාත්මක කිරීම.
【~】✪ පාරිභෝගික ඖෂධ අවශ්‍යතා සපුරාලීම.
【~】✪ ඖෂධ තොග නිසි ලෙස කළමනාකරණය කිරීම.
# ✅ ප්‍රතිලාභ :
【~】✪ ආරම්භක වැටුප රු. 100,000+ (මූලික වැටුප + ලෙසත් ගාස්තුව + ආධාරක දීමනා + දිරි දීමනා)
【~】✪ ක්ෂේත්‍රය තුළ ඉහළම ඖෂධ බලපත්‍ර ගාස්තුව (මාසිකව රු. 50,000/-)
【~】✪ සුදුසුකම් සහ පළපුරුද්ද මත මූලික වැටුප තීරණය වේ.
【~】✪ වාර්ෂික ප්‍රසාද දීමනා.
【~】✪ වාර්ෂික වැටුප් වර්ධක.
【~】✪ EPF / ETF.
【~】✪ වෛද්‍ය වියදම් ප්‍රතිපූරණය (OPD / රෝහල්ගත වීම්).
【~】✪ රක්ෂණාවරණය.
【~】✪ Cargills Food City වෙතින් භාණ්ඩ මිලදී ගැනීමේදී වට්ටම්.
# ✅ ඉල්ලුම් කළ යුතු ආකාරය :
ඉහත තනතුර සඳහා සුදුසුම පුද්ගලයා ඔබ නම්, සම්මුඛ පරීක්ෂණය සඳහා දිනයන් වෙන්කරවා ගැනීමට 077 477 2772 අංකයට අමතන්න. නැතහොත් අයදුමි පත්‍රය පහත විද්‍යුත් තැපැල් ලිපිනයට යොමු කරන්න.
＃📳 දුරකථන අංකය :
077 477 2772
＃ 📧 ඊ-මේල් ලිපිනය :
thilini.c@ccargillsceylon.com
# 📪 ලිපිනය :
සුරක්ෂිත ප්‍රධාන සම්පත් නිලධාරී, Cargills බඳවා ගැනීමේ සහ පුහුණු මධ්‍යස්ථානය, 2 වන මහල - දේවි ගොඩනැගිල්ල, 142, බෞද්ධාලෝක මාවත, නුගේගොඩ, කොළඹ 04 (Cargills ශාඛාව අසල)",,
https://ikman.lk/en/ad/aussdh-nikut-kiriimee-vrttik-colombo,"# 💼 තනතුර : ඖෂධ නිකුත් කිරීමේ වෘත්තික – Cargills Food City
=======================
# 💠 සුදුසුකම් :
【~】✪ වයස අවුරුදු 18-55 අතර වීම.
【~】✪ සභාවේ ලියාපදිංචි වී තිබීම.
【~】✪ ශ්‍රී ලංකා වෛද්‍ය ඖෂධ නිකුත් කිරීමේ සුදුසුකම් ලබා තිබීම.
【~】✪ රජයේ විශ්‍රාමික ඖෂධවේදීන්ද සලකා බලනු ලැබේ.
# 💠 රැකියාවේ කාර්ය භාරය :
【~】✪ Cargills Food City හි ඖෂධ නිකුත් කිරීමේ කටයුතු විධිමත් ලෙස ක්‍රියාත්මක කිරීම.
【~】✪ පාරිභෝගික ඖෂධ අවශ්‍යතා සපුරාලීම.
【~】✪ ඖෂධ තොග නිසි ලෙස කළමනාකරණය කිරීම.
# ✅ ප්‍රතිලාභ :
【~】✪ ආරම්භක වැටුප රු. 100,000+ (මූලික වැටුප + ලෙසත් ගාස්තුව + ආධාරක දීමනා + දිරි දීමනා)
【~】✪ ක්ෂේත්‍රය තුළ ඉහළම ඖෂධ බලපත්‍ර ගාස්තුව (මාසිකව රු. 50,000/-)
【~】✪ සුදුසුකම් සහ පළපුරුද්ද මත මූලික වැටුප තීරණය වේ.
【~】✪ වාර්ෂික ප්‍රසාද දීමනා.
【~】✪ වාර්ෂික වැටුප් වර්ධක.
【~】✪ EPF / ETF.
【~】✪ වෛද්‍ය වියදම් ප්‍රතිපූරණය (OPD / රෝහල්ගත වීම්).
【~】✪ රක්ෂණාවරණය.
【~】✪ Cargills Food City වෙතින් භාණ්ඩ මිලදී ගැනීමේදී වට්ටම්.
# ✅ ඉල්ලුම් කළ යුතු ආකාරය :
ඉහත තනතුර සඳහා සුදුසුම පුද්ගලයා ඔබ නම්, සම්මුඛ පරීක්ෂණය සඳහා දිනයන් වෙන්කරවා ගැනීමට 077 477 2772 අංකයට අමතන්න. නැතහොත් අයදුමි පත්‍රය පහත විද්‍යුත් තැපැල් ලිපිනයට යොමු කරන්න.
＃📳 දුරකථන අංකය :
077 477 2772
＃ 📧 ඊ-මේල් ලිපිනය :
thilini.c@ccargillsceylon.com
# 📪 ලිපිනය :
සුරක්ෂිත ප්‍රධාන සම්පත් නිලධාරී, Cargills බඳවා ගැනීමේ සහ පුහුණු මධ්‍යස්ථානය, 2 වන මහල - දේවි ගොඩනැගිල්ල, 142, බෞද්ධාලෝක මාවත, නුගේගොඩ, කොළඹ 04 (Cargills ශාඛාව අසල)",,
https://ikman.lk/en/ad/assistant-pharmacist-kandy-kandy-3,"💼 POSITION | තනතුර:  ඖෂධවේදී සහායක  / Assistant Pharmacist
💠 Requirements | සුදුසුකම්:
【~】✪ ෆාමසි ක්ෂේත්‍රයේ වසර 02කට නොඅඩු පළපුරුද්ද
【~】✪ ඖෂධ වට්ටෝරු කියවීම, ලිවීම හා  පිළියෙල කිරීම සම්බන්ධව මනා  දැනුමක් තිබීම.
【~】✪ SLMC ලියාපදිංචි වූ ආධුනික ඖෂධවේදීන් සඳහා ප්‍රමුඛත්වය • වයස අවු:40 ට අඩු
【~】✪ වැඩමුර ක්‍රමයට (Shift Work System) රෑ 10 දක්වා  සේවයේ නියැලීමට කැමති අය සඳහා  ප්‍රමුඛත්වය
✅ BENEFITS | වරප්‍රසාද:
【~】✪ ආකර්ශනීය වැටුපක් සහ විකුණුම් දීමනා
【~】✪  දුරබැහැර අයදුම්කරුවන් සඳහා  නවාතැන් පහසුකම්
【~】✪ අතිකාල දීමනා
✅ HOW TO APPLY | අයදුම් කලයුතු ආකාරය ✍️:
ඡායාරූප සහිත අයදුම්පත් පහත සඳහන් ලිපින වලට යොමු කරන්න:
＃📳 WhatsApp | වොට්ස්ඇප් අංකය: 0765 313 201
＃📧 Email | ඊ-මේල් ලිපිනය: snh6305@gmail.com
📪 Address | ලිපිනය: 586, නාවල මාර්ගය, රාජගිරිය",,
https://ikman.lk/en/ad/assistant-pharmacist-borella-colombo,"💼 POSITION | තනතුර:  ඖෂධවේදී සහායක  / Assistant Pharmacist
💠 Requirements | සුදුසුකම්:
【~】✪ ෆාමසි ක්ෂේත්‍රයේ වසර 02කට නොඅඩු පළපුරුද්ද
【~】✪ ඖෂධ වට්ටෝරු කියවීම, ලිවීම හා  පිළියෙල කිරීම සම්බන්ධව මනා  දැනුමක් තිබීම.
【~】✪ SLMC ලියාපදිංචි වූ ආධුනික ඖෂධවේදීන් සඳහා ප්‍රමුඛත්වය • වයස අවු:40 ට අඩු
【~】✪ වැඩමුර ක්‍රමයට (Shift Work System) රෑ 10 දක්වා  සේවයේ නියැලීමට කැමති අය සඳහා  ප්‍රමුඛත්වය
✅ BENEFITS | වරප්‍රසාද:
【~】✪ ආකර්ශනීය වැටුපක් සහ විකුණුම් දීමනා
【~】✪  දුරබැහැර අයදුම්කරුවන් සඳහා  නවාතැන් පහසුකම්
【~】✪ අතිකාල දීමනා
✅ HOW TO APPLY | අයදුම් කලයුතු ආකාරය ✍️:
ඡායාරූප සහිත අයදුම්පත් පහත සඳහන් ලිපින වලට යොමු කරන්න:
＃📳 WhatsApp | වොට්ස්ඇප් අංකය: 0765 313 201
＃📧 Email | ඊ-මේල් ලිපිනය: snh6305@gmail.com
📪 Address | ලිපිනය: 586, නාවල මාර්ගය, රාජගිරිය",,
https://ikman.lk/en/ad/assistant-pharmacist-wattala-gampaha-1,"💼 POSITION | තනතුර:  ඖෂධවේදී සහායක  / Assistant Pharmacist
💠 Requirements | සුදුසුකම්:
【~】✪ ෆාමසි ක්ෂේත්‍රයේ වසර 02කට නොඅඩු පළපුරුද්ද
【~】✪ ඖෂධ වට්ටෝරු කියවීම, ලිවීම හා  පිළියෙල කිරීම සම්බන්ධව මනා  දැනුමක් තිබීම.
【~】✪ SLMC ලියාපදිංචි වූ ආධුනික ඖෂධවේදීන් සඳහා ප්‍රමුඛත්වය • වයස අවු:40 ට අඩු
【~】✪ වැඩමුර ක්‍රමයට (Shift Work System) රෑ 10 දක්වා  සේවයේ නියැලීමට කැමති අය සඳහා  ප්‍රමුඛත්වය
✅ BENEFITS | වරප්‍රසාද:
【~】✪ ආකර්ශනීය වැටුපක් සහ විකුණුම් දීමනා
【~】✪  දුරබැහැර අයදුම්කරුවන් සඳහා  නවාතැන් පහසුකම්
【~】✪ අතිකාල දීමනා
✅ HOW TO APPLY | අයදුම් කලයුතු ආකාරය ✍️:
ඡායාරූප සහිත අයදුම්පත් පහත සඳහන් ලිපින වලට යොමු කරන්න:
＃📳 WhatsApp | වොට්ස්ඇප් අංකය: 0765 313 201
＃📧 Email | ඊ-මේල් ලිපිනය: snh6305@gmail.com
📪 Address | ලිපිනය: 586, නාවල මාර්ගය, රාජගිරිය",,
https://ikman.lk/en/ad/assistant-pharmacist-maradana-colombo,"💼 POSITION | තනතුර:  ඖෂධවේදී සහායක  / Assistant Pharmacist
💠 Requirements | සුදුසුකම්:
【~】✪ ෆාමසි ක්ෂේත්‍රයේ වසර 02කට නොඅඩු පළපුරුද්ද
【~】✪ ඖෂධ වට්ටෝරු කියවීම, ලිවීම හා  පිළියෙල කිරීම සම්බන්ධව මනා  දැනුමක් තිබීම.
【~】✪ SLMC ලියාපදිංචි වූ ආධුනික ඖෂධවේදීන් සඳහා ප්‍රමුඛත්වය • වයස අවු:40 ට අඩු
【~】✪ වැඩමුර ක්‍රමයට (Shift Work System) රෑ 10 දක්වා  සේවයේ නියැලීමට කැමති අය සඳහා  ප්‍රමුඛත්වය
✅ BENEFITS | වරප්‍රසාද:
【~】✪ ආකර්ශනීය වැටුපක් සහ විකුණුම් දීමනා
【~】✪  දුරබැහැර අයදුම්කරුවන් සඳහා  නවාතැන් පහසුකම්
【~】✪ අතිකාල දීමනා
✅ HOW TO APPLY | අයදුම් කලයුතු ආකාරය ✍️:
ඡායාරූප සහිත අයදුම්පත් පහත සඳහන් ලිපින වලට යොමු කරන්න:
＃📳 WhatsApp | වොට්ස්ඇප් අංකය: 0765 313 201
＃📧 Email | ඊ-මේල් ලිපිනය: snh6305@gmail.com
📪 Address | ලිපිනය: 586, නාවල මාර්ගය, රාජගිරිය",,
https://ikman.lk/en/ad/assistant-pharmacist-dehiwala-colombo,"💼 POSITION | තනතුර:  ඖෂධවේදී සහායක  / Assistant Pharmacist
💠 Requirements | සුදුසුකම්:
【~】✪ ෆාමසි ක්ෂේත්‍රයේ වසර 02කට නොඅඩු පළපුරුද්ද
【~】✪ ඖෂධ වට්ටෝරු කියවීම, ලිවීම හා  පිළියෙල කිරීම සම්බන්ධව මනා  දැනුමක් තිබීම.
【~】✪ SLMC ලියාපදිංචි වූ ආධුනික ඖෂධවේදීන් සඳහා ප්‍රමුඛත්වය • වයස අවු:40 ට අඩු
【~】✪ වැඩමුර ක්‍රමයට (Shift Work System) රෑ 10 දක්වා  සේවයේ නියැලීමට කැමති අය සඳහා  ප්‍රමුඛත්වය
✅ BENEFITS | වරප්‍රසාද:
【~】✪ ආකර්ශනීය වැටුපක් සහ විකුණුම් දීමනා
【~】✪  දුරබැහැර අයදුම්කරුවන් සඳහා  නවාතැන් පහසුකම්
【~】✪ අතිකාල දීමනා
✅ HOW TO APPLY | අයදුම් කලයුතු ආකාරය ✍️:
ඡායාරූප සහිත අයදුම්පත් පහත සඳහන් ලිපින වලට යොමු කරන්න:
＃📳 WhatsApp | වොට්ස්ඇප් අංකය: 0765 313 201
＃📧 Email | ඊ-මේල් ලිපිනය: snh6305@gmail.com
📪 Address | ලිපිනය: 586, නාවල මාර්ගය, රාජගිරිය",,
https://ikman.lk/en/ad/assistant-pharmacist-kalutara-kalutara,"💼 POSITION | තනතුර:  ඖෂධවේදී සහායක  / Assistant Pharmacist
💠 Requirements | සුදුසුකම්:
【~】✪ ෆාමසි ක්ෂේත්‍රයේ වසර 02කට නොඅඩු පළපුරුද්ද
【~】✪ ඖෂධ වට්ටෝරු කියවීම, ලිවීම හා  පිළියෙල කිරීම සම්බන්ධව මනා  දැනුමක් තිබීම.
【~】✪ SLMC ලියාපදිංචි වූ ආධුනික ඖෂධවේදීන් සඳහා ප්‍රමුඛත්වය • වයස අවු:40 ට අඩු
【~】✪ වැඩමුර ක්‍රමයට (Shift Work System) රෑ 10 දක්වා  සේවයේ නියැලීමට කැමති අය සඳහා  ප්‍රමුඛත්වය
✅ BENEFITS | වරප්‍රසාද:
【~】✪ ආකර්ශනීය වැටුපක් සහ විකුණුම් දීමනා
【~】✪  දුරබැහැර අයදුම්කරුවන් සඳහා  නවාතැන් පහසුකම්
【~】✪ අතිකාල දීමනා
✅ HOW TO APPLY | අයදුම් කලයුතු ආකාරය ✍️:
ඡායාරූප සහිත අයදුම්පත් පහත සඳහන් ලිපින වලට යොමු කරන්න:
＃📳 WhatsApp | වොට්ස්ඇප් අංකය: 0765 313 201
＃📧 Email | ඊ-මේල් ලිපිනය: snh6305@gmail.com
📪 Address | ලිපිනය: 586, නාවල මාර්ගය, රාජගිරිය",,
https://ikman.lk/en/ad/assistant-pharmacist-ratmalana-colombo,"💼 POSITION | තනතුර:  ඖෂධවේදී සහායක  / Assistant Pharmacist
💠 Requirements | සුදුසුකම්:
【~】✪ ෆාමසි ක්ෂේත්‍රයේ වසර 02කට නොඅඩු පළපුරුද්ද
【~】✪ ඖෂධ වට්ටෝරු කියවීම, ලිවීම හා  පිළියෙල කිරීම සම්බන්ධව මනා  දැනුමක් තිබීම.
【~】✪ SLMC ලියාපදිංචි වූ ආධුනික ඖෂධවේදීන් සඳහා ප්‍රමුඛත්වය • වයස අවු:40 ට අඩු
【~】✪ වැඩමුර ක්‍රමයට (Shift Work System) රෑ 10 දක්වා  සේවයේ නියැලීමට කැමති අය සඳහා  ප්‍රමුඛත්වය
✅ BENEFITS | වරප්‍රසාද:
【~】✪ ආකර්ශනීය වැටුපක් සහ විකුණුම් දීමනා
【~】✪  දුරබැහැර අයදුම්කරුවන් සඳහා  නවාතැන් පහසුකම්
【~】✪ අතිකාල දීමනා
✅ HOW TO APPLY | අයදුම් කලයුතු ආකාරය ✍️:
ඡායාරූප සහිත අයදුම්පත් පහත සඳහන් ලිපින වලට යොමු කරන්න:
＃📳 WhatsApp | වොට්ස්ඇප් අංකය: 0765 313 201
＃📧 Email | ඊ-මේල් ලිපිනය: snh6305@gmail.com
📪 Address | ලිපිනය: 586, නාවල මාර්ගය, රාජගිරිය",,
https://ikman.lk/en/ad/pharmacist-wattala-gampaha,"💼 POSITION | තනතුර:  ඖෂධවේදී - පූර්ණ/අර්ධ කාලීන
💠 Key Responsibilities | රැකියාවේ කාර්ය භාරය:
【~】✪ ඖෂධ වට්ටෝරු කියවීම, ලිවීම හා පිළියෙල කිරීම
【~】✪ ඖෂධ නිවැරදිව බෙදාහැරීම සහ උපදෙස් ලබාදීම
【~】✪ ගබඩා  කළමනාකරණය සහ ගිණුම්කරණ කටයුතු
💠 Requirements | සුදුසුකම්:
【~】✪ ලියාපදිංචි ඖෂධවේදී තත්ත්වය (වසර 01කට නොඅඩු පළපුරුද්ද)
【~】✪ ඖෂධ වට්ටෝරු කටයුතු පිළිබඳ මනා දැනුම
【~】✪ සිංහල/ඉංග්‍රීසි භාෂා  දක්ෂතා  සහ පරිගණක දැනුම
【~】✪ වයස අවුරුදු 45 ට අඩු
【~】✪ රාත්‍රී 10.00 වන තෙක් වැඩ කිරීමට අවශ්‍ය
✅ BENEFITS | වරප්‍රසාද:
【~】✪ ආකර්ශනීය වැටුපක් සහ විකුණුම් දීමනා
【~】✪ නොමිලේ නවාතැන් පහසුකම් (දුරස්ථ අයදුම්කරුවන් සඳහා)
【~】✪ අතිකාල දීමනා
✅ HOW TO APPLY | අයදුම් කලයුතු ආකාරය ✍️:
ඡායාරූප සහිත අයදුම්පත් පහත සඳහන් ලිපින වලට යොමු කරන්න:
＃📳 WhatsApp | වොට්ස්ඇප් අංකය: 0765 313 201
＃📧 Email | ඊ-මේල් ලිපිනය: snh6305@gmail.com
📪 Address | ලිපිනය: 586, නාවල මාර්ගය, රාජගිරිය",,
https://ikman.lk/en/ad/pharmacist-dehiwala-colombo-2,"💼 POSITION | තනතුර:  ඖෂධවේදී - පූර්ණ/අර්ධ කාලීන
💠 Key Responsibilities | රැකියාවේ කාර්ය භාරය:
【~】✪ ඖෂධ වට්ටෝරු කියවීම, ලිවීම හා පිළියෙල කිරීම
【~】✪ ඖෂධ නිවැරදිව බෙදාහැරීම සහ උපදෙස් ලබාදීම
【~】✪ ගබඩා  කළමනාකරණය සහ ගිණුම්කරණ කටයුතු
💠 Requirements | සුදුසුකම්:
【~】✪ ලියාපදිංචි ඖෂධවේදී තත්ත්වය (වසර 01කට නොඅඩු පළපුරුද්ද)
【~】✪ ඖෂධ වට්ටෝරු කටයුතු පිළිබඳ මනා දැනුම
【~】✪ සිංහල/ඉංග්‍රීසි භාෂා  දක්ෂතා  සහ පරිගණක දැනුම
【~】✪ වයස අවුරුදු 45 ට අඩු
【~】✪ රාත්‍රී 10.00 වන තෙක් වැඩ කිරීමට අවශ්‍ය
✅ BENEFITS | වරප්‍රසාද:
【~】✪ ආකර්ශනීය වැටුපක් සහ විකුණුම් දීමනා
【~】✪ නොමිලේ නවාතැන් පහසුකම් (දුරස්ථ අයදුම්කරුවන් සඳහා)
【~】✪ අතිකාල දීමනා
✅ HOW TO APPLY | අයදුම් කලයුතු ආකාරය ✍️:
ඡායාරූප සහිත අයදුම්පත් පහත සඳහන් ලිපින වලට යොමු කරන්න:
＃📳 WhatsApp | වොට්ස්ඇප් අංකය: 0765 313 201
＃📧 Email | ඊ-මේල් ලිපිනය: snh6305@gmail.com
📪 Address | ලිපිනය: 586, නාවල මාර්ගය, රාජගිරිය",,
https://ikman.lk/en/ad/pharmacist-ratmalana-colombo,"💼 POSITION | තනතුර:  ඖෂධවේදී - පූර්ණ/අර්ධ කාලීන
💠 Key Responsibilities | රැකියාවේ කාර්ය භාරය:
【~】✪ ඖෂධ වට්ටෝරු කියවීම, ලිවීම හා පිළියෙල කිරීම
【~】✪ ඖෂධ නිවැරදිව බෙදාහැරීම සහ උපදෙස් ලබාදීම
【~】✪ ගබඩා  කළමනාකරණය සහ ගිණුම්කරණ කටයුතු
💠 Requirements | සුදුසුකම්:
【~】✪ ලියාපදිංචි ඖෂධවේදී තත්ත්වය (වසර 01කට නොඅඩු පළපුරුද්ද)
【~】✪ ඖෂධ වට්ටෝරු කටයුතු පිළිබඳ මනා දැනුම
【~】✪ සිංහල/ඉංග්‍රීසි භාෂා  දක්ෂතා  සහ පරිගණක දැනුම
【~】✪ වයස අවුරුදු 45 ට අඩු
【~】✪ රාත්‍රී 10.00 වන තෙක් වැඩ කිරීමට අවශ්‍ය
✅ BENEFITS | වරප්‍රසාද:
【~】✪ ආකර්ශනීය වැටුපක් සහ විකුණුම් දීමනා
【~】✪ නොමිලේ නවාතැන් පහසුකම් (දුරස්ථ අයදුම්කරුවන් සඳහා)
【~】✪ අතිකාල දීමනා
✅ HOW TO APPLY | අයදුම් කලයුතු ආකාරය ✍️:
ඡායාරූප සහිත අයදුම්පත් පහත සඳහන් ලිපින වලට යොමු කරන්න:
＃📳 WhatsApp | වොට්ස්ඇප් අංකය: 0765 313 201
＃📧 Email | ඊ-මේල් ලිපිනය: snh6305@gmail.com
📪 Address | ලිපිනය: 586, නාවල මාර්ගය, රාජගිරිය",,
https://ikman.lk/en/ad/pharmacist-borella-colombo,"💼 POSITION | තනතුර:  ඖෂධවේදී - පූර්ණ/අර්ධ කාලීන
💠 Key Responsibilities | රැකියාවේ කාර්ය භාරය:
【~】✪ ඖෂධ වට්ටෝරු කියවීම, ලිවීම හා පිළියෙල කිරීම
【~】✪ ඖෂධ නිවැරදිව බෙදාහැරීම සහ උපදෙස් ලබාදීම
【~】✪ ගබඩා  කළමනාකරණය සහ ගිණුම්කරණ කටයුතු
💠 Requirements | සුදුසුකම්:
【~】✪ ලියාපදිංචි ඖෂධවේදී තත්ත්වය (වසර 01කට නොඅඩු පළපුරුද්ද)
【~】✪ ඖෂධ වට්ටෝරු කටයුතු පිළිබඳ මනා දැනුම
【~】✪ සිංහල/ඉංග්‍රීසි භාෂා  දක්ෂතා  සහ පරිගණක දැනුම
【~】✪ වයස අවුරුදු 45 ට අඩු
【~】✪ රාත්‍රී 10.00 වන තෙක් වැඩ කිරීමට අවශ්‍ය
✅ BENEFITS | වරප්‍රසාද:
【~】✪ ආකර්ශනීය වැටුපක් සහ විකුණුම් දීමනා
【~】✪ නොමිලේ නවාතැන් පහසුකම් (දුරස්ථ අයදුම්කරුවන් සඳහා)
【~】✪ අතිකාල දීමනා
✅ HOW TO APPLY | අයදුම් කලයුතු ආකාරය ✍️:
ඡායාරූප සහිත අයදුම්පත් පහත සඳහන් ලිපින වලට යොමු කරන්න:
＃📳 WhatsApp | වොට්ස්ඇප් අංකය: 0765 313 201
＃📧 Email | ඊ-මේල් ලිපිනය: snh6305@gmail.com
📪 Address | ලිපිනය: 586, නාවල මාර්ගය, රාජගිරිය",,
https://ikman.lk/en/ad/pharmacist-town-hall-colombo,"💼 POSITION | තනතුර:  ඖෂධවේදී - පූර්ණ/අර්ධ කාලීන
💠 Key Responsibilities | රැකියාවේ කාර්ය භාරය:
【~】✪ ඖෂධ වට්ටෝරු කියවීම, ලිවීම හා පිළියෙල කිරීම
【~】✪ ඖෂධ නිවැරදිව බෙදාහැරීම සහ උපදෙස් ලබාදීම
【~】✪ ගබඩා  කළමනාකරණය සහ ගිණුම්කරණ කටයුතු
💠 Requirements | සුදුසුකම්:
【~】✪ ලියාපදිංචි ඖෂධවේදී තත්ත්වය (වසර 01කට නොඅඩු පළපුරුද්ද)
【~】✪ ඖෂධ වට්ටෝරු කටයුතු පිළිබඳ මනා දැනුම
【~】✪ සිංහල/ඉංග්‍රීසි භාෂා  දක්ෂතා  සහ පරිගණක දැනුම
【~】✪ වයස අවුරුදු 45 ට අඩු
【~】✪ රාත්‍රී 10.00 වන තෙක් වැඩ කිරීමට අවශ්‍ය
✅ BENEFITS | වරප්‍රසාද:
【~】✪ ආකර්ශනීය වැටුපක් සහ විකුණුම් දීමනා
【~】✪ නොමිලේ නවාතැන් පහසුකම් (දුරස්ථ අයදුම්කරුවන් සඳහා)
【~】✪ අතිකාල දීමනා
✅ HOW TO APPLY | අයදුම් කලයුතු ආකාරය ✍️:
ඡායාරූප සහිත අයදුම්පත් පහත සඳහන් ලිපින වලට යොමු කරන්න:
＃📳 WhatsApp | වොට්ස්ඇප් අංකය: 0765 313 201
＃📧 Email | ඊ-මේල් ලිපිනය: snh6305@gmail.com
📪 Address | ලිපිනය: 586, නාවල මාර්ගය, රාජගිරිය",,
https://ikman.lk/en/ad/pharmacist-moratuwa-colombo,"💼 POSITION | තනතුර:  ඖෂධවේදී - පූර්ණ/අර්ධ කාලීන
💠 Key Responsibilities | රැකියාවේ කාර්ය භාරය:
【~】✪ ඖෂධ වට්ටෝරු කියවීම, ලිවීම හා පිළියෙල කිරීම
【~】✪ ඖෂධ නිවැරදිව බෙදාහැරීම සහ උපදෙස් ලබාදීම
【~】✪ ගබඩා  කළමනාකරණය සහ ගිණුම්කරණ කටයුතු
💠 Requirements | සුදුසුකම්:
【~】✪ ලියාපදිංචි ඖෂධවේදී තත්ත්වය (වසර 01කට නොඅඩු පළපුරුද්ද)
【~】✪ ඖෂධ වට්ටෝරු කටයුතු පිළිබඳ මනා දැනුම
【~】✪ සිංහල/ඉංග්‍රීසි භාෂා  දක්ෂතා  සහ පරිගණක දැනුම
【~】✪ වයස අවුරුදු 45 ට අඩු
【~】✪ රාත්‍රී 10.00 වන තෙක් වැඩ කිරීමට අවශ්‍ය
✅ BENEFITS | වරප්‍රසාද:
【~】✪ ආකර්ශනීය වැටුපක් සහ විකුණුම් දීමනා
【~】✪ නොමිලේ නවාතැන් පහසුකම් (දුරස්ථ අයදුම්කරුවන් සඳහා)
【~】✪ අතිකාල දීමනා
✅ HOW TO APPLY | අයදුම් කලයුතු ආකාරය ✍️:
ඡායාරූප සහිත අයදුම්පත් පහත සඳහන් ලිපින වලට යොමු කරන්න:
＃📳 WhatsApp | වොට්ස්ඇප් අංකය: 0765 313 201
＃📧 Email | ඊ-මේල් ලිපිනය: snh6305@gmail.com
📪 Address | ලිපිනය: 586, නාවල මාර්ගය, රාජගිරිය",,
https://ikman.lk/en/ad/pharmacist-kastugastota-kandy,"💼 POSITION | තනතුර:  ඖෂධවේදී - පූර්ණ/අර්ධ කාලීන
💠 Key Responsibilities | රැකියාවේ කාර්ය භාරය:
【~】✪ ඖෂධ වට්ටෝරු කියවීම, ලිවීම හා පිළියෙල කිරීම
【~】✪ ඖෂධ නිවැරදිව බෙදාහැරීම සහ උපදෙස් ලබාදීම
【~】✪ ගබඩා  කළමනාකරණය සහ ගිණුම්කරණ කටයුතු
💠 Requirements | සුදුසුකම්:
【~】✪ ලියාපදිංචි ඖෂධවේදී තත්ත්වය (වසර 01කට නොඅඩු පළපුරුද්ද)
【~】✪ ඖෂධ වට්ටෝරු කටයුතු පිළිබඳ මනා දැනුම
【~】✪ සිංහල/ඉංග්‍රීසි භාෂා  දක්ෂතා  සහ පරිගණක දැනුම
【~】✪ වයස අවුරුදු 45 ට අඩු
【~】✪ රාත්‍රී 10.00 වන තෙක් වැඩ කිරීමට අවශ්‍ය
✅ BENEFITS | වරප්‍රසාද:
【~】✪ ආකර්ශනීය වැටුපක් සහ විකුණුම් දීමනා
【~】✪ නොමිලේ නවාතැන් පහසුකම් (දුරස්ථ අයදුම්කරුවන් සඳහා)
【~】✪ අතිකාල දීමනා
✅ HOW TO APPLY | අයදුම් කලයුතු ආකාරය ✍️:
ඡායාරූප සහිත අයදුම්පත් පහත සඳහන් ලිපින වලට යොමු කරන්න:
＃📳 WhatsApp | වොට්ස්ඇප් අංකය: 0765 313 201
＃📧 Email | ඊ-මේල් ලිපිනය: snh6305@gmail.com
📪 Address | ලිපිනය: 586, නාවල මාර්ගය, රාජගිරිය",,
https://ikman.lk/en/ad/dental-assistant-colombo-59,"Smile Dental Homagama
Dental Assistant  vacancies are available in a dental surgery at Homagama. We are looking for ,
Female candidates ( trained / untrained)
Preferably close to Homagama town
Under the age of 30
Successfully completed O/Ls and A/Ls
Shifts - 8.00 am- 2.00 pm and 2.00 pm - 9.00 pm
Salary - 35, 000-40, 000 lkr + Added OT payments
If interested please send your CV to
0777710063",,
https://ikman.lk/en/ad/pharmacist-assistant-colombo-6,"We, Sunethra Pharmacy are currently seeking for candidates for Assistant Pharmacist position
Full time & Part time position
Required:
•	Minimum 2 years’ experience in Pharmacy field.
•	Ability to read prescriptions and issuing medicine under the supervision of the pharmacist.
•	Good communication skills and Interpersonal skills.
•	Knowledge to operate computer and POS system
•	Ability to work under pressure
•	Registered in Medical council will be an added advantage.
•	Full time position
•	Shift work available
•	Salary Rs.50,000/= - to Rs.80,000/= (for full time position )
•	EPF & ETF
•	Salary will be negotiable according to the experience & part time according to the availability
Sunethra Pharmacy, Thalapathpitiya
(Near Sri Jayawardhanapura General Hospital)",,
https://ikman.lk/en/ad/vaidy-mdhysthaan-shykvriy-puttalam,"වෛද්‍ය මධ්‍යස්ථාන සහයකවරිය
.
.
වෙන්නප්පුව නගරයේ පිහිටි වෛද්‍ය මධ්‍යස්ථානයේ දෛනික කටයුතු සදහා සහය වීමට.",,
https://ikman.lk/en/ad/nurse-cum-medical-center-cashier-colombo,"Vacancy for Nurse
About the role
We Sukitha Pharmacy & Clinic at Ratmalana have engaged in wide range of Health care services in last 11 years, outdoor pharmacy/ Medical center with OPD / sample collection center for all lab tests/ Nurse station/Home visits / web order handling and e-commerce are some of our activities. Presently we are looking for dynamic experienced individuals to work as Nurse in our outpatient OPD in full-time basis. Trainees also welcome to apply.
Functional Area/ skills required:
Blood drawing, wound dressing, BP checks and assistance in OPD functions,
Cashier & pharmacy experience with computer skills will be added qualification.
Rewards: Competitive salary package /benefits and flexible working timing to meet work/life balance. Good accommodations available
Please call / WhatsApp 0715147798
වෛද්ය මධ්යස්ථානය හෙදි පුරප්පාඩු
රැකියා භූමිකාව:
රත්මලානේ සුඛිත ෆාමසි සහ සායනය පසුගිය වසර 11 තුළ පුළුල් පරාසයක සෞඛ්ය සේවා වල නියැලී සිටිමු, එළිමහන් ෆාමසිය/ඕපීඩී සහිත වෛද්ය මධ්යස්ථානය/සියලුම රසායනාගාර පරීක්ෂණ සඳහා සාම්පල එකතු කිරීමේ මධ්යස්ථානය/හෙද ස්ථානය/නිවාස (home visits)/වෙබ් ඇණවුම් හැසිරවීම සහ ඊ-වාණිජ්යය අපගේ ක්රියාකාරකම් වලින් කිහිපයකි. දැනට අපි අපගේ බාහිර රෝගී බාහිර රෝගී අංශයේ පූර්ණ කාලීන පදනමින් හෙදියක් ලෙස සේවය කිරීමට ගතික පළපුරුදු පුද්ගලයින් සොයමින් සිටිමු. පුහුණු වන්නන් ද අයදුම් කිරීමට සාදරයෙන් පිළිගනිමු.
අවශ්ය ක්රියාකාරී ප්රදේශය/ කුසලතා:
රුධිර එකතු කිරීම, තුවාල ප්රතිකාර, රුධිර පීඩනය පරීක්ෂා කිරීම සහ බාහිර රෝගී අංශයේ කාර්යයන් සඳහා සහාය,
පරිගණක කුසලතා සහිත මුදල් අයකැමි සහ ඖෂධ පළපුරුද්ද අමතර සුදුසුකමක් වනු ඇත.
ත්යාග: තරඟකාරී වැටුප් පැකේජය/ප්රතිලාභ සහ වැඩ/ජීවිත සමතුලිතතාවය සපුරාලීම සඳහා නම්යශීලී වැඩ කරන කාලය. හොඳ නවාතැන් පහසුකම් තිබේ
කරුණාකර අමතන්න / WhatsApp 0715147798",,
https://ikman.lk/en/ad/pharmacy-assistant-colombo-369,"Vacancy for Pharmacy assistant
About the role:
We Sukitha Pharmacy & Clinic at Ratmalana have engaged in wide range of Health care services in last 11 years, outdoor pharmacy/ Medical center with OPD / sample collection center for all lab tests/ Nurse station/Home visits / web order handling and e-commerce are some of our activities.
Presently we are looking for dynamic experienced individuals to work as Pharmacy assistant in our outpatient pharmacy in full-time/Part-time basis.
Functional Area:
Processing prescriptions thru order counters; fill - dispense medications fast & accurate, Provide advice about health issues, symptoms and medications in response to customer inquiries. Retail sales etc. Good IT skills and customer care habits will be plus point but not mandatory.
Both Male/Female applicants are welcome to apply.
Individuals who has the good exposure in dispensing/ prescription reading /brand substituting is +++
Rewards: Competitive salary package /benefits meet the industrial standard and flexible working timing. Good Accommodations
Please call / WhatsApp 0715147798
පුරප්පාඩු ෆාමසි සහකාර
සුඛිත ෆාමසි සහ සායනය පසුගිය වසර 11 තුළ සෞඛ්ය සේවා වල නියැලී සිටී; ඖෂධ සේවා, ඖෂධ වෙළඳාම සහ වෙබ් මාර්ගගත ඊ-වාණිජ්යය සහ බාහිර රෝගී අංශය අපගේ ක්රියාකාරකම් වලින් කිහිපයකි. දැනට අපි පූර්ණ කාලීන/අර්ධ කාලීන රැකියා පළපුරුද්දක් ඇති
පුද්ගලයන් සොයමින් සිටිමු!
භූමිකාව:
ඇණවුම් කවුන්ටර හැසිරවීම සහ බෙහෙත් වට්ටෝරු පිරවීම.
කුසලතා:
පාරිභෝගික සත්කාර/රෝගීන් හැසිරවීමේ සහ සන්නිවේදන කුසලතා පිළිබඳ හොඳ පුහුණුව.
රෝගී උපදේශන කුසලතා, පරිගණක සාක්ෂරතාවය, අමතර සුදුසුකමක් වනු ඇත නමුත් අනිවාර්ය නොවේ. බෙහෙත් වට්ටෝරු කියවීම / සමාන වෙළඳ නාම ආදේශනය පිළිබඳ හොඳ දැනුමක් ඇති පුද්ගලයින් +++
පුද්ගලයා:
ගතික, ජවසම්පන්න සහ අවංක; අවම වැරදි සමඟ වැඩ කිරීමේ හැකියාව
ස්වයං ආරම්භකයෙකු සහ අඩු අධීක්ෂණයක් යටතේ වැඩ කිරීමට හැකියාව ඇති, හොඳ කණ්ඩායම් ක්රීඩකයෙකු
පැකේජය:
ප්රමිතියට අනුව තරඟකාරී වැටුප් පැකේජයක්!
නවාතැන් පහසුකම් තිබේ , පුහුණු අයදුම්කරුවන් සාදරයෙන් පිළිගනිමු!
කරුණාකර ජංගම/WhatsApp 0715147798 හරහා අමතන්න.",,
https://ikman.lk/en/ad/nurse-maggona-kalutara,"මගේ මවට උපකාර කිරීම සඳහා කාරුණික සහ ඉවසිලිවන්ත සජීවීව නැවතී සිටින රැකබලාගන්නෙකු අප සොයමින් සිටිමු. දෛනික වැඩකටයුතුවලට උපකාර කිරීම සහ ඇයගේ ආරක්ෂාව මෙන්ම සුවපහසුව සැලසීම ඔබෙන් බලාපොරොත්තු වේ. මීට පෙර මානසික සෞඛ්‍ය ක්ෂේත්‍රයේ අත්දැකීම් තිබීම අමතර සුදුසුකමකි. අපි සහතික පත්‍රවලට සමානවම ප්‍රායෝගික අත්දැකීම් ද අගය කරමු. වැඩි විස්තර සඳහා අමතන්න 0777872783
We are looking for a kind and patient Live-in Carer to help my mother. We require someone to help with daily tasks and keep them safe and comfortable. Previous mental health experience would be advantageous - value experience as much as qualifications. Please call 0777872783 for more information",,
https://ikman.lk/en/ad/optomertist-gampaha,"Job Vacancy: Optometrist (දෘෂ්ඨි විශේෂඥ)
අපගේ ප්‍රමුඛ පෙළේ Optical ආයතනය සඳහා කැපවීමෙන් සහ වගකීමෙන් යුතුව සේවය කළ හැකි, සුදුසුකම්ලත් Optometrist වරයෙකු/වරියක වහාම බඳවා ගැනේ.
Responsibilities (ප්‍රධාන වගකීම් සහ කාර්යයන්):
​පාරිභෝගිකයන්ගේ ඇස් පරීක්ෂා කර නිවැරදි දෘෂ්ඨි දෝෂ හඳුනා ගැනීම (Eye testing & Refraction).
​රෝගීන්ට අවශ්‍ය නිවැරදි කන්නාඩි වර්ග (Lenses) සහ Contact Lenses නිර්දේශ කිරීම.
​ඇසේ ඇති වන වෙනත් සරල ගැටළු හඳුනාගෙන අවශ්‍ය නම් අක්ෂි වෛද්‍යවරුන් (Ophthalmologists) වෙත යොමු කිරීම.
​පාරිභෝගිකයන්ට ගැලපෙන Frames සහ Lenses තෝරාගැනීමට මිත්‍රශීලීව උපදෙස් දීම.
​පාරිභෝගිකයන්ගේ වාර්තා (Patient records) ක්‍රමවත්ව පවත්වාගෙන යාම.
Requirements & Qualifications (සුදුසුකම්):
​ක්ෂේත්‍රයේ පළපුරුද්ද අමතර සුදුසුකමකි (නවකයින්ටද අයදුම් කළ හැක).
​පාරිභෝගිකයන් සමඟ ඉතා සුහදශීලීව සහ ඉවසිලිවන්තව කටයුතු කිරීමේ හැකියාව.
​සිංහල සහ ඉංග්‍රීසි භාෂාව හැසිරවීමේ මූලික හැකියාව.
​What We Offer (අපෙන් ඔබට):
​ආකර්ෂණීය වැටුප් සහ දීමනා (Attractive Salary + Incentives).
​ප්‍රසන්න සහ සුහදශීලී සේවා පරිසරයක්.
​වෘත්තීයමය වශයෙන් ඉදිරියට යාමට ඇති අවස්ථා.
​අයදුම් කළ යුතු ආකාරය:
​ඔබ මේ සඳහා සුදුසුම පුද්ගලයා නම්, ඔබගේ ජීව දත්ත පත්‍රිකාව (CV) පහත සඳහන් දුරකථන අංකයට WhatsApp කරන්න හෝ විද්‍යුත් තැපෑලට (Email) යොමු කරන්න.
දුරකථන අංකය: [ WhatsApp -0705999606/[0112935278]
​Email: [amilanethraoptics@gmail.com]
​ලිපිනය: [316/C Negambo road /Wattala ]",,
https://ikman.lk/en/ad/nurse-hire-in-colombo-03-colombo-1,"Family medicine clinic is looking for a nurse to join our team.
Trained / Untrained candidates can apply. Interested candidates, please send your CV via WhatsApp to: 0702129096",,
https://ikman.lk/en/ad/aadhunik-aussdhveedii-shaayk-shaayikaa-vaelimdd-badulla,"# 💼 තනතුර : ආධුනික ඖෂධවේදී සහායක/සහායිකා
බදුල්ල දිස්ත්‍රික්කයේ පහත සඳහන් තනතුරු සඳහා තරුණ තරුණියන් බඳවා ගනු ලැබේ.
- ආධුනික ඖෂධවේදී සහායක/සහායිකා
# 💠 සුදුසුකම් :
- වයස අවුරුදු 18 - 50 අතර
- අ.පො.ස. සා/පෙළ හෝ අ.පො.ස. උ/පෙළ දක්වා අධ්‍යාපන සුදුසුකම්
# 💠 රැකියාවේ කාර්ය භාරය :
# ✅ ප්‍රතිලාභ :
=======================
ආකර්ශනීය වැටුපක් සහ අනෙකුත් වරප්‍රසාද රැසක් පිරිනැමේ.
- රු. 55,000/- වැඩි ආකර්ෂණීය මාසික වැටුපක්
- ස්ථිර අභාගහයකට ස්ථාවර රැකියාවක්
- පුහුණුව සහ සෙසු පහසුකම්
# ✅ ඉල්ලුම් කළ යුතු ආකාරය :
=======================
සම්මුඛ පරීක්ෂණ සඳහා ඔබගේ ජීවදත්ත පත්‍රිකාව (CV) සමඟ පහත ස්ථානයන්ට පැමිණෙන්න.
**දිනය:** 2026 ජූනි 16
**වේලාව:** පෙ.ව. 9.00 සිට ප.ව. 1.00 දක්වා
**ස්ථාන:**
- වැලිමඩ කාගිල්ස් ෆුඩ් සිටි
**සම්මුඛ පරීක්ෂණය සඳහා අවශ්‍ය දෑ:**
- අයදුම්පත්‍රය (CV)
- ජාතික හැඳුනුම්පත
- ග්‍රාම නිලධාරී සහතිකය
- පොලිස් සහතිකය
- බැංකු ගිණුමේ පිටපත් දෙකක් (බාල වයස්කාර ගිණුම් සහ බද්ධ ගිණුම් වලංගු නොවේ)
- පාස්පෝට් ප්‍රමාණයේ සුදු පැහැති පසුබිමෙහි ඡායාරූප දෙකක්
- උප්පැන්න සහතිකය
- චරිත සහතිකයක් (මෑතකදී ලබාගත්)
- අධ්‍යාපන සහතික
# 📳 දුරකථන අංකය :
=======================
076 448 6927
077 813 0149
076 740 8168
076 541 6882
# 📧 ඊ-මේල් ලිපිනය :
=======================
careers@cargillsceylon.com
# 📪 ලිපිනය :
=======================
2, සද්ධාවන පාර, මඩිවක, කොළඹ 04
(අපගේ කණ්ඩායම අපගේ ශක්තියයි - Cargills Food City)",,
https://ikman.lk/en/ad/aadhunik-aussdhveedii-shaayk-shaayikaa-vngiykumbur-badulla,"# 💼 තනතුර : ආධුනික ඖෂධවේදී සහායක/සහායිකා
බදුල්ල දිස්ත්‍රික්කයේ පහත සඳහන් තනතුරු සඳහා තරුණ තරුණියන් බඳවා ගනු ලැබේ.
- ආධුනික ඖෂධවේදී සහායක/සහායිකා
# 💠 සුදුසුකම් :
- වයස අවුරුදු 18 - 50 අතර
- අ.පො.ස. සා/පෙළ හෝ අ.පො.ස. උ/පෙළ දක්වා අධ්‍යාපන සුදුසුකම්
# 💠 රැකියාවේ කාර්ය භාරය :
# ✅ ප්‍රතිලාභ :
=======================
ආකර්ශනීය වැටුපක් සහ අනෙකුත් වරප්‍රසාද රැසක් පිරිනැමේ.
- රු. 55,000/- වැඩි ආකර්ෂණීය මාසික වැටුපක්
- ස්ථිර අභාගහයකට ස්ථාවර රැකියාවක්
- පුහුණුව සහ සෙසු පහසුකම්
# ✅ ඉල්ලුම් කළ යුතු ආකාරය :
=======================
සම්මුඛ පරීක්ෂණ සඳහා ඔබගේ ජීවදත්ත පත්‍රිකාව (CV) සමඟ පහත ස්ථානයන්ට පැමිණෙන්න.
**දිනය:** 2026 ජූනි 16
**වේලාව:** පෙ.ව. 9.00 සිට ප.ව. 1.00 දක්වා
**ස්ථාන:**
- කාගිල්ස් එළවළු සහ පලතුරු එකතු කිරීමේ මධ්‍යස්ථානය (කන්දේ පුහුල් පොළ පාර, වංගියකුඹුර, බොරලන්ද)
**සම්මුඛ පරීක්ෂණය සඳහා අවශ්‍ය දෑ:**
- අයදුම්පත්‍රය (CV)
- ජාතික හැඳුනුම්පත
- ග්‍රාම නිලධාරී සහතිකය
- පොලිස් සහතිකය
- බැංකු ගිණුමේ පිටපත් දෙකක් (බාල වයස්කාර ගිණුම් සහ බද්ධ ගිණුම් වලංගු නොවේ)
- පාස්පෝට් ප්‍රමාණයේ සුදු පැහැති පසුබිමෙහි ඡායාරූප දෙකක්
- උප්පැන්න සහතිකය
- චරිත සහතිකයක් (මෑතකදී ලබාගත්)
- අධ්‍යාපන සහතික
# 📳 දුරකථන අංකය :
=======================
076 448 6927
077 813 0149
076 740 8168
076 541 6882
# 📧 ඊ-මේල් ලිපිනය :
=======================
careers@cargillsceylon.com
# 📪 ලිපිනය :
=======================
2, සද්ධාවන පාර, මඩිවක, කොළඹ 04
(අපගේ කණ්ඩායම අපගේ ශක්තියයි - Cargills Food City)",,
https://ikman.lk/en/ad/aadhunik-aussdhveedii-shaayk-shaayikaa-morvk-matara,"# 💼 තනතුර : ආධුනික ඖෂධවේදී සහායක/සහායිකා
මාතර දිස්ත්‍රික්කයේ පහත සඳහන් තනතුරු සඳහා තරුණ තරුණියන් බඳවා ගනු ලැබේ.
- ආධුනික ඖෂධවේදී සහායක/සහායිකා
# 💠 සුදුසුකම් :
- වයස අවුරුදු 18 - 50 අතර
- අ.පො.ස. සා/පෙළ හෝ අ.පො.ස. උ/පෙළ දක්වා අධ්‍යාපන සුදුසුකම්
# ✅ ප්‍රතිලාභ :
=======================
ආකර්ශනීය වැටුපක් සහ අනෙකුත් වරප්‍රසාද රැසක් පිරිනැමේ.
- රු. 55,000/- වැඩි ආකර්ෂණීය මාසික වැටුපක්
- ස්ථිර අභාගහයකට ස්ථාවර රැකියාවක්
- පුහුණුව සහ සෙසු පහසුකම්
# ✅ ඉල්ලුම් කළ යුතු ආකාරය :
=======================
සම්මුඛ පරීක්ෂණ සඳහා ඔබගේ ජීවදත්ත පත්‍රිකාව (CV) සමඟ පහත ස්ථානයන්ට පැමිණෙන්න.
**දිනය:** 2026 ජූනි 12
**වේලාව:** පෙ.ව. 9.00 සිට ප.ව. 1.00 දක්වා
**ස්ථාන:**
- මොරවක කාගිල්ස් ෆුඩ් සිටි
- දෙනියාය කාගිල්ස් ෆුඩ් සිටි
- ඌරුබොක්ක කාගිල්ස් ෆුඩ් සිටි
**සම්මුඛ පරීක්ෂණය සඳහා අවශ්‍ය දෑ:**
- ජාතික හැඳුනුම්පත
- පොලිස් සහතිකය
- උප්පැන්න සහතිකය
- අධ්‍යාපන සහතික පිටපත් දෙකක් (බාලවයස්කාර ගිණුම් සහ බිද්ධ ගිණුම් වලංගු නොවේ)
- හස්පෝට් ප්‍රමාණයේ සුදු පැහැ පසුබිම් සහිත ඡායාරූප දෙකක්
- චරිත සහතිකයක් (කනාදී ආයතනයකින් ලබාගත්)
# 📳 දුරකථන අංකය :
=======================
076 448 6927
077 813 0149
076 740 8168
076 541 6882
# 📧 ඊ-මේල් ලිපිනය :
=======================
careers@cargillsceylon.com
# 📪 ලිපිනය :
=======================
1347, තල්නාකන පාර, මඩිවක, කොළඹ 04
(අපගේ කණ්ඩායම අපගේ ශක්තියයි - Cargills Food City)",,
https://ikman.lk/en/ad/aadhunik-aussdhveedii-shaayk-shaayikaa-deniyaay-matara,"# 💼 තනතුර : ආධුනික ඖෂධවේදී සහායක/සහායිකා
මාතර දිස්ත්‍රික්කයේ පහත සඳහන් තනතුරු සඳහා තරුණ තරුණියන් බඳවා ගනු ලැබේ.
- ආධුනික ඖෂධවේදී සහායක/සහායිකා
# 💠 සුදුසුකම් :
- වයස අවුරුදු 18 - 50 අතර
- අ.පො.ස. සා/පෙළ හෝ අ.පො.ස. උ/පෙළ දක්වා අධ්‍යාපන සුදුසුකම්
# ✅ ප්‍රතිලාභ :
=======================
ආකර්ශනීය වැටුපක් සහ අනෙකුත් වරප්‍රසාද රැසක් පිරිනැමේ.
- රු. 55,000/- වැඩි ආකර්ෂණීය මාසික වැටුපක්
- ස්ථිර අභාගහයකට ස්ථාවර රැකියාවක්
- පුහුණුව සහ සෙසු පහසුකම්
# ✅ ඉල්ලුම් කළ යුතු ආකාරය :
=======================
සම්මුඛ පරීක්ෂණ සඳහා ඔබගේ ජීවදත්ත පත්‍රිකාව (CV) සමඟ පහත ස්ථානයන්ට පැමිණෙන්න.
**දිනය:** 2026 ජූනි 12
**වේලාව:** පෙ.ව. 9.00 සිට ප.ව. 1.00 දක්වා
**ස්ථාන:**
- දෙනියාය කාගිල්ස් ෆුඩ් සිටි
- ඌරුබොක්ක කාගිල්ස් ෆුඩ් සිටි
**සම්මුඛ පරීක්ෂණය සඳහා අවශ්‍ය දෑ:**
- ජාතික හැඳුනුම්පත
- පොලිස් සහතිකය
- උප්පැන්න සහතිකය
- අධ්‍යාපන සහතික පිටපත් දෙකක් (බාලවයස්කාර ගිණුම් සහ බිද්ධ ගිණුම් වලංගු නොවේ)
- හස්පෝට් ප්‍රමාණයේ සුදු පැහැ පසුබිම් සහිත ඡායාරූප දෙකක්
- චරිත සහතිකයක් (කනාදී ආයතනයකින් ලබාගත්)
# 📳 දුරකථන අංකය :
=======================
076 448 6927
077 813 0149
076 740 8168
076 541 6882
# 📧 ඊ-මේල් ලිපිනය :
=======================
careers@cargillsceylon.com
# 📪 ලිපිනය :
=======================
1347, තල්නාකන පාර, මඩිවක, කොළඹ 04
(අපගේ කණ්ඩායම අපගේ ශක්තියයි - Cargills Food City)",,
https://ikman.lk/en/ad/aadhunik-aussdhveedii-shaayk-shaayikaa-uurubokk-matara,"# 💼 තනතුර : ආධුනික ඖෂධවේදී සහායක/සහායිකා
මාතර දිස්ත්‍රික්කයේ පහත සඳහන් තනතුරු සඳහා තරුණ තරුණියන් බඳවා ගනු ලැබේ.
- ආධුනික ඖෂධවේදී සහායක/සහායිකා
# 💠 සුදුසුකම් :
- වයස අවුරුදු 18 - 50 අතර
- අ.පො.ස. සා/පෙළ හෝ අ.පො.ස. උ/පෙළ දක්වා අධ්‍යාපන සුදුසුකම්
# ✅ ප්‍රතිලාභ :
=======================
ආකර්ශනීය වැටුපක් සහ අනෙකුත් වරප්‍රසාද රැසක් පිරිනැමේ.
- රු. 55,000/- වැඩි ආකර්ෂණීය මාසික වැටුපක්
- ස්ථිර අභාගහයකට ස්ථාවර රැකියාවක්
- පුහුණුව සහ සෙසු පහසුකම්
# ✅ ඉල්ලුම් කළ යුතු ආකාරය :
=======================
සම්මුඛ පරීක්ෂණ සඳහා ඔබගේ ජීවදත්ත පත්‍රිකාව (CV) සමඟ පහත ස්ථානයන්ට පැමිණෙන්න.
**දිනය:** 2026 ජූනි 12
**වේලාව:** පෙ.ව. 9.00 සිට ප.ව. 1.00 දක්වා
**ස්ථාන:**
- ඌරුබොක්ක කාගිල්ස් ෆුඩ් සිටි
**සම්මුඛ පරීක්ෂණය සඳහා අවශ්‍ය දෑ:**
- ජාතික හැඳුනුම්පත
- පොලිස් සහතිකය
- උප්පැන්න සහතිකය
- අධ්‍යාපන සහතික පිටපත් දෙකක් (බාලවයස්කාර ගිණුම් සහ බිද්ධ ගිණුම් වලංගු නොවේ)
- හස්පෝට් ප්‍රමාණයේ සුදු පැහැ පසුබිම් සහිත ඡායාරූප දෙකක්
- චරිත සහතිකයක් (කනාදී ආයතනයකින් ලබාගත්)
# 📳 දුරකථන අංකය :
=======================
076 448 6927
077 813 0149
076 740 8168
076 541 6882
# 📧 ඊ-මේල් ලිපිනය :
=======================
careers@cargillsceylon.com
# 📪 ලිපිනය :
=======================
1347, තල්නාකන පාර, මඩිවක, කොළඹ 04
(අපගේ කණ්ඩායම අපගේ ශක්තියයි - Cargills Food City)",,
https://ikman.lk/en/ad/medical-representative-kaduwela-colombo,,,status_502
https://ikman.lk/en/ad/medical-representative-negombo-gampaha,"Kandana Food & Drugs (Pvt) Itd reputed pharmaceuticals company requires a dynamic person to join our pharmaceutical sales team
> Medical Delegate (Experience/Trainee)
Please send in your application with two non related referees to 0761399317 (Whatsapp)
kfdhrnegombo@gmail.com
The Manager
No:14,
1st Cross Street,
Negombo.",,
https://ikman.lk/en/ad/maharagama-baseline-delgoda-ederamulla-colombo,"📢 We Are Hiring
Minimum Qualifications:
✅ Passed G.C.E. Advanced Level (A/L) in Biology or Mathematics stream.
Additional Qualifications (Added Advantage):
✔ SLMC Registration, or
✔ Relevant work experience in the field.",,
https://ikman.lk/en/ad/nurse-panadura-kalutara,"🔹 Key Responsibilities | ප්‍රධාන වගකීම්
• Provide clinical care and administer medication
• Health assessments සහ medical records maintain කිරීම
• Studentsලාට health guidance ලබා දීම
• Parents, staff හා healthcare professionals සමඟ communicate කිරීම
• School hygiene standards maintain කිරීම
🔹 Qualifications | සුදුසුකම්
• BSc in Nursing / Diploma / Associate Degree
• Valid SLMC / SLNC / PHSRC registration
• 1–2 years nursing experience preferred
• Good communication & clinical skills
• School or pediatric experience තිබේ නම් අමතර සුදුසුකමක් වේ
📍 Location: panadura
call for more details - 0740503067",,
https://ikman.lk/en/ad/assistant-pharmacist-colombo-349,"Assistant Pharmacist
Key Job Responsibilities:
- Greeting patients, answering inquiries, and managing over-the-counter medication sales.
- Assisting with filling, packaging, and labeling prescriptions.
- Ordering, receiving, and restocking pharmaceutical products and checking for expired items.
- Operating pharmacy software, handling cash registers, and filing records.
- Maintaining patient confidentiality and adhering to safety protocols.
Qualifications
- Education: GCE O/L and A/L qualifications.
- Certification: Certificate or Diploma in Pharmacy from a recognized institute
- Experience: Prior experience in a retail or hospital pharmacy is advantageous
- Skills: Proficiency in Sinhala and Tamil, and basic computer literacy
Salary
- Rs. 50,000 to Rs. 75,000 per month
Benefits
- Performance bonuses, EPF/ETF
- Accommodation
APPLY NOW
- Address: 37, Frances Road, Colombo – 06
- Telephone: +94 11 255 22 55
- Mobile (WhatsApp): +94 76 22 55 965
- Email: info.sivahomecareandmedicals@gmail.com",,
https://ikman.lk/en/ad/assistant-pharmacist-colombo-346,"We, Shani Pharmacy are currently seeking for candidates for Assistant Pharmacist position
Required:
•	Minimum 2 years’ experience in Pharmacy field.
•      Positions are available for both Male and Female candidates
•	Ability to read prescriptions and issuing medicine under the supervision of the pharmacist.
•	Good communication skills and Interpersonal skills.
•	Knowledge to operate computer and POS system
•	Registered in Medical council will be an added advantage.
•	Full time position
•	Shift work available
•	Salary Rs.50,000/= - to Rs.80,000/=
•	EPF & ETF
•	Salary will be negotiable according to the experience.
Shani Pharmacy, Pannipitiya road, Kalalgoda",,
https://ikman.lk/en/ad/dental-medical-nurse-matara,"රැකියා අවස්ථාව – Dental/Medical Nurse .
Ascent Hospital – Matara
Dental/Medical Nurse  තනතුර සදහා  පූර්ණකාලීන සේවයට අයදුම්කරුවන් කැඳවයි.
අවශ්‍යතා:
O/L හෝ A/L සමත් විය යුතුය.
විවාහික/ අවිවාහික දෙපාර්ශවයටම අයදුම් කළ හැක
වයස: 20 – 30 අතර
Nursing course  එකක් කර තිබීම/ඒ සදහා පළපුරුද්ද තිබීම විශේෂ  සුදුසු කමකි.
පුහුණු සහ නුපුහුණු  ගැහැනු ළමයින් සදහා පමණි...
පුහුණුව ලබා දෙනු ඇත.
වැටුප: රු. 40,000 – 50,000
අතිකාල දීමනා
ETF/EPF ඇතුලත් වේ..
📞 විස්තර සඳහා අමතන්න
0771823517
0412244455",,
https://ikman.lk/en/ad/pharmacy-assistant-female-colombo-2,"Sethpa Pharmacy Private Limited is looking for a motivated and experienced Pharmacy Assistant to join our team.
Requirements:
• Female candidates only
• Minimum 1 year of pharmacy-related experience
• Computer literate
• Ability to handle GRNs
• Good communication and customer service skills
• Ability to work independently and as part of a team
Additional Advantage:
• Ability to work evening shifts up to 9.00 PM
Working Shifts:
• 9.00 AM – 6.00 PM
• 12.00 PM – 9.00 PM
If you meet the above requirements and are interested in joining our team, please apply with your CV and contact details.[WhatsApp your CV to 0713640157]
Only shortlisted candidates will be contacted.
📍Near Sri Jayawardenapura General Hospital",,
https://ikman.lk/en/ad/lab-assistant-jaffna-colombo,"✨ வேலைவாய்ப்பு அறிவிப்பு ✨
🟣 யாழ் நகரில் இயங்கும் பிரபல தனியார் வைத்தியசாலை ஒன்றிற்கு பின்வரும் பணியாளர்கள் அவசரமாக தேவை.
━━━━━━━━━━━━━━━━━━
🔮 RECEPTIONIST (Female)
📌 நல்ல தொடர்புத்திறன் மற்றும் கணினி அறிவு அவசியம்
🔮 CALL CENTER STAFF
📌 தொலைபேசி மூலம் வாடிக்கையாளர் சேவை வழங்கும் திறன் அவசியம்
🔮 CASHIER (Female)
📌 கணக்குப் பதிவு மற்றும் Cash Handling அனுபவம் விரும்பத்தக்கது
🔮 LAB ASSISTANT
📌 தொடர்புடைய துறையில் அடிப்படை அறிவு இருந்தால் முன்னுரிமை
🔮 THEATRE BOY
📌 பொறுப்புணர்வுடன் பணியாற்றக் கூடியவர்கள் விரும்பத்தக்கது
🔮 DENTAL ASSISTANT (Female)
📌 அனுபவம் உள்ளவர்களுக்கு முன்னுரிமை வழங்கப்படும்
🔮 SECURITY STAFF
📌 பகல் / இரவு பணிப்பகுதிகளில் பணியாற்ற தயாராக இருக்க வேண்டும்
━━━━━━━━━━━━━━━━━━
💰 சம்பளம்
நேர்முகத் தேர்வில் பேசி தீர்மானிக்கப்படும்.
📩 உங்கள் சுயவிபரக் கோவையை கீழே வழங்கப்பட்டுள்ள WhatsApp இலக்கத்திற்கு 03/06/2026 க்கு முன்னர் அனுப்பி வைக்கவும்.
📲 WhatsApp / Contact:
074 202 7318",,
https://ikman.lk/en/ad/consultation-assistant-colombo,"Consultation Assistant  – Ninewells Hospital
සුදුසුකම්
අ.පො.ස. උසස් පෙළ සමත් වීම
වසර 1ක Nursing Course / Nursing Assistant Course සම්පූර්ණ කර තිබීම අනිවාර්ය වේ
රෝහල් හෝ සෞඛ්‍ය සේවා ක්ෂේත්‍රයේ පළපුරුද්ද අමතර සුදුසුකමක් වේ
සිංහල හා ඉංග්‍රීසි භාෂා හැකියාව
හොඳ සන්නිවේදන හා පාරිභෝගික සේවා කුසලතා
රෝස්ටර් පදනම මත සේවය කිරීමට හැකියාව
ප්‍රධාන වගකීම්
රෝගීන් පිළිගැනීම සහ උපදේශන ක්‍රියාවලිය සම්බන්ධීකරණය
වෛද්‍යවරුන්ට සහ හෙද කාර්ය මණ්ඩලයට සහාය වීම
රෝගී වාර්තා හා පත්වීම් කළමනාකරණය
රෝගීන්ට මිත්‍රශීලී හා වෘත්තීය සේවාවක් සැපයීම",,
https://ikman.lk/en/ad/hed-seevkaa-nugeegodd-colombo,"🩺 හෙද සේවා රැකියා අවස්ථා –  දිවයින පුරා🏥
ඉතා ඉක්මනින් බඳවා ගැනීම්!
⸻
📍 පැවති පුරප්පාඩු:
•	ආයුර්වේද රෝහල් සහ පෞද්ගලික රෝහල්
•	වැඩිහිටි නිවාස සහ හෙද නිවාස
•	පෞද්ගලික වෛද්‍ය මධ්‍යස්ථාන
⸻
📌 අවශ්‍ය තනතුරු:
✅ හෙදවරු/හෙදවිය
✅ උප හෙදවරු / සාස්තු සේවක සේවිකාරිකාවන්
✅ පුහුණු හෙදවරුන් (අත්දැකීම අවශ්‍ය නොවේ)
⸻
💼 සැපයෙන ප්‍රතිලාභ :
💰 ආකර්ෂණීය වැටුප් පැකේජ (65,000 සිට ඉහළට)
🏡 නවාතැන් පහසුකම් (තෝරාගත් ස්ථාන වලදී)
🍽️ නොමිලේ ආහාර
🚐 ප්‍රවාහන පහසුකම් ලබාදේ
📜 වෘත්තිය සංවර්ධනය සහ සහතික ලබාදීම
⸻
👩‍⚕️ අවශ්‍යතා:
•	හෙද සහතිකය / NVQ සහතිකය (සිදුකරන්නන්ට ප්‍රමුඛත්වය)
•	නවකයින්ටද ඉල්ලුම් කළ හැක
•	මිත්‍රශීලී, සුහදත්වයකින් යුතු වගකීමක් සහිත වැඩ පරිසරය
⸻
📞 ලියාපදිංචි වීමට හා වැඩි විස්තර සඳහා අමතන්න:
074 3077 562
076 4363 883
076 4363 881
076 4363 887
Whats app contact
074 3077 562
076 4363 883
076 4363 881
076 4363 887
⸻
🔹 ඔබේ හෙද සේවා ජීවිතය ආරම්භ කරන්න – අදම අයදුම් කරන්න! 🔹",,
https://ikman.lk/en/ad/hed-seevkaa-borlaesgmuv-colombo-7,"🩺 හෙද සේවා රැකියා අවස්ථා –  දිවයින පුරා🏥
ඉතා ඉක්මනින් බඳවා ගැනීම්!
⸻
📍 පැවති පුරප්පාඩු:
•	ආයුර්වේද රෝහල් සහ පෞද්ගලික රෝහල්
•	වැඩිහිටි නිවාස සහ හෙද නිවාස
•	පෞද්ගලික වෛද්‍ය මධ්‍යස්ථාන
⸻
📌 අවශ්‍ය තනතුරු:
✅ හෙදවරු/හෙදවිය
✅ උප හෙදවරු / සාස්තු සේවක සේවිකාරිකාවන්
✅ පුහුණු හෙදවරුන් (අත්දැකීම අවශ්‍ය නොවේ)
⸻
💼 සැපයෙන ප්‍රතිලාභ :
💰 ආකර්ෂණීය වැටුප් පැකේජ (65,000 සිට ඉහළට)
🏡 නවාතැන් පහසුකම් (තෝරාගත් ස්ථාන වලදී)
🍽️ නොමිලේ ආහාර
🚐 ප්‍රවාහන පහසුකම් ලබාදේ
📜 වෘත්තිය සංවර්ධනය සහ සහතික ලබාදීම
⸻
👩‍⚕️ අවශ්‍යතා:
•	හෙද සහතිකය / NVQ සහතිකය (සිදුකරන්නන්ට ප්‍රමුඛත්වය)
•	නවකයින්ටද ඉල්ලුම් කළ හැක
•	මිත්‍රශීලී, සුහදත්වයකින් යුතු වගකීමක් සහිත වැඩ පරිසරය
⸻
📞 ලියාපදිංචි වීමට හා වැඩි විස්තර සඳහා අමතන්න:
076 4363 881
076 4363 883
076 4363 887
074 3077 562
Whats app contact
076 4363 881
076 4363 883
076 4363 887
074 3077 562
⸻
🔹 ඔබේ හෙද සේවා ජීවිතය ආරම්භ කරන්න – අදම අයදුම් කරන්න! 🔹",,
https://ikman.lk/en/ad/nurses-puttalam,We are seeking a professional and patient-focused Aesthetic Clinic Nurse to support cosmetic and wellness treatments while delivering an exceptional client experience.,,
https://ikman.lk/en/ad/lab-assistant-for-private-medical-center-colombo,"Diploma or Degree in Laboratory Technology or AL bio student
1 year working experience preferred
Full-time availability",,
https://ikman.lk/en/ad/optical-lab-coordinator-colombo,"• Should posses G.C.E O/L &  G.C.E A/L
• Professional qualification in optical field is an added advantage
• Familiarity of optical lens processing and fitting
• Minimum 1-2 years of experience
• Good communication skills (Tamil speaking is an added advantage)
• Candidates around borelasgamuwa area are preferred
• Trainees will also be considered
• Age 22 to 45 years
Call for more details",,
https://ikman.lk/en/ad/nurse-colombo-267,"🔹 Key Responsibilities | ප්‍රධාන වගකීම්
• Provide clinical care and administer medication
• Health assessments සහ medical records maintain කිරීම
• Studentsලාට health guidance ලබා දීම
• Parents, staff හා healthcare professionals සමඟ communicate කිරීම
• School hygiene standards maintain කිරීම
🔹 Qualifications | සුදුසුකම්
• BSc in Nursing / Diploma / Associate Degree
• Valid SLMC / SLNC / PHSRC registration
• 1–2 years nursing experience preferred
• Good communication & clinical skills
• School or pediatric experience තිබේ නම් අමතර සුදුසුකමක් වේ
📍 Location: Nugegoda",,
https://ikman.lk/en/ad/health-assistant-female-nurse-colombo,"🌟 WE ARE HIRING |  🌟
👩‍⚕️ Health Assistant (Female Nurse)
Jeewaka Medical Center is looking for a dedicated and caring Female Nurse / Health Assistant for a full-time position.
🩺 Job Responsibilities
* IV & IM Injections
* Wound Dressing
* Assisting Doctors
* Patient Care Duties
⭐ Benefits
* Attractive & High Salary (Negotiable)
* Accommodation Available
* Shift Basis Work Available
* ❌ No Night Shifts
* Friendly Working Environment
🎓 Nursing Diploma – Optional
🕒 Full Time Position
📍 High Level Road, Delkanda, Nugegoda
📲 Apply via WhatsApp: 077 556 5313
👩‍💼 Contact Person: Mrs. Anushka Dias
---------------------------------------------------------------------------------------------------
🌟 දැන් බඳවා ගනී 🌟
👩‍⚕️ Health Assistant / Female Nurse
Jeewaka Medical Center සඳහා කැපවූ සහ සුහදශීලී කාන්තා හෙද නිලධාරිනියක් / Health Assistant කෙනෙකු අවශ්‍යයි.
🩺 වගකීම්
* IV & IM ලබාදීම
* Wound Dressing කිරීම
* වෛද්‍යවරයාට සහාය වීම
* රෝගී සත්කාර සේවා
⭐ ප්‍රතිලාභ
* ආකර්ෂණීය / ඉහළ වැටුප (සාකච්ඡා කළ හැක)
* නවාතැන් පහසුකම් ඇත
* Shift Basis වැඩ පහසුකම්
* ❌ රාත්‍රී සේවා නොමැත
* හොඳ සේවා පරිසරයක්
🎓 Nursing Diploma තිබීම අමතර සුදුසුකමක් වේ
🕒 Full Time Position
📍 ස්ථානය: High Level Road, Delkanda, Nugegoda
📲 WhatsApp: 077 556 5313
👩‍💼 සම්බන්ධ විය යුතු අය: Mrs. Anushka Dias",,
https://ikman.lk/en/ad/medical-centre-staff-colombo,"➡️ Female Pre-Intern Junior Doctor and Trainee Nurses wanted for New Medical Centre in Colombo.
✔ Immediate Employment!
✔ Relaxed, Easy Day-time work only. Sundays, Holidays off.
✔Ideal for Foreign Graduates doing studies.
➡️ කොළඹ පෞද්ගලික වෛද්‍ය මධ්‍යස්ථානයට හෙදියන් කඩිනමින් බඳවා ගැනේ.
➡️ හෙද/ Care Giver පාඨමාලා කරමින් සිටින සහ සම්පූර්ණ කළ දෙපිරිසටම අයදුම් කළ හැකිය.
➡️ පුහුණුව අනවශ්‍යයි. වෛද්‍යවරුන් විසින් පුහුණුව ලබා දෙයි.
➡️ පුහුණුව සම්පූර්ණ කළ පසු වටිනා සහතිකයක් පිරිනැමේ.
☎️ Call/ Whatsapp:
071-4214847",,
https://ikman.lk/en/ad/ward-assistant-colombo,"වාට්ටු සහායක (Ward Assistant) – Ninewells Hospital
රැකියා වගකීම්
රෝගීන්ගේ දෛනික සත්කාර කටයුතු සඳහා හෙද කාර්ය මණ්ඩලයට සහාය වීම
වාට්ටුවේ පිරිසිදුකම සහ සෞඛ්‍යාරක්ෂාව පවත්වා ගැනීම
රෝගීන්, වෛද්‍ය ලේඛන සහ උපකරණ ප්‍රවාහනයට සහාය වීම
වාට්ටුවේ දෛනික කටයුතු සුමටව පවත්වා ගැනීමට දායක වීම
රෝගීන්ට කාරුණික සහ වෘත්තීයමය සේවාවක් ලබා දීම
අවශ්‍ය සුදුසුකම්
G.C.E. O/L සුදුසුකම් තිබීම වඩාත් සුදුසුය
හොඳ සන්නිවේදන සහ මනුෂ්‍ය සම්බන්ධතා කුසලතා
Shift පදනම මත සේවය කිරීමට හැකියාව
රෝහල් සේවා පළපුරුද්දක් තිබේ නම් අමතර වාසියක්
කරුණාවන්ත හා වගකීම් සහගත පෞරුෂයක්",,
https://ikman.lk/en/ad/retired-doctor-galle,"We are looking for qualified MBBS Retired doctor for Premachandra Medi House Private Hospital.
Requirements :
*MBBS qualification
* SLMC Registration
*Good Communication Skills
* Salary Negotiable
*426/2 Edirisinghe Mawatha,Kurundugaha,Elpitiya
*More Details : 076 646 1373",,
https://ikman.lk/en/ad/mlt-medical-laboratory-tecnician-kaaegll-kegalle,"🏥 රැකියා ඇබෑර්තු – MLT (Medical Laboratory Technician) 🏥
📍කෑගල්ල ප්‍රදේශයේ පිහිටි ප්‍රසිද්ධ වෛද්‍ය මධ්‍යස්ථානයක MLT (Medical Laboratory Tecnician) තනතුර සඳහා රැකියා ඇබෑර්තු ඇත.
🔹සුදුසුකම්
✔️ වයස අවුරුදු 18 – 35 අතර විය යුතුය
✔️ උසස් පෙළ විභාගයට පෙනී සිටි තිබිය යුතුය
✔️ MLT / Laboratory සම්බන්ධ පාඨමාලාවක් හදාරා ඇති අය සඳහා ප්‍රමුඛත්වය
✔️ අදාළ ක්ෂේත්‍රයේ පලපුරුද්ද ඇති අය සඳහා විශේෂ වාසියක්
✔️ පුහුණු / නුපුහුණු ගැහැණු හා පිරිමි දෙපාර්ශ්වයටම අයදුම් කළ හැකිය
✔️ ඉංග්‍රීසි දැනුමක් තිබේ නම් වාසිදායක වේ
💰 ආකර්ශනීය වැටුපක්
📈 වෘත්තීය දියුණුව සඳහා අවස්ථා
🛡️ ආරක්ෂිත හා සුහදශීලී සේවා පරිසරයක්
📞 වැඩි විස්තර සඳහා අමතන්න
☎️ 070 463 6235
☎️ 074 124 3099
📲 ඔබගේ අයදුම් පත්‍රය අදම WhatsApp කරන්න
📩 076 966 4065",,
https://ikman.lk/en/ad/giln-rth-seevy-sndhaa-hed-nildhaariin-colombo,"ගිලන් රථ සේවය සඳහා හෙද නිලධාරීන් බඳවා ගැනීම
ශ්‍රී ලංකාවේ පෞද්ගලික ගිලන් රථ සේවා ක්ෂේත්‍රයේ විශාලතම හා ප්‍රමුඛතම ගිලන් රථ සංඛ්‍යාවක් හිමි රෝයල් නර්සින් හෝම් (පුද්ගලික) සමාගම විසින් අපගේ ගිලන් රථ සේවාව සඳහා පළපුරුදු හෙද නිලධාරීන් බඳවා ගනු ලැබේ.
අවශ්‍ය සුදුසුකම්
• අවම වශයෙන් NVQ Level 4 හෙද පුහුණු සහතිකයක් තිබිය යුතුය.
• හෙද සේවාව පිළිබඳ වසර 5කට වැඩි වෘත්තීය පළපුරුද්දක් තිබිය යුතුය.
• වයස අවුරුදු 55ට අඩු විය යුතුය.
• Paramedical / EMT පුහුණුවලත් අය සඳහා විශේෂ ප්‍රමුඛතාවය හිමි වේ.
• ශ්‍රී ලංකා හෙද සභාවේ ලියාපදිංචි හෙද නිලධාරීන් සඳහා ප්‍රමුඛතාවය සහ විශේෂ වැටුප් දීමනා ලබා දෙනු ලැබේ.
සේවා කාලය සහ වැටුප්
සේවා කාලය: පෙ.ව. 7.00 සිට ප.ව. 7.00 දක්වා
මූලික වැටුප සහ අනෙකුත් දීමනා සමඟ මාසික ආදායම
රු. 75,000/- සිට රු. 120,000/- දක්වා
සුදුසුකම් සහ පළපුරුද්ද අනුව වැටුප් සහ දීමනා තීරණය කරනු ලැබේ.
අයදුම් කිරීම
සියලු විස්තර සහිත අයදුම්පත mail@royalnursinghome.com ලිපිනයට යොමු කරන්න වැඩි විස්තර සඳහා 0703789200, 0716101010 අමතන්න
සම්මුඛ පරීක්ෂණ සඳහා
රෝයල් නර්සින් හෝම් (පුද්ගලික) සමාගම
අංක 52, ඩී සේරම් පාර,
ගල්කිස්ස.",,
https://ikman.lk/en/ad/pharmacy-assistant-maavtgm-kurunegala,"රැකියා ඇබෑර්තු
රැකියාවක් බලාපොරොත්තුවෙන් සිටින ඔබට මෙන්න හොඳම අවස්ථාවක්
🔅මාවතගම ප්‍රදේශයේ පිහිටි ඔසුසලක ෆාමසි ඇසිස්ටන්ට් තනතුර සඳහා රැකියා ඇබෑර්තු ඇත.
📌 සුදුසුකම්
✔️ වයස අවුරුදු 18ත් 35ත් අතර
✔️ උසස් පෙළ විභාගය සඳහා විද්‍යා අංශයෙන් පෙනී සිටි
✔️ පුහුණු / නුපුහුණු
✔️ ගැහැණු / පිරිමි දෙපාර්ශ්වය සඳහාම අයදුම් කළ හැකිය
💰 ආකර්ශනීය වැටුපක්
🛡️ ආරක්ෂිත සුහදශීලී සේවා පරිසරයක්
📚 පුහුණුව හා අත්දැකීම් ලබාගැනීමේ අවස්ථාව
📞 වැඩි විස්තර සඳහා අමතන්න
☎️ 070 463 6235
📲 ඔබගේ අයදුම් පත්‍රය අදම WhatsApp කරන්න
📩 076 966 4065",,
https://ikman.lk/en/ad/pharmacist-assistant-job-for-in-hokandara-athurugiriya-malabe-colombo,"Pharmacist Assistant
=================
Green I Pharmacy
Full Time
Required Qualification
- G.C.E. (O/L) / ( A/L)
- Previous Experience in Pharmacy Setting  Priority
- Good  Communication Skills
-  Salary Based on Experience
Interested candidates for more Information 0773165092",,
https://ikman.lk/en/ad/lab-assistant-gampaha,"to help develop new products, අලුත් නිෂ්පාදනයක් සංවර්ධනය කිරීමේ පියවර
WhatsApp 0n 077 3209218",,
https://ikman.lk/en/ad/dental-surgery-assistant-colombo-2,"Vacancy available for a female dental surgery assistant.
Need assisting during dental treatments.
Cleaning and sterilization.
Managing appointments",,
https://ikman.lk/en/ad/aadhunik-aussdhveedii-shaayk-shaayikaa-anuradhapura,"# 💼 තනතුර :  ආධුනික ඖෂධවේදී සහායක/සහායිකා
=======================
# 💠 සුදුසුකම් :
【~】✪ වයස අවුරුදු 18 - 50 අතර වීම.
【~】✪ අ.පො.ස. සාමාන්ය පෙළ හෝ උසස් පෙළ සමත් වීම.
# 💠 රැකියාවේ කාර්ය භාරය :
【~】✪ Cargills Food City හි පවරනු ලබන කාර්යයන් නිසි ලෙස ක්‍රියාත්මක කිරීම.
【~】✪ පාරිභෝගික සේවා කටයුතු වලදී සහයෝගය දැක්වීම.
【~】✪ අදාළ තනතුරු සඳහා අවශ්‍ය වෙනත් කාර්යයන් ඉටු කිරීම.
# ✅ ප්‍රතිලාභ :
【~】✪ ආකර්ශනීය මාසික වැටුපක් (රු. 30,000 + දිරි දීමනා + අතිකාල දීමනා + පැමිණීමේ දීමනා)
【~】✪ ස්ථිර අනාගතයක් සඳහා අවස්ථාව.
【~】✪ රැකියා ජීවිතයේ දියුණුවීමේ අවස්ථා.
# ✅ ඉල්ලුම් කළ යුතු ආකාරය :
ඉහත තනතුරු සඳහා සුදුසුම පුද්ගලයා ඔබ නම්, පහත සඳහන් සම්මුඛ පරීක්ෂණ ස්ථාන වලට ඔබගේ ජීවදත්ත පත්‍රිකාව (CV) සමඟ අදාළ දිනයන්හි පෙ.ව. 9.00 සිට ප.ව. 1.00 දක්වා පැමිණෙන්න.
# 📅 සම්මුඛ පරීක්ෂණ දිනය සහ වේලාව :
2026 මැයි 26
# 📪 සම්මුඛ පරීක්ෂණ ස්ථාන :
【~】✪  කැකිරාව සංස්කෘතික ශාලාව
【~】✪  අනුරාධපුර කාගිල්ස් ෆුඩ් සිටි (බැංකු හන්දිය)
【~】✪  නොච්චියාගම කාගිල්ස් ෆුඩ් සිටි
【~】✪  සම්මුඛ පරීක්ෂණය සඳහා රැගෙන එන ලියකියවිලි (පළමු සම්මුඛ පරීක්ෂණය සඳහා  අත්‍යවශ්‍ය නොවේ
- අයදුම්පත්‍රය (CV)
- ජාතික හැඳුනුම්පත
- ග්‍රාම නිලධාරී සහතිකය / පොලිස් සහතිකය
- බැංකු ගිණුමේ පිටපත් දෙකක් (බාලවයස්කාර ගිණුම් සහ බද්ධ ගිණුම් වලංගු නොවේ)
- පාස්පෝට් ප්‍රමාණයේ කහ පැහැති පසුබිමෙහි ඡායාරූප දෙකක්
- උප්පැන්න සහතිකය
- චරිත සහතිකයක් (මෑතකදී ලබා ගත්)
- අධ්‍යාපන සහතික
＃📳 දුරකථන අංකය :
076 448 6927 / 077 114 9247 / 076 740 8168 / 076 541 6882
＃ 📧 ඊ-මේල් ලිපිනය :
careers@cargillsceylon.com
# 📪 ලිපිනය :
කාගිල්ස් බඳවා ගැනීමේ සහ පුහුණු මධ්‍යස්ථානය,
2 වන මහල - දේවි ගොඩනැගිල්ල,
142, බෞද්ධාලෝක මාවත, බම්බලපිටිය, කොළඹ 04
(2 වන මහල - බෞද්ධාලෝක මාවත කාගිල්ස් ශාඛාව)",,
https://ikman.lk/en/ad/aadhunik-aussdhveedii-shaayk-shaayikaa-anuradhapura-1,"# 💼 තනතුර :  ආධුනික ඖෂධවේදී සහායක/සහායිකා
=======================
# 💠 සුදුසුකම් :
【~】✪ වයස අවුරුදු 18 - 50 අතර වීම.
【~】✪ අ.පො.ස. සාමාන්ය පෙළ හෝ උසස් පෙළ සමත් වීම.
# 💠 රැකියාවේ කාර්ය භාරය :
【~】✪ Cargills Food City හි පවරනු ලබන කාර්යයන් නිසි ලෙස ක්‍රියාත්මක කිරීම.
【~】✪ පාරිභෝගික සේවා කටයුතු වලදී සහයෝගය දැක්වීම.
【~】✪ අදාළ තනතුරු සඳහා අවශ්‍ය වෙනත් කාර්යයන් ඉටු කිරීම.
# ✅ ප්‍රතිලාභ :
【~】✪ ආකර්ශනීය මාසික වැටුපක් (රු. 30,000 + දිරි දීමනා + අතිකාල දීමනා + පැමිණීමේ දීමනා)
【~】✪ ස්ථිර අනාගතයක් සඳහා අවස්ථාව.
【~】✪ රැකියා ජීවිතයේ දියුණුවීමේ අවස්ථා.
# ✅ ඉල්ලුම් කළ යුතු ආකාරය :
ඉහත තනතුරු සඳහා සුදුසුම පුද්ගලයා ඔබ නම්, පහත සඳහන් සම්මුඛ පරීක්ෂණ ස්ථාන වලට ඔබගේ ජීවදත්ත පත්‍රිකාව (CV) සමඟ අදාළ දිනයන්හි පෙ.ව. 9.00 සිට ප.ව. 1.00 දක්වා පැමිණෙන්න.
# 📅 සම්මුඛ පරීක්ෂණ දිනය සහ වේලාව :
2026 මැයි 26
# 📪 සම්මුඛ පරීක්ෂණ ස්ථාන :
【~】✪  කැකිරාව සංස්කෘතික ශාලාව
【~】✪  අනුරාධපුර කාගිල්ස් ෆුඩ් සිටි (බැංකු හන්දිය)
【~】✪  නොච්චියාගම කාගිල්ස් ෆුඩ් සිටි
【~】✪  සම්මුඛ පරීක්ෂණය සඳහා රැගෙන එන ලියකියවිලි (පළමු සම්මුඛ පරීක්ෂණය සඳහා  අත්‍යවශ්‍ය නොවේ
- අයදුම්පත්‍රය (CV)
- ජාතික හැඳුනුම්පත
- ග්‍රාම නිලධාරී සහතිකය / පොලිස් සහතිකය
- බැංකු ගිණුමේ පිටපත් දෙකක් (බාලවයස්කාර ගිණුම් සහ බද්ධ ගිණුම් වලංගු නොවේ)
- පාස්පෝට් ප්‍රමාණයේ කහ පැහැති පසුබිමෙහි ඡායාරූප දෙකක්
- උප්පැන්න සහතිකය
- චරිත සහතිකයක් (මෑතකදී ලබා ගත්)
- අධ්‍යාපන සහතික
＃📳 දුරකථන අංකය :
076 448 6927 / 077 114 9247 / 076 740 8168 / 076 541 6882
＃ 📧 ඊ-මේල් ලිපිනය :
careers@cargillsceylon.com
# 📪 ලිපිනය :
කාගිල්ස් බඳවා ගැනීමේ සහ පුහුණු මධ්‍යස්ථානය,
2 වන මහල - දේවි ගොඩනැගිල්ල,
142, බෞද්ධාලෝක මාවත, බම්බලපිටිය, කොළඹ 04
(2 වන මහල - බෞද්ධාලෝක මාවත කාගිල්ස් ශාඛාව)",,
https://ikman.lk/en/ad/aadhunik-aussdhveedii-shaayk-shaayikaa-anuradhapura-2,"# 💼 තනතුර :  ආධුනික ඖෂධවේදී සහායක/සහායිකා
=======================
# 💠 සුදුසුකම් :
【~】✪ වයස අවුරුදු 18 - 50 අතර වීම.
【~】✪ අ.පො.ස. සාමාන්ය පෙළ හෝ උසස් පෙළ සමත් වීම.
# 💠 රැකියාවේ කාර්ය භාරය :
【~】✪ Cargills Food City හි පවරනු ලබන කාර්යයන් නිසි ලෙස ක්‍රියාත්මක කිරීම.
【~】✪ පාරිභෝගික සේවා කටයුතු වලදී සහයෝගය දැක්වීම.
【~】✪ අදාළ තනතුරු සඳහා අවශ්‍ය වෙනත් කාර්යයන් ඉටු කිරීම.
# ✅ ප්‍රතිලාභ :
【~】✪ ආකර්ශනීය මාසික වැටුපක් (රු. 30,000 + දිරි දීමනා + අතිකාල දීමනා + පැමිණීමේ දීමනා)
【~】✪ ස්ථිර අනාගතයක් සඳහා අවස්ථාව.
【~】✪ රැකියා ජීවිතයේ දියුණුවීමේ අවස්ථා.
# ✅ ඉල්ලුම් කළ යුතු ආකාරය :
ඉහත තනතුරු සඳහා සුදුසුම පුද්ගලයා ඔබ නම්, පහත සඳහන් සම්මුඛ පරීක්ෂණ ස්ථාන වලට ඔබගේ ජීවදත්ත පත්‍රිකාව (CV) සමඟ අදාළ දිනයන්හි පෙ.ව. 9.00 සිට ප.ව. 1.00 දක්වා පැමිණෙන්න.
# 📅 සම්මුඛ පරීක්ෂණ දිනය සහ වේලාව :
2026 මැයි 26
# 📪 සම්මුඛ පරීක්ෂණ ස්ථාන :
【~】✪  කැකිරාව සංස්කෘතික ශාලාව
【~】✪  අනුරාධපුර කාගිල්ස් ෆුඩ් සිටි (බැංකු හන්දිය)
【~】✪  නොච්චියාගම කාගිල්ස් ෆුඩ් සිටි
【~】✪  සම්මුඛ පරීක්ෂණය සඳහා රැගෙන එන ලියකියවිලි (පළමු සම්මුඛ පරීක්ෂණය සඳහා  අත්‍යවශ්‍ය නොවේ
- අයදුම්පත්‍රය (CV)
- ජාතික හැඳුනුම්පත
- ග්‍රාම නිලධාරී සහතිකය / පොලිස් සහතිකය
- බැංකු ගිණුමේ පිටපත් දෙකක් (බාලවයස්කාර ගිණුම් සහ බද්ධ ගිණුම් වලංගු නොවේ)
- පාස්පෝට් ප්‍රමාණයේ කහ පැහැති පසුබිමෙහි ඡායාරූප දෙකක්
- උප්පැන්න සහතිකය
- චරිත සහතිකයක් (මෑතකදී ලබා ගත්)
- අධ්‍යාපන සහතික
＃📳 දුරකථන අංකය :
076 448 6927 / 077 114 9247 / 076 740 8168 / 076 541 6882
＃ 📧 ඊ-මේල් ලිපිනය :
careers@cargillsceylon.com
# 📪 ලිපිනය :
කාගිල්ස් බඳවා ගැනීමේ සහ පුහුණු මධ්‍යස්ථානය,
2 වන මහල - දේවි ගොඩනැගිල්ල,
142, බෞද්ධාලෝක මාවත, බම්බලපිටිය, කොළඹ 04
(2 වන මහල - බෞද්ධාලෝක මාවත කාගිල්ස් ශාඛාව)",,
https://ikman.lk/en/ad/aadhunik-aussdhveedii-shaayk-shaayikaa-polonnaruwa,"# 💼 තනතුර :  ආධුනික ඖෂධවේදී සහායක/සහායිකා
=======================
# 💠 සුදුසුකම් :
【~】✪ වයස අවුරුදු 18 - 50 අතර වීම.
【~】✪ අ.පො.ස. සාමාන්ය පෙළ හෝ උසස් පෙළ සමත් වීම.
# 💠 රැකියාවේ කාර්ය භාරය :
【~】✪ Cargills Food City හි පවරනු ලබන කාර්යයන් නිසි ලෙස ක්‍රියාත්මක කිරීම.
【~】✪ පාරිභෝගික සේවා කටයුතු වලදී සහයෝගය දැක්වීම.
【~】✪ අදාළ තනතුරු සඳහා අවශ්‍ය වෙනත් කාර්යයන් ඉටු කිරීම.
# ✅ ප්‍රතිලාභ :
【~】✪ ආකර්ශනීය මාසික වැටුපක් (රු. 30,000 + දිරි දීමනා + අතිකාල දීමනා + පැමිණීමේ දීමනා)
【~】✪ ස්ථිර අනාගතයක් සඳහා අවස්ථාව.
【~】✪ රැකියා ජීවිතයේ දියුණුවීමේ අවස්ථා.
# ✅ ඉල්ලුම් කළ යුතු ආකාරය :
ඉහත තනතුරු සඳහා සුදුසුම පුද්ගලයා ඔබ නම්, පහත සඳහන් සම්මුඛ පරීක්ෂණ ස්ථාන වලට ඔබගේ ජීවදත්ත පත්‍රිකාව (CV) සමඟ අදාළ දිනයන්හි පෙ.ව. 9.00 සිට ප.ව. 1.00 දක්වා පැමිණෙන්න.
# 📅 සම්මුඛ පරීක්ෂණ දිනය සහ වේලාව :
2026 මැයි 27
# 📪 සම්මුඛ පරීක්ෂණ ස්ථාන :
【~】✪ හිඟුරක්ගොඩ කාගිල්ස් ෆුඩ් සිටි
【~】✪ වැලිකන්ද ප්‍රාදේශීය ලේකම් කාර්යාලය
【~】✪  පොළොන්නරුව KFC
【~】✪  සම්මුඛ පරීක්ෂණය සඳහා රැගෙන එන ලියකියවිලි (පළමු සම්මුඛ පරීක්ෂණය සඳහා  අත්‍යවශ්‍ය නොවේ
- අයදුම්පත්‍රය (CV)
- ජාතික හැඳුනුම්පත
- ග්‍රාම නිලධාරී සහතිකය / පොලිස් සහතිකය
- බැංකු ගිණුමේ පිටපත් දෙකක් (බාලවයස්කාර ගිණුම් සහ බද්ධ ගිණුම් වලංගු නොවේ)
- පාස්පෝට් ප්‍රමාණයේ කහ පැහැති පසුබිමෙහි ඡායාරූප දෙකක්
- උප්පැන්න සහතිකය
- චරිත සහතිකයක් (මෑතකදී ලබා ගත්)
- අධ්‍යාපන සහතික
＃📳 දුරකථන අංකය :
076 448 6927 / 077 114 9247 / 076 740 8168 / 076 541 6882
＃ 📧 ඊ-මේල් ලිපිනය :
careers@cargillsceylon.com
# 📪 ලිපිනය :
කාගිල්ස් බඳවා ගැනීමේ සහ පුහුණු මධ්‍යස්ථානය,
2 වන මහල - දේවි ගොඩනැගිල්ල,
142, බෞද්ධාලෝක මාවත, බම්බලපිටිය, කොළඹ 04
(2 වන මහල - බෞද්ධාලෝක මාවත කාගිල්ස් ශාඛාව)",,
https://ikman.lk/en/ad/aadhunik-aussdhveedii-shaayk-shaayikaa-polonnaruwa-1,"# 💼 තනතුර :  ආධුනික ඖෂධවේදී සහායක/සහායිකා
=======================
# 💠 සුදුසුකම් :
【~】✪ වයස අවුරුදු 18 - 50 අතර වීම.
【~】✪ අ.පො.ස. සාමාන්ය පෙළ හෝ උසස් පෙළ සමත් වීම.
# 💠 රැකියාවේ කාර්ය භාරය :
【~】✪ Cargills Food City හි පවරනු ලබන කාර්යයන් නිසි ලෙස ක්‍රියාත්මක කිරීම.
【~】✪ පාරිභෝගික සේවා කටයුතු වලදී සහයෝගය දැක්වීම.
【~】✪ අදාළ තනතුරු සඳහා අවශ්‍ය වෙනත් කාර්යයන් ඉටු කිරීම.
# ✅ ප්‍රතිලාභ :
【~】✪ ආකර්ශනීය මාසික වැටුපක් (රු. 30,000 + දිරි දීමනා + අතිකාල දීමනා + පැමිණීමේ දීමනා)
【~】✪ ස්ථිර අනාගතයක් සඳහා අවස්ථාව.
【~】✪ රැකියා ජීවිතයේ දියුණුවීමේ අවස්ථා.
# ✅ ඉල්ලුම් කළ යුතු ආකාරය :
ඉහත තනතුරු සඳහා සුදුසුම පුද්ගලයා ඔබ නම්, පහත සඳහන් සම්මුඛ පරීක්ෂණ ස්ථාන වලට ඔබගේ ජීවදත්ත පත්‍රිකාව (CV) සමඟ අදාළ දිනයන්හි පෙ.ව. 9.00 සිට ප.ව. 1.00 දක්වා පැමිණෙන්න.
# 📅 සම්මුඛ පරීක්ෂණ දිනය සහ වේලාව :
2026 මැයි 27
# 📪 සම්මුඛ පරීක්ෂණ ස්ථාන :
【~】✪ හිඟුරක්ගොඩ කාගිල්ස් ෆුඩ් සිටි
【~】✪ වැලිකන්ද ප්‍රාදේශීය ලේකම් කාර්යාලය
【~】✪  පොළොන්නරුව KFC
【~】✪  සම්මුඛ පරීක්ෂණය සඳහා රැගෙන එන ලියකියවිලි (පළමු සම්මුඛ පරීක්ෂණය සඳහා  අත්‍යවශ්‍ය නොවේ
- අයදුම්පත්‍රය (CV)
- ජාතික හැඳුනුම්පත
- ග්‍රාම නිලධාරී සහතිකය / පොලිස් සහතිකය
- බැංකු ගිණුමේ පිටපත් දෙකක් (බාලවයස්කාර ගිණුම් සහ බද්ධ ගිණුම් වලංගු නොවේ)
- පාස්පෝට් ප්‍රමාණයේ කහ පැහැති පසුබිමෙහි ඡායාරූප දෙකක්
- උප්පැන්න සහතිකය
- චරිත සහතිකයක් (මෑතකදී ලබා ගත්)
- අධ්‍යාපන සහතික
＃📳 දුරකථන අංකය :
076 448 6927 / 077 114 9247 / 076 740 8168 / 076 541 6882
＃ 📧 ඊ-මේල් ලිපිනය :
careers@cargillsceylon.com
# 📪 ලිපිනය :
කාගිල්ස් බඳවා ගැනීමේ සහ පුහුණු මධ්‍යස්ථානය,
2 වන මහල - දේවි ගොඩනැගිල්ල,
142, බෞද්ධාලෝක මාවත, බම්බලපිටිය, කොළඹ 04
(2 වන මහල - බෞද්ධාලෝක මාවත කාගිල්ස් ශාඛාව)",,
https://ikman.lk/en/ad/aadhunik-aussdhveedii-shaayk-shaayikaa-polonnaruwa-2,"# 💼 තනතුර :  ආධුනික ඖෂධවේදී සහායක/සහායිකා
=======================
# 💠 සුදුසුකම් :
【~】✪ වයස අවුරුදු 18 - 50 අතර වීම.
【~】✪ අ.පො.ස. සාමාන්ය පෙළ හෝ උසස් පෙළ සමත් වීම.
# 💠 රැකියාවේ කාර්ය භාරය :
【~】✪ Cargills Food City හි පවරනු ලබන කාර්යයන් නිසි ලෙස ක්‍රියාත්මක කිරීම.
【~】✪ පාරිභෝගික සේවා කටයුතු වලදී සහයෝගය දැක්වීම.
【~】✪ අදාළ තනතුරු සඳහා අවශ්‍ය වෙනත් කාර්යයන් ඉටු කිරීම.
# ✅ ප්‍රතිලාභ :
【~】✪ ආකර්ශනීය මාසික වැටුපක් (රු. 30,000 + දිරි දීමනා + අතිකාල දීමනා + පැමිණීමේ දීමනා)
【~】✪ ස්ථිර අනාගතයක් සඳහා අවස්ථාව.
【~】✪ රැකියා ජීවිතයේ දියුණුවීමේ අවස්ථා.
# ✅ ඉල්ලුම් කළ යුතු ආකාරය :
ඉහත තනතුරු සඳහා සුදුසුම පුද්ගලයා ඔබ නම්, පහත සඳහන් සම්මුඛ පරීක්ෂණ ස්ථාන වලට ඔබගේ ජීවදත්ත පත්‍රිකාව (CV) සමඟ අදාළ දිනයන්හි පෙ.ව. 9.00 සිට ප.ව. 1.00 දක්වා පැමිණෙන්න.
# 📅 සම්මුඛ පරීක්ෂණ දිනය සහ වේලාව :
2026 මැයි 27
# 📪 සම්මුඛ පරීක්ෂණ ස්ථාන :
【~】✪ හිඟුරක්ගොඩ කාගිල්ස් ෆුඩ් සිටි
【~】✪ වැලිකන්ද ප්‍රාදේශීය ලේකම් කාර්යාලය
【~】✪  පොළොන්නරුව KFC
【~】✪  සම්මුඛ පරීක්ෂණය සඳහා රැගෙන එන ලියකියවිලි (පළමු සම්මුඛ පරීක්ෂණය සඳහා  අත්‍යවශ්‍ය නොවේ
- අයදුම්පත්‍රය (CV)
- ජාතික හැඳුනුම්පත
- ග්‍රාම නිලධාරී සහතිකය / පොලිස් සහතිකය
- බැංකු ගිණුමේ පිටපත් දෙකක් (බාලවයස්කාර ගිණුම් සහ බද්ධ ගිණුම් වලංගු නොවේ)
- පාස්පෝට් ප්‍රමාණයේ කහ පැහැති පසුබිමෙහි ඡායාරූප දෙකක්
- උප්පැන්න සහතිකය
- චරිත සහතිකයක් (මෑතකදී ලබා ගත්)
- අධ්‍යාපන සහතික
＃📳 දුරකථන අංකය :
076 448 6927 / 077 114 9247 / 076 740 8168 / 076 541 6882
＃ 📧 ඊ-මේල් ලිපිනය :
careers@cargillsceylon.com
# 📪 ලිපිනය :
කාගිල්ස් බඳවා ගැනීමේ සහ පුහුණු මධ්‍යස්ථානය,
2 වන මහල - දේවි ගොඩනැගිල්ල,
142, බෞද්ධාලෝක මාවත, බම්බලපිටිය, කොළඹ 04
(2 වන මහල - බෞද්ධාලෝක මාවත කාගිල්ස් ශාඛාව)",,
https://ikman.lk/en/ad/aadhunik-aussdhveedii-shaayk-shaayikaa-monaragala-2,"# 💼 තනතුර :  ආධුනික ඖෂධවේදී සහායක/සහායිකා
=======================
# 💠 සුදුසුකම් :
【~】✪ වයස අවුරුදු 18 - 50 අතර වීම.
【~】✪ අ.පො.ස. සාමාන්ය පෙළ හෝ උසස් පෙළ සමත් වීම.
# 💠 රැකියාවේ කාර්ය භාරය :
【~】✪ Cargills Food City හි පවරනු ලබන කාර්යයන් නිසි ලෙස ක්‍රියාත්මක කිරීම.
【~】✪ පාරිභෝගික සේවා කටයුතු වලදී සහයෝගය දැක්වීම.
【~】✪ අදාළ තනතුරු සඳහා අවශ්‍ය වෙනත් කාර්යයන් ඉටු කිරීම.
# ✅ ප්‍රතිලාභ :
【~】✪ ආකර්ශනීය මාසික වැටුපක් (රු. 30,000 + දිරි දීමනා + අතිකාල දීමනා + පැමිණීමේ දීමනා)
【~】✪ ස්ථිර අනාගතයක් සඳහා අවස්ථාව.
【~】✪ රැකියා ජීවිතයේ දියුණුවීමේ අවස්ථා.
# ✅ ඉල්ලුම් කළ යුතු ආකාරය :
ඉහත තනතුරු සඳහා සුදුසුම පුද්ගලයා ඔබ නම්, පහත සඳහන් සම්මුඛ පරීක්ෂණ ස්ථාන වලට ඔබගේ ජීවදත්ත පත්‍රිකාව (CV) සමඟ අදාළ දිනයන්හි පෙ.ව. 9.00 සිට ප.ව. 1.00 දක්වා පැමිණෙන්න.
# 📅 සම්මුඛ පරීක්ෂණ දිනය සහ වේලාව :
2026 මැයි 19
# 📪 සම්මුඛ පරීක්ෂණ ස්ථාන :
【~】✪  වැල්ලවාය කාගිල්ස් ෆුඩ් සිටි
【~】✪ මොණරාගල කාගිල්ස් ෆුඩ් සිටි
【~】✪   බිබිල කාගිල්ස් ෆුඩ් සිටි
.
【~】✪  සම්මුඛ පරීක්ෂණය සඳහා රැගෙන එන ලියකියවිලි (පළමු සම්මුඛ පරීක්ෂණය සඳහා  අත්‍යවශ්‍ය නොවේ
- අයදුම්පත්‍රය (CV)
- ජාතික හැඳුනුම්පත
- ග්‍රාම නිලධාරී සහතිකය / පොලිස් සහතිකය
- බැංකු ගිණුමේ පිටපත් දෙකක් (බාලවයස්කාර ගිණුම් සහ බද්ධ ගිණුම් වලංගු නොවේ)
- පාස්පෝට් ප්‍රමාණයේ කහ පැහැති පසුබිමෙහි ඡායාරූප දෙකක්
- උප්පැන්න සහතිකය
- චරිත සහතිකයක් (මෑතකදී ලබා ගත්)
- අධ්‍යාපන සහතික
＃📳 දුරකථන අංකය :
076 448 6927 / 077 114 9247 / 076 740 8168 / 076 541 6882
＃ 📧 ඊ-මේල් ලිපිනය :
careers@cargillsceylon.com
# 📪 ලිපිනය :
කාගිල්ස් බඳවා ගැනීමේ සහ පුහුණු මධ්‍යස්ථානය,
2 වන මහල - දේවි ගොඩනැගිල්ල,
142, බෞද්ධාලෝක මාවත, බම්බලපිටිය, කොළඹ 04
(2 වන මහල - බෞද්ධාලෝක මාවත කාගිල්ස් ශාඛාව)",,
https://ikman.lk/en/ad/aadhunik-aussdhveedii-shaayk-shaayikaa-monaragala-1,"# 💼 තනතුර :  ආධුනික ඖෂධවේදී සහායක/සහායිකා
=======================
# 💠 සුදුසුකම් :
【~】✪ වයස අවුරුදු 18 - 50 අතර වීම.
【~】✪ අ.පො.ස. සාමාන්ය පෙළ හෝ උසස් පෙළ සමත් වීම.
# 💠 රැකියාවේ කාර්ය භාරය :
【~】✪ Cargills Food City හි පවරනු ලබන කාර්යයන් නිසි ලෙස ක්‍රියාත්මක කිරීම.
【~】✪ පාරිභෝගික සේවා කටයුතු වලදී සහයෝගය දැක්වීම.
【~】✪ අදාළ තනතුරු සඳහා අවශ්‍ය වෙනත් කාර්යයන් ඉටු කිරීම.
# ✅ ප්‍රතිලාභ :
【~】✪ ආකර්ශනීය මාසික වැටුපක් (රු. 30,000 + දිරි දීමනා + අතිකාල දීමනා + පැමිණීමේ දීමනා)
【~】✪ ස්ථිර අනාගතයක් සඳහා අවස්ථාව.
【~】✪ රැකියා ජීවිතයේ දියුණුවීමේ අවස්ථා.
# ✅ ඉල්ලුම් කළ යුතු ආකාරය :
ඉහත තනතුරු සඳහා සුදුසුම පුද්ගලයා ඔබ නම්, පහත සඳහන් සම්මුඛ පරීක්ෂණ ස්ථාන වලට ඔබගේ ජීවදත්ත පත්‍රිකාව (CV) සමඟ අදාළ දිනයන්හි පෙ.ව. 9.00 සිට ප.ව. 1.00 දක්වා පැමිණෙන්න.
# 📅 සම්මුඛ පරීක්ෂණ දිනය සහ වේලාව :
2026 මැයි 19
# 📪 සම්මුඛ පරීක්ෂණ ස්ථාන :
【~】✪  වැල්ලවාය කාගිල්ස් ෆුඩ් සිටි
【~】✪ මොණරාගල කාගිල්ස් ෆුඩ් සිටි
【~】✪   බිබිල කාගිල්ස් ෆුඩ් සිටි
.
【~】✪  සම්මුඛ පරීක්ෂණය සඳහා රැගෙන එන ලියකියවිලි (පළමු සම්මුඛ පරීක්ෂණය සඳහා  අත්‍යවශ්‍ය නොවේ
- අයදුම්පත්‍රය (CV)
- ජාතික හැඳුනුම්පත
- ග්‍රාම නිලධාරී සහතිකය / පොලිස් සහතිකය
- බැංකු ගිණුමේ පිටපත් දෙකක් (බාලවයස්කාර ගිණුම් සහ බද්ධ ගිණුම් වලංගු නොවේ)
- පාස්පෝට් ප්‍රමාණයේ කහ පැහැති පසුබිමෙහි ඡායාරූප දෙකක්
- උප්පැන්න සහතිකය
- චරිත සහතිකයක් (මෑතකදී ලබා ගත්)
- අධ්‍යාපන සහතික
＃📳 දුරකථන අංකය :
076 448 6927 / 077 114 9247 / 076 740 8168 / 076 541 6882
＃ 📧 ඊ-මේල් ලිපිනය :
careers@cargillsceylon.com
# 📪 ලිපිනය :
කාගිල්ස් බඳවා ගැනීමේ සහ පුහුණු මධ්‍යස්ථානය,
2 වන මහල - දේවි ගොඩනැගිල්ල,
142, බෞද්ධාලෝක මාවත, බම්බලපිටිය, කොළඹ 04
(2 වන මහල - බෞද්ධාලෝක මාවත කාගිල්ස් ශාඛාව)",,
https://ikman.lk/en/ad/aadhunik-aussdhveedii-shaayk-shaayikaa-monaragala,"# 💼 තනතුර :  ආධුනික ඖෂධවේදී සහායක/සහායිකා
=======================
# 💠 සුදුසුකම් :
【~】✪ වයස අවුරුදු 18 - 50 අතර වීම.
【~】✪ අ.පො.ස. සාමාන්ය පෙළ හෝ උසස් පෙළ සමත් වීම.
# 💠 රැකියාවේ කාර්ය භාරය :
【~】✪ Cargills Food City හි පවරනු ලබන කාර්යයන් නිසි ලෙස ක්‍රියාත්මක කිරීම.
【~】✪ පාරිභෝගික සේවා කටයුතු වලදී සහයෝගය දැක්වීම.
【~】✪ අදාළ තනතුරු සඳහා අවශ්‍ය වෙනත් කාර්යයන් ඉටු කිරීම.
# ✅ ප්‍රතිලාභ :
【~】✪ ආකර්ශනීය මාසික වැටුපක් (රු. 30,000 + දිරි දීමනා + අතිකාල දීමනා + පැමිණීමේ දීමනා)
【~】✪ ස්ථිර අනාගතයක් සඳහා අවස්ථාව.
【~】✪ රැකියා ජීවිතයේ දියුණුවීමේ අවස්ථා.
# ✅ ඉල්ලුම් කළ යුතු ආකාරය :
ඉහත තනතුරු සඳහා සුදුසුම පුද්ගලයා ඔබ නම්, පහත සඳහන් සම්මුඛ පරීක්ෂණ ස්ථාන වලට ඔබගේ ජීවදත්ත පත්‍රිකාව (CV) සමඟ අදාළ දිනයන්හි පෙ.ව. 9.00 සිට ප.ව. 1.00 දක්වා පැමිණෙන්න.
# 📅 සම්මුඛ පරීක්ෂණ දිනය සහ වේලාව :
2026 මැයි 19
# 📪 සම්මුඛ පරීක්ෂණ ස්ථාන :
【~】✪  වැල්ලවාය කාගිල්ස් ෆුඩ් සිටි
【~】✪ මොණරාගල කාගිල්ස් ෆුඩ් සිටි
【~】✪   බිබිල කාගිල්ස් ෆුඩ් සිටි
.
【~】✪  සම්මුඛ පරීක්ෂණය සඳහා රැගෙන එන ලියකියවිලි (පළමු සම්මුඛ පරීක්ෂණය සඳහා  අත්‍යවශ්‍ය නොවේ
- අයදුම්පත්‍රය (CV)
- ජාතික හැඳුනුම්පත
- ග්‍රාම නිලධාරී සහතිකය / පොලිස් සහතිකය
- බැංකු ගිණුමේ පිටපත් දෙකක් (බාලවයස්කාර ගිණුම් සහ බද්ධ ගිණුම් වලංගු නොවේ)
- පාස්පෝට් ප්‍රමාණයේ කහ පැහැති පසුබිමෙහි ඡායාරූප දෙකක්
- උප්පැන්න සහතිකය
- චරිත සහතිකයක් (මෑතකදී ලබා ගත්)
- අධ්‍යාපන සහතික
＃📳 දුරකථන අංකය :
076 448 6927 / 077 114 9247 / 076 740 8168 / 076 541 6882
＃ 📧 ඊ-මේල් ලිපිනය :
careers@cargillsceylon.com
# 📪 ලිපිනය :
කාගිල්ස් බඳවා ගැනීමේ සහ පුහුණු මධ්‍යස්ථානය,
2 වන මහල - දේවි ගොඩනැගිල්ල,
142, බෞද්ධාලෝක මාවත, බම්බලපිටිය, කොළඹ 04
(2 වන මහල - බෞද්ධාලෝක මාවත කාගිල්ස් ශාඛාව)",,
https://ikman.lk/en/ad/aadhunik-aussdhveedii-shaayk-shaayikaa-ratnapura-2,"# 💼 තනතුර :  ආධුනික ඖෂධවේදී සහායක/සහායිකා
=======================
# 💠 සුදුසුකම් :
【~】✪ වයස අවුරුදු 18 - 50 අතර වීම.
【~】✪ අ.පො.ස. සාමාන්ය පෙළ හෝ උසස් පෙළ සමත් වීම.
# 💠 රැකියාවේ කාර්ය භාරය :
【~】✪ Cargills Food City හි පවරනු ලබන කාර්යයන් නිසි ලෙස ක්‍රියාත්මක කිරීම.
【~】✪ පාරිභෝගික සේවා කටයුතු වලදී සහයෝගය දැක්වීම.
【~】✪ අදාළ තනතුරු සඳහා අවශ්‍ය වෙනත් කාර්යයන් ඉටු කිරීම.
# ✅ ප්‍රතිලාභ :
【~】✪ ආකර්ශනීය මාසික වැටුපක් (රු. 30,000 + දිරි දීමනා + අතිකාල දීමනා + පැමිණීමේ දීමනා)
【~】✪ ස්ථිර අනාගතයක් සඳහා අවස්ථාව.
【~】✪ රැකියා ජීවිතයේ දියුණුවීමේ අවස්ථා.
# ✅ ඉල්ලුම් කළ යුතු ආකාරය :
ඉහත තනතුරු සඳහා සුදුසුම පුද්ගලයා ඔබ නම්, පහත සඳහන් සම්මුඛ පරීක්ෂණ ස්ථාන වලට ඔබගේ ජීවදත්ත පත්‍රිකාව (CV) සමඟ අදාළ දිනයන්හි පෙ.ව. 9.00 සිට ප.ව. 1.00 දක්වා පැමිණෙන්න.
# 📅 සම්මුඛ පරීක්ෂණ දිනය සහ වේලාව :
2026 මැයි 18
# 📪 සම්මුඛ පරීක්ෂණ ස්ථාන :
【~】✪  රත්නපුර කාගිල්ස් ෆුඩ් සිටි (බස් නැවතුම්පොළ අසල)
【~】✪  පැල්මඩුල්ල කාගිල්ස් ෆුඩ් සිටි
【~】✪  බලංගොඩ සංස්කෘතික මධ්‍යස්ථානය (බලංගොඩ ප්‍රාදේශීය ලේකම් කාර්යාල පරිශ්‍රය)
.
【~】✪  සම්මුඛ පරීක්ෂණය සඳහා රැගෙන එන ලියකියවිලි (පළමු සම්මුඛ පරීක්ෂණය සඳහා  අත්‍යවශ්‍ය නොවේ
- අයදුම්පත්‍රය (CV)
- ජාතික හැඳුනුම්පත
- ග්‍රාම නිලධාරී සහතිකය / පොලිස් සහතිකය
- බැංකු ගිණුමේ පිටපත් දෙකක් (බාලවයස්කාර ගිණුම් සහ බද්ධ ගිණුම් වලංගු නොවේ)
- පාස්පෝට් ප්‍රමාණයේ කහ පැහැති පසුබිමෙහි ඡායාරූප දෙකක්
- උප්පැන්න සහතිකය
- චරිත සහතිකයක් (මෑතකදී ලබා ගත්)
- අධ්‍යාපන සහතික
＃📳 දුරකථන අංකය :
076 448 6927 / 077 114 9247 / 076 740 8168 / 076 541 6882
＃ 📧 ඊ-මේල් ලිපිනය :
careers@cargillsceylon.com
# 📪 ලිපිනය :
කාගිල්ස් බඳවා ගැනීමේ සහ පුහුණු මධ්‍යස්ථානය,
2 වන මහල - දේවි ගොඩනැගිල්ල,
142, බෞද්ධාලෝක මාවත, බම්බලපිටිය, කොළඹ 04
(2 වන මහල - බෞද්ධාලෝක මාවත කාගිල්ස් ශාඛාව)",,
https://ikman.lk/en/ad/aadhunik-aussdhveedii-shaayk-shaayikaa-ratnapura-1,"# 💼 තනතුර :  ආධුනික ඖෂධවේදී සහායක/සහායිකා
=======================
# 💠 සුදුසුකම් :
【~】✪ වයස අවුරුදු 18 - 50 අතර වීම.
【~】✪ අ.පො.ස. සාමාන්ය පෙළ හෝ උසස් පෙළ සමත් වීම.
# 💠 රැකියාවේ කාර්ය භාරය :
【~】✪ Cargills Food City හි පවරනු ලබන කාර්යයන් නිසි ලෙස ක්‍රියාත්මක කිරීම.
【~】✪ පාරිභෝගික සේවා කටයුතු වලදී සහයෝගය දැක්වීම.
【~】✪ අදාළ තනතුරු සඳහා අවශ්‍ය වෙනත් කාර්යයන් ඉටු කිරීම.
# ✅ ප්‍රතිලාභ :
【~】✪ ආකර්ශනීය මාසික වැටුපක් (රු. 30,000 + දිරි දීමනා + අතිකාල දීමනා + පැමිණීමේ දීමනා)
【~】✪ ස්ථිර අනාගතයක් සඳහා අවස්ථාව.
【~】✪ රැකියා ජීවිතයේ දියුණුවීමේ අවස්ථා.
# ✅ ඉල්ලුම් කළ යුතු ආකාරය :
ඉහත තනතුරු සඳහා සුදුසුම පුද්ගලයා ඔබ නම්, පහත සඳහන් සම්මුඛ පරීක්ෂණ ස්ථාන වලට ඔබගේ ජීවදත්ත පත්‍රිකාව (CV) සමඟ අදාළ දිනයන්හි පෙ.ව. 9.00 සිට ප.ව. 1.00 දක්වා පැමිණෙන්න.
# 📅 සම්මුඛ පරීක්ෂණ දිනය සහ වේලාව :
2026 මැයි 18
# 📪 සම්මුඛ පරීක්ෂණ ස්ථාන :
【~】✪  රත්නපුර කාගිල්ස් ෆුඩ් සිටි (බස් නැවතුම්පොළ අසල)
【~】✪  පැල්මඩුල්ල කාගිල්ස් ෆුඩ් සිටි
【~】✪  බලංගොඩ සංස්කෘතික මධ්‍යස්ථානය (බලංගොඩ ප්‍රාදේශීය ලේකම් කාර්යාල පරිශ්‍රය)
.
【~】✪  සම්මුඛ පරීක්ෂණය සඳහා රැගෙන එන ලියකියවිලි (පළමු සම්මුඛ පරීක්ෂණය සඳහා  අත්‍යවශ්‍ය නොවේ
- අයදුම්පත්‍රය (CV)
- ජාතික හැඳුනුම්පත
- ග්‍රාම නිලධාරී සහතිකය / පොලිස් සහතිකය
- බැංකු ගිණුමේ පිටපත් දෙකක් (බාලවයස්කාර ගිණුම් සහ බද්ධ ගිණුම් වලංගු නොවේ)
- පාස්පෝට් ප්‍රමාණයේ කහ පැහැති පසුබිමෙහි ඡායාරූප දෙකක්
- උප්පැන්න සහතිකය
- චරිත සහතිකයක් (මෑතකදී ලබා ගත්)
- අධ්‍යාපන සහතික
＃📳 දුරකථන අංකය :
076 448 6927 / 077 114 9247 / 076 740 8168 / 076 541 6882
＃ 📧 ඊ-මේල් ලිපිනය :
careers@cargillsceylon.com
# 📪 ලිපිනය :
කාගිල්ස් බඳවා ගැනීමේ සහ පුහුණු මධ්‍යස්ථානය,
2 වන මහල - දේවි ගොඩනැගිල්ල,
142, බෞද්ධාලෝක මාවත, බම්බලපිටිය, කොළඹ 04
(2 වන මහල - බෞද්ධාලෝක මාවත කාගිල්ස් ශාඛාව)",,
https://ikman.lk/en/ad/aadhunik-aussdhveedii-shaayk-shaayikaa-ratnapura,"# 💼 තනතුර :  ආධුනික ඖෂධවේදී සහායක/සහායිකා
=======================
# 💠 සුදුසුකම් :
【~】✪ වයස අවුරුදු 18 - 50 අතර වීම.
【~】✪ අ.පො.ස. සාමාන්ය පෙළ හෝ උසස් පෙළ සමත් වීම.
# 💠 රැකියාවේ කාර්ය භාරය :
【~】✪ Cargills Food City හි පවරනු ලබන කාර්යයන් නිසි ලෙස ක්‍රියාත්මක කිරීම.
【~】✪ පාරිභෝගික සේවා කටයුතු වලදී සහයෝගය දැක්වීම.
【~】✪ අදාළ තනතුරු සඳහා අවශ්‍ය වෙනත් කාර්යයන් ඉටු කිරීම.
# ✅ ප්‍රතිලාභ :
【~】✪ ආකර්ශනීය මාසික වැටුපක් (රු. 30,000 + දිරි දීමනා + අතිකාල දීමනා + පැමිණීමේ දීමනා)
【~】✪ ස්ථිර අනාගතයක් සඳහා අවස්ථාව.
【~】✪ රැකියා ජීවිතයේ දියුණුවීමේ අවස්ථා.
# ✅ ඉල්ලුම් කළ යුතු ආකාරය :
ඉහත තනතුරු සඳහා සුදුසුම පුද්ගලයා ඔබ නම්, පහත සඳහන් සම්මුඛ පරීක්ෂණ ස්ථාන වලට ඔබගේ ජීවදත්ත පත්‍රිකාව (CV) සමඟ අදාළ දිනයන්හි පෙ.ව. 9.00 සිට ප.ව. 1.00 දක්වා පැමිණෙන්න.
# 📅 සම්මුඛ පරීක්ෂණ දිනය සහ වේලාව :
2026 මැයි 18
# 📪 සම්මුඛ පරීක්ෂණ ස්ථාන :
【~】✪  රත්නපුර කාගිල්ස් ෆුඩ් සිටි (බස් නැවතුම්පොළ අසල)
【~】✪  පැල්මඩුල්ල කාගිල්ස් ෆුඩ් සිටි
【~】✪  බලංගොඩ සංස්කෘතික මධ්‍යස්ථානය (බලංගොඩ ප්‍රාදේශීය ලේකම් කාර්යාල පරිශ්‍රය)
.
【~】✪  සම්මුඛ පරීක්ෂණය සඳහා රැගෙන එන ලියකියවිලි (පළමු සම්මුඛ පරීක්ෂණය සඳහා  අත්‍යවශ්‍ය නොවේ
- අයදුම්පත්‍රය (CV)
- ජාතික හැඳුනුම්පත
- ග්‍රාම නිලධාරී සහතිකය / පොලිස් සහතිකය
- බැංකු ගිණුමේ පිටපත් දෙකක් (බාලවයස්කාර ගිණුම් සහ බද්ධ ගිණුම් වලංගු නොවේ)
- පාස්පෝට් ප්‍රමාණයේ කහ පැහැති පසුබිමෙහි ඡායාරූප දෙකක්
- උප්පැන්න සහතිකය
- චරිත සහතිකයක් (මෑතකදී ලබා ගත්)
- අධ්‍යාපන සහතික
＃📳 දුරකථන අංකය :
076 448 6927 / 077 114 9247 / 076 740 8168 / 076 541 6882
＃ 📧 ඊ-මේල් ලිපිනය :
careers@cargillsceylon.com
# 📪 ලිපිනය :
කාගිල්ස් බඳවා ගැනීමේ සහ පුහුණු මධ්‍යස්ථානය,
2 වන මහල - දේවි ගොඩනැගිල්ල,
142, බෞද්ධාලෝක මාවත, බම්බලපිටිය, කොළඹ 04
(2 වන මහල - බෞද්ධාලෝක මාවත කාගිල්ස් ශාඛාව)",,
https://ikman.lk/en/ad/aussdh-nikut-kiriimee-aussdhveedii-colombo-1,"# 💼 තනතුර : ඖෂධ නිකුත් කිරීමේ වෘත්තික – Cargills Food City
=======================
# 💠 සුදුසුකම් :
【~】✪ වයස අවුරුදු 18-55 අතර වීම.
【~】✪ සභාවේ ලියාපදිංචි වී තිබීම.
【~】✪ ශ්‍රී ලංකා වෛද්‍ය ඖෂධ නිකුත් කිරීමේ සුදුසුකම් ලබා තිබීම.
【~】✪ රජයේ විශ්‍රාමික ඖෂධවේදීන්ද සලකා බලනු ලැබේ.
# 💠 රැකියාවේ කාර්ය භාරය :
【~】✪ Cargills Food City හි ඖෂධ නිකුත් කිරීමේ කටයුතු විධිමත් ලෙස ක්‍රියාත්මක කිරීම.
【~】✪ පාරිභෝගික ඖෂධ අවශ්‍යතා සපුරාලීම.
【~】✪ ඖෂධ තොග නිසි ලෙස කළමනාකරණය කිරීම.
# ✅ ප්‍රතිලාභ :
【~】✪ ආරම්භක වැටුප රු. 100,000+ (මූලික වැටුප + ලෙසත් ගාස්තුව + ආධාරක දීමනා + දිරි දීමනා)
【~】✪ ක්ෂේත්‍රය තුළ ඉහළම ඖෂධ බලපත්‍ර ගාස්තුව (මාසිකව රු. 50,000/-)
【~】✪ සුදුසුකම් සහ පළපුරුද්ද මත මූලික වැටුප තීරණය වේ.
【~】✪ වාර්ෂික ප්‍රසාද දීමනා.
【~】✪ වාර්ෂික වැටුප් වර්ධක.
【~】✪ EPF / ETF.
【~】✪ වෛද්‍ය වියදම් ප්‍රතිපූරණය (OPD / රෝහල්ගත වීම්).
【~】✪ රක්ෂණාවරණය.
【~】✪ Cargills Food City වෙතින් භාණ්ඩ මිලදී ගැනීමේදී වට්ටම්.
# ✅ ඉල්ලුම් කළ යුතු ආකාරය :
ඉහත තනතුර සඳහා සුදුසුම පුද්ගලයා ඔබ නම්, සම්මුඛ පරීක්ෂණය සඳහා දිනයන් වෙන්කරවා ගැනීමට 077 477 2772 අංකයට අමතන්න. නැතහොත් අයදුමි පත්‍රය පහත විද්‍යුත් තැපැල් ලිපිනයට යොමු කරන්න.
＃📳 දුරකථන අංකය :
077 477 2772
＃ 📧 ඊ-මේල් ලිපිනය :
thilini.c@ccargillsceylon.com
# 📪 ලිපිනය :
සුරක්ෂිත ප්‍රධාන සම්පත් නිලධාරී, Cargills බඳවා ගැනීමේ සහ පුහුණු මධ්‍යස්ථානය, 2 වන මහල - දේවි ගොඩනැගිල්ල, 142, බෞද්ධාලෝක මාවත, නුගේගොඩ, කොළඹ 04 (Cargills ශාඛාව අසල)",,
https://ikman.lk/en/ad/aussdh-nikut-kiriimee-aussdhveedii-colombo,"# 💼 තනතුර : ඖෂධ නිකුත් කිරීමේ වෘත්තික – Cargills Food City
=======================
# 💠 සුදුසුකම් :
【~】✪ වයස අවුරුදු 18-55 අතර වීම.
【~】✪ සභාවේ ලියාපදිංචි වී තිබීම.
【~】✪ ශ්‍රී ලංකා වෛද්‍ය ඖෂධ නිකුත් කිරීමේ සුදුසුකම් ලබා තිබීම.
【~】✪ රජයේ විශ්‍රාමික ඖෂධවේදීන්ද සලකා බලනු ලැබේ.
# 💠 රැකියාවේ කාර්ය භාරය :
【~】✪ Cargills Food City හි ඖෂධ නිකුත් කිරීමේ කටයුතු විධිමත් ලෙස ක්‍රියාත්මක කිරීම.
【~】✪ පාරිභෝගික ඖෂධ අවශ්‍යතා සපුරාලීම.
【~】✪ ඖෂධ තොග නිසි ලෙස කළමනාකරණය කිරීම.
# ✅ ප්‍රතිලාභ :
【~】✪ ආරම්භක වැටුප රු. 100,000+ (මූලික වැටුප + ලෙසත් ගාස්තුව + ආධාරක දීමනා + දිරි දීමනා)
【~】✪ ක්ෂේත්‍රය තුළ ඉහළම ඖෂධ බලපත්‍ර ගාස්තුව (මාසිකව රු. 50,000/-)
【~】✪ සුදුසුකම් සහ පළපුරුද්ද මත මූලික වැටුප තීරණය වේ.
【~】✪ වාර්ෂික ප්‍රසාද දීමනා.
【~】✪ වාර්ෂික වැටුප් වර්ධක.
【~】✪ EPF / ETF.
【~】✪ වෛද්‍ය වියදම් ප්‍රතිපූරණය (OPD / රෝහල්ගත වීම්).
【~】✪ රක්ෂණාවරණය.
【~】✪ Cargills Food City වෙතින් භාණ්ඩ මිලදී ගැනීමේදී වට්ටම්.
# ✅ ඉල්ලුම් කළ යුතු ආකාරය :
ඉහත තනතුර සඳහා සුදුසුම පුද්ගලයා ඔබ නම්, සම්මුඛ පරීක්ෂණය සඳහා දිනයන් වෙන්කරවා ගැනීමට 077 477 2772 අංකයට අමතන්න. නැතහොත් අයදුමි පත්‍රය පහත විද්‍යුත් තැපැල් ලිපිනයට යොමු කරන්න.
＃📳 දුරකථන අංකය :
077 477 2772
＃ 📧 ඊ-මේල් ලිපිනය :
thilini.c@ccargillsceylon.com
# 📪 ලිපිනය :
සුරක්ෂිත ප්‍රධාන සම්පත් නිලධාරී, Cargills බඳවා ගැනීමේ සහ පුහුණු මධ්‍යස්ථානය, 2 වන මහල - දේවි ගොඩනැගිල්ල, 142, බෞද්ධාලෝක මාවත, නුගේගොඩ, කොළඹ 04 (Cargills ශාඛාව අසල)",,
https://ikman.lk/en/ad/doctor-mbbs-medical-officer-colombo-02-colombo,We are looking for Doctor for Medical Documents assessment. Local and Foreign MBBS holders can apply for the post.,,
https://ikman.lk/en/ad/service-coordinator-jaffna,"🚨 WE ARE HIRING
💼 Service Coordinator
🏥 MediPlace connects clients with trusted hospitals and labs in Sri Lanka and abroad. As a Service Coordinator, you will be an essential part of our support team, providing professional, caring, and reliable assistance through seamless coordination and communication.
📌 Position Details
📍 Position: Service Coordinator
🕒 Type: Hybrid (Remote + Field Work)
📌 Location: Jaffna (local candidates preferred)
👨‍💼👩‍💼 Gender: Open to Male and Female applicants
🚗 Field Work: Applicable primarily to male candidates
🔑 Key Responsibilities
📞 Handle client inquiries via calls, WhatsApp, and email
📅 Coordinate appointments, follow-ups, and documentation
🏥 Liaise with partner hospitals, labs, and healthcare providers
🚘 Travel for field coordination when required
🗂️ Update and maintain accurate client and service records
✅ Requirements
🗣️ Must be fluent in Tamil (spoken and written)
🌐 Proficiency in English and Sinhala is an advantage
💼 Prior experience in customer service, healthcare, or field coordination preferred
💻 Basic computer skills (Google Workspace, email, messaging apps)
📶 Access to reliable internet and willingness to travel within Jaffna if needed
📨 Apply Now
📧 human.resource@mediplace.lk
📞 + 94 742022692
📝 Send your CV with the subject:
""Service Coordinator Application – Jaffna""",,
https://ikman.lk/en/ad/aussdhveedii-shyk-kandy,"ඖෂධවේදී සහයක, කාන්තා /පිරිමි
SLMC ඖෂධවේදී විභාගය සමත් හෝ ඖෂධවේදී පුහුණු පාඨමාලව සම්පුර්ණ කරනලද අයදුම්කරුවන් හෝ
පිළිගත් ඔසුසලක අවරුදු 2ට වඩා පළපුරුද්දක් සහිත අයදුම්කරුවන් සලකාබැලේ
රාත්‍රී 8.30 දක්වා සේවාමුරයක වැඩකිරීමට හැකි වියයුතුය
සවස් කාලය සදහා PART TIME වැඩකිරීම සදහාද සලකාබැලේ
මහනුවර නගරය ආශ්‍රිත අයදුම්කරුවන් සදහා විශේෂයි
ආකර්ශනීය වැටුප් සහ දීමනා
පුහුණු අයදුම් කරුවන් සදහාද අයදුම් කලහැක
අවරුදු 21ට වඩා අඩු කාන්තා අයදුම්කරුවන් පමණක් සලකාබැලේ
රාත්‍රී 8.30 දක්වා පුහුණු සේවාමුරයක වැඩකිරීමට හැකි සහ මහනුවර නගරය ආශ්‍රිත අයදුම්කරුවන් සදහා විශේෂයි",,
https://ikman.lk/en/ad/pharmacy-assistant-nugegoda-embuldeniya-colombo,"++ Required Qualifications
> A/L passed in Science or Maths stream
> Preferably registered in Apprentice Pharmacist in NMRA
> Preferably Living in Maharagama, Embuldeniya area
> Preferably working experience in a pharmacy one year or more
> Can be apply trainees with out experience
> Male candidates preferable
> Working time – Full time or Part time
> Salary negotiable
Contact – 0779753047",,
https://ikman.lk/en/ad/pharmacist-to-work-in-colombo-colombo,"-Diploma or Degree holding candidate registered and obtained lisence from SLMC
-Ability to answer the queries raised by the patients
-Patience in customer handling",,
https://ikman.lk/en/ad/nurse-katunayake-gampaha,"WE ARE HIRING – NURSE (FEMALE)
Heracle Care & Wellness (Pvt) Ltd is looking for a Nurse to work at Lyceum School, Katunayake.
Requirements:
Registered Nurse with valid SLMC / SLNC / PHSRC registration
3–5 years experience preferred
Good communication and clinical skills
Experience with children or school environment is an added advantage
Responsibilities:
Provide medical care and handle emergencies
Maintain student health records
Support student health and well-being
Communicate with parents and staff
📍 Location: Katunayake
📧 Send your CV to: careers@lyceum.lk
📞 Contact: 0740503067",,
https://ikman.lk/en/ad/healthcare-and-clinical-support-ogf-colombo-2,"💼 𝐏𝐎𝐒𝐈𝐓𝐈𝐎𝐍 :   Healthcare & Clinical Support
💠 𝐑𝐄𝐐𝐔𝐈𝐑𝐄𝐌𝐄𝐍𝐓𝐒 : | # 💠 𝐂𝐀𝐍𝐃𝐈𝐃𝐀𝐓𝐄 𝐏𝐑𝐎𝐅𝐈𝐋𝐄 :
【~】✪ School leavers are welcome to apply
【~】✪ Original certificates (Birth certificate, NIC, Educational certificates) are a must
【~】✪ No specific experience required for most positions
【~】✪ Ability to work in a dynamic retail environment
💠 𝐑𝐄𝐒𝐏𝐎𝐍𝐒𝐈𝐁𝐈𝐋𝐈𝐓𝐈𝐄𝐒 : | # 💠 𝐉𝐎𝐁 𝐏𝐑𝐎𝐅𝐈𝐋𝐄 :
【~】✪ Customer Service – Assist and attend to customers
【~】✪ Sales & Store Operations – Handle sales and store activities
【~】✪ Cashiering & Billing – Process payments and billing
【~】✪ Delivery & Logistics – Coordinate deliveries and logistics
【~】✪ Food & Beverage – F&B service and operations
【~】✪ Healthcare & Clinical Support – Provide clinical support
【~】✪ Reception & Coordination – Manage reception and coordination tasks
【~】✪ Inventory & Stores – Handle inventory and store management
【~】✪ Technician – Technical support and maintenance
✅ 𝐁𝐄𝐍𝐄𝐅𝐈𝐓𝐒 :
【~】✪ We offer an attractive remuneration package & incentives that are above market standards for the suitable candidate.
【~】✪ Accommodation provided
【~】✪ Uniforms provided
【~】✪ Opportunity to work with Softlogic Group of companies (ODEL, Glomark, Asiri, Softlogic MAX, Popeyes, Crystal Jade, Delifrance, Barista, Subway)
✅ 𝐇𝐎𝐖 𝐓𝐎 𝐀𝐏𝐏𝐋𝐘 ✍️ :
If you feel you are the right individual for the above position, then apply via ""𝗔𝗽𝗽𝗹𝘆 𝗡𝗼𝘄 "" of this advert.
WALK-IN INTERVIEW DETAILS:
📅 Date: 15TH MAY 2026
🕙 Time: 10.00 AM – 3.00 PM
📍 Venue: ONE GALLEFACE – ODEL, 3RD FLOOR
[ 𝐖𝐄 𝐇𝐈𝐆𝐇𝐋𝐘 𝐈𝐍𝐅𝐎𝐑𝐌 𝐀𝐋𝐋 𝐓𝐇𝐄 𝐂𝐀𝐍𝐃𝐈𝐃𝐀𝐓𝐄𝐒 𝐓𝐎 𝐌𝐄𝐍𝐓𝐈𝐎𝐍 𝐀 𝐕𝐀𝐋𝐈𝐃 𝐌𝐎𝐁𝐈𝐋𝐄 𝐍𝐔𝐌𝐁𝐄𝐑 & 𝐈𝐓 𝐈𝐒 𝐂𝐎𝐌𝐏𝐔𝐋𝐒𝐎𝐑𝐘 𝐓𝐎 𝐀𝐓𝐓𝐀𝐂𝐇 𝐘𝐎𝐔𝐑 𝐂𝐕 𝐁𝐘 𝐔𝐏𝐃𝐀𝐓𝐈𝐍𝐆 𝐘𝐎𝐔𝐑 ""𝗜𝗞𝗠𝗔𝗡 𝗥𝗘𝗦𝗨𝗠𝗘"" ]
＃📳 𝓒𝓸𝓷𝓽𝓪𝓬𝓽 : +94 768 311 113 (WhatsApp - Candidates can register early and send their CVs)
＃ 📧 𝐸𝓂𝒶𝒾𝓁:  	careers@eodel.com",,
https://ikman.lk/en/ad/rudhir-saampl-lbaagnnaa-nildhaarinnii-tlvtugodd-colombo-1,"# 💼 තනතුර : රුධිර සාම්පල ලබාගන්නා  නිලධාරිණී / PHLEBOTOMISTS (තලවතුගොඩ, කඩුවෙල)
# 💠 සුදුසුකම් :
【~】✪ පිළිගත් ආයතනයකින් හෙද සේවය පිළිබඳ වසරක සහතික පත් පාඨමාලාවක් සමඟ අනුමත ප්‍රයෝගික පුහුණුව
【~】✪ කීර්තිමත් සෞඛ්‍ය ආයතනයක රුධිර සාම්පල ලබාගන්නා නිලධාරිණියකු ලෙස අවුරුදු 2-3 කට වැඩි පළපුරුද්ද
【~】✪ විශිෂ්ට සන්නිවේදනය සහ අන්තර් පුද්ගල කුසලතා සහිත වීම
【~】✪ කාරුණික හා රෝගියාගේ රැකවරණය සඳහා කැපවී සිටීම
【~】✪ යතුරුපැදියක් ධාවනය කිරීමේ හැකියාව සහ යතුරුපැදියක් හිමිකම් සිටීම (අමතර වාසියකි)
# 💠 රැකියාවේ කාර්ය භාරය :
【~】✪ නියමිත ආරක්ෂිත ක්‍රමවේදයන් අනුව රෝගීන්ගෙන් රුධිර සාම්පල ගැනීම හෝ අනෙකුත් වෛද්‍ය පරීක්ෂණ සඳහා අවශ්‍ය නියැදි සුදුසු තාක්ෂණික ක්‍රම භාවිතා කරමින් එකතු කිරීම
【~】✪ නියැදි හඳුනා ගැනීම සඳහා ලේබල් ඇලවීම සහ නියැදි තොරතුරු පද්ධතියට ඇතුළත් කිරීම
【~】✪ නියැදි/රුධිර සාම්පල ගැනීම සඳහා නිවැරදි ක්‍රම සහ සූදානම් වීමේ ක්‍රම පිළිබඳ රෝගීන්ව මග පෙන්වීම
# ✅ ප්‍රතිලාභ :
ආකර්ශනීය වැටුපක් සහ අනෙකුත් වරප්‍රසාද රැසක් පිරිනැමේ.
# ✅ ඉල්ලුම් කළ යුතු ආකාරය :
ඉහත තනතුර සඳහා සුදුසුම පුද්ගලයා ඔබ නම්, ඔබගේ ජීව දත්ත තොරතුරු සටහන (දුරකථන අංක, ලිපිනය, ඊ-මේල් ලිපිනය සහ ඥාතීන් නොවන ඔබ ගැන විමසිය හැකි දෙදෙනෙකුගේ නම්, ලිපිනය සහ දුරකථන අංක සහිතව) පහත ලිපිනයට මෙම දැන්වීම පළ වී දින 07 ක් ඇතුළත යොමු කරන්න.
# 📳 දුරකථන අංකය :
011 7 888 888 / 0711 341 341
# 📧 ඊ-මේල් ලිපිනය :
careers@hemashospitals.com
# 📪 ලිපිනය :
මානව සම්පත් කළමණාකරු,
හේමාස් හොස්පිටල් (පුද්ගලික) සමාගම,
647, පන්නිපිටිය පාර,
තලවතුගොඩ.",,
https://ikman.lk/en/ad/rudhir-saampl-lbaagnnaa-nildhaarinnii-kdduvel-colombo-1,"# 💼 තනතුර : රුධිර සාම්පල ලබාගන්නා  නිලධාරිණී / PHLEBOTOMISTS (තලවතුගොඩ, කඩුවෙල)
# 💠 සුදුසුකම් :
【~】✪ පිළිගත් ආයතනයකින් හෙද සේවය පිළිබඳ වසරක සහතික පත් පාඨමාලාවක් සමඟ අනුමත ප්‍රයෝගික පුහුණුව
【~】✪ කීර්තිමත් සෞඛ්‍ය ආයතනයක රුධිර සාම්පල ලබාගන්නා නිලධාරිණියකු ලෙස අවුරුදු 2-3 කට වැඩි පළපුරුද්ද
【~】✪ විශිෂ්ට සන්නිවේදනය සහ අන්තර් පුද්ගල කුසලතා සහිත වීම
【~】✪ කාරුණික හා රෝගියාගේ රැකවරණය සඳහා කැපවී සිටීම
【~】✪ යතුරුපැදියක් ධාවනය කිරීමේ හැකියාව සහ යතුරුපැදියක් හිමිකම් සිටීම (අමතර වාසියකි)
# 💠 රැකියාවේ කාර්ය භාරය :
【~】✪ නියමිත ආරක්ෂිත ක්‍රමවේදයන් අනුව රෝගීන්ගෙන් රුධිර සාම්පල ගැනීම හෝ අනෙකුත් වෛද්‍ය පරීක්ෂණ සඳහා අවශ්‍ය නියැදි සුදුසු තාක්ෂණික ක්‍රම භාවිතා කරමින් එකතු කිරීම
【~】✪ නියැදි හඳුනා ගැනීම සඳහා ලේබල් ඇලවීම සහ නියැදි තොරතුරු පද්ධතියට ඇතුළත් කිරීම
【~】✪ නියැදි/රුධිර සාම්පල ගැනීම සඳහා නිවැරදි ක්‍රම සහ සූදානම් වීමේ ක්‍රම පිළිබඳ රෝගීන්ව මග පෙන්වීම
# ✅ ප්‍රතිලාභ :
ආකර්ශනීය වැටුපක් සහ අනෙකුත් වරප්‍රසාද රැසක් පිරිනැමේ.
# ✅ ඉල්ලුම් කළ යුතු ආකාරය :
ඉහත තනතුර සඳහා සුදුසුම පුද්ගලයා ඔබ නම්, ඔබගේ ජීව දත්ත තොරතුරු සටහන (දුරකථන අංක, ලිපිනය, ඊ-මේල් ලිපිනය සහ ඥාතීන් නොවන ඔබ ගැන විමසිය හැකි දෙදෙනෙකුගේ නම්, ලිපිනය සහ දුරකථන අංක සහිතව) පහත ලිපිනයට මෙම දැන්වීම පළ වී දින 07 ක් ඇතුළත යොමු කරන්න.
# 📳 දුරකථන අංකය :
011 7 888 888 / 0711 341 341
# 📧 ඊ-මේල් ලිපිනය :
careers@hemashospitals.com
# 📪 ලිපිනය :
මානව සම්පත් කළමණාකරු,
හේමාස් හොස්පිටල් (පුද්ගලික) සමාගම,
647, පන්නිපිටිය පාර,
තලවතුගොඩ.",,
https://ikman.lk/en/ad/rudhir-saampl-lbaagnnaa-nildhaarinnii-tlvtugodd-colombo,"# 💼 තනතුර : රුධිර සාම්පල ලබාගන්නා  නිලධාරිණී / Phlebotomists (තලවතුගොඩ, කඩුවෙල, කළුබෝවිල, කොටහේන) - හේමාස් හොස්පිටල්
# 💠 සුදුසුකම් :
【~】✪ හෙද සේවය පිළිබඳ වසරක සහතික පත් පාඨමාලාවක් සමඟ පිළිගත් ආයතනයකින් අනුමත ප්‍රයෝගික පුහුණුව.
【~】✪ කීර්තිමත් සෞඛ්‍ය ආයතනයක රුධිර සාම්පල ලබාගන්නා නිලධාරිණියෙකු ලෙස අවුරුදු 2-3 කට වැඩි පළපුරුද්ද.
【~】✪ විශිෂ්ට සන්නිවේදනය සහ අන්තර් පුද්ගල කුසලතා සහිතව, කාරුණික හා රෝගියාගේ රැකවරණය සඳහා කැපවී සිටීම.
【~】✪ යතුරුපැදියක් ධාවනය කිරීමේ හැකියාව සහ යතුරුපැදියක් හිමිකම්ව සිටීම (අමතර වාසියකි).
# 💠 රැකියාවේ කාර්ය භාරය :
【~】✪ නියමිත ආරක්ෂිත ක්‍රමවේදයන් අනූව රෝගීන්ගෙන් රුධිර සාම්පල ගැනීම හෝ අනෙකුත් වෛද්‍ය පරීක්ෂණ සඳහා අවශ්‍ය නියැදි සුදුසු තාක්ෂණික ක්‍රම භාවිතා කරමින් එකතු කිරීම.
【~】✪ නියැදි හඳුනා ගැනීම සඳහා ලේබල් ඇලවීම සහ නියැදි තොරතුරු පද්ධතියට ඇතුලත් කිරීම.
【~】✪ නියැදි/රුධිර සාම්පල ගැනීම සඳහා නිවැරදි ක්‍රම සහ සූදානම් වීමේ ක්‍රම පිළිබඳ රෝගීන්ව මඟ පෙන්වීම.
# ✅ ප්‍රතිලාභ :
ආකර්ශනීය වැටුපක් සහ අනෙකුත් වරප්‍රසාද රැසක් පිරිනැමේ.
- සවිබල ගැන්වීම සහ සේවක සුභසාධනය
- ජාත්‍යන්තර ප්‍රතීතනය ලත් රෝහලක වෘත්තීය වර්ධනය
# ✅ ඉල්ලුම් කළ යුතු ආකාරය :
ඉහත තනතුර සඳහා සුදුසුම පුද්ගලයා ඔබ නම්, තොරතුරු සටහන (දුරකථන අංක, ලිපිනය, ඊ-මේල් ලිපිනය සහ ඥාතීන් නොවන ඔබ ගැන විමසිය හැකි දෙදෙනෙකුගේ නම්, ලිපිනය සහ දුරකථන අංක) සහිතව මෙම දැන්වීම පළවී දින 07 ක් ඇතුළත පහත ලිපිනයට හෝ ඊ-මේල් ලිපිනයට අයදුම් කරන්න.
＃📳 දුරකථන අංකය : 011 7 888 888 / 0711 341 341
＃ 📧 ඊ-මේල් ලිපිනය : careers@hemashospitals.com
# 📪 ලිපිනය :
මානව සම්පත් කළමනාකරු,
හේමාස් හොස්පිටල් (පුද්ගලික) සමාගම,
647, පන්නිපිටිය පාර,
තලවතුගොඩ.",,
https://ikman.lk/en/ad/rudhir-saampl-lbaagnnaa-nildhaarinnii-kdduvel-colombo,"# 💼 තනතුර : රුධිර සාම්පල ලබාගන්නා  නිලධාරිණී / Phlebotomists (තලවතුගොඩ, කඩුවෙල, කළුබෝවිල, කොටහේන) - හේමාස් හොස්පිටල්
# 💠 සුදුසුකම් :
【~】✪ හෙද සේවය පිළිබඳ වසරක සහතික පත් පාඨමාලාවක් සමඟ පිළිගත් ආයතනයකින් අනුමත ප්‍රයෝගික පුහුණුව.
【~】✪ කීර්තිමත් සෞඛ්‍ය ආයතනයක රුධිර සාම්පල ලබාගන්නා නිලධාරිණියෙකු ලෙස අවුරුදු 2-3 කට වැඩි පළපුරුද්ද.
【~】✪ විශිෂ්ට සන්නිවේදනය සහ අන්තර් පුද්ගල කුසලතා සහිතව, කාරුණික හා රෝගියාගේ රැකවරණය සඳහා කැපවී සිටීම.
【~】✪ යතුරුපැදියක් ධාවනය කිරීමේ හැකියාව සහ යතුරුපැදියක් හිමිකම්ව සිටීම (අමතර වාසියකි).
# 💠 රැකියාවේ කාර්ය භාරය :
【~】✪ නියමිත ආරක්ෂිත ක්‍රමවේදයන් අනූව රෝගීන්ගෙන් රුධිර සාම්පල ගැනීම හෝ අනෙකුත් වෛද්‍ය පරීක්ෂණ සඳහා අවශ්‍ය නියැදි සුදුසු තාක්ෂණික ක්‍රම භාවිතා කරමින් එකතු කිරීම.
【~】✪ නියැදි හඳුනා ගැනීම සඳහා ලේබල් ඇලවීම සහ නියැදි තොරතුරු පද්ධතියට ඇතුලත් කිරීම.
【~】✪ නියැදි/රුධිර සාම්පල ගැනීම සඳහා නිවැරදි ක්‍රම සහ සූදානම් වීමේ ක්‍රම පිළිබඳ රෝගීන්ව මඟ පෙන්වීම.
# ✅ ප්‍රතිලාභ :
ආකර්ශනීය වැටුපක් සහ අනෙකුත් වරප්‍රසාද රැසක් පිරිනැමේ.
- සවිබල ගැන්වීම සහ සේවක සුභසාධනය
- ජාත්‍යන්තර ප්‍රතීතනය ලත් රෝහලක වෘත්තීය වර්ධනය
# ✅ ඉල්ලුම් කළ යුතු ආකාරය :
ඉහත තනතුර සඳහා සුදුසුම පුද්ගලයා ඔබ නම්, තොරතුරු සටහන (දුරකථන අංක, ලිපිනය, ඊ-මේල් ලිපිනය සහ ඥාතීන් නොවන ඔබ ගැන විමසිය හැකි දෙදෙනෙකුගේ නම්, ලිපිනය සහ දුරකථන අංක) සහිතව මෙම දැන්වීම පළවී දින 07 ක් ඇතුළත පහත ලිපිනයට හෝ ඊ-මේල් ලිපිනයට අයදුම් කරන්න.
＃📳 දුරකථන අංකය : 011 7 888 888 / 0711 341 341
＃ 📧 ඊ-මේල් ලිපිනය : careers@hemashospitals.com
# 📪 ලිපිනය :
මානව සම්පත් කළමනාකරු,
හේමාස් හොස්පිටල් (පුද්ගලික) සමාගම,
647, පන්නිපිටිය පාර,
තලවතුගොඩ.",,
https://ikman.lk/en/ad/rudhir-saampl-lbaagnnaa-nildhaarinnii-klluboovil-colombo,"# 💼 තනතුර : රුධිර සාම්පල ලබාගන්නා  නිලධාරිණී / Phlebotomists (තලවතුගොඩ, කඩුවෙල, කළුබෝවිල, කොටහේන) - හේමාස් හොස්පිටල්
# 💠 සුදුසුකම් :
【~】✪ හෙද සේවය පිළිබඳ වසරක සහතික පත් පාඨමාලාවක් සමඟ පිළිගත් ආයතනයකින් අනුමත ප්‍රයෝගික පුහුණුව.
【~】✪ කීර්තිමත් සෞඛ්‍ය ආයතනයක රුධිර සාම්පල ලබාගන්නා නිලධාරිණියෙකු ලෙස අවුරුදු 2-3 කට වැඩි පළපුරුද්ද.
【~】✪ විශිෂ්ට සන්නිවේදනය සහ අන්තර් පුද්ගල කුසලතා සහිතව, කාරුණික හා රෝගියාගේ රැකවරණය සඳහා කැපවී සිටීම.
【~】✪ යතුරුපැදියක් ධාවනය කිරීමේ හැකියාව සහ යතුරුපැදියක් හිමිකම්ව සිටීම (අමතර වාසියකි).
# 💠 රැකියාවේ කාර්ය භාරය :
【~】✪ නියමිත ආරක්ෂිත ක්‍රමවේදයන් අනූව රෝගීන්ගෙන් රුධිර සාම්පල ගැනීම හෝ අනෙකුත් වෛද්‍ය පරීක්ෂණ සඳහා අවශ්‍ය නියැදි සුදුසු තාක්ෂණික ක්‍රම භාවිතා කරමින් එකතු කිරීම.
【~】✪ නියැදි හඳුනා ගැනීම සඳහා ලේබල් ඇලවීම සහ නියැදි තොරතුරු පද්ධතියට ඇතුලත් කිරීම.
【~】✪ නියැදි/රුධිර සාම්පල ගැනීම සඳහා නිවැරදි ක්‍රම සහ සූදානම් වීමේ ක්‍රම පිළිබඳ රෝගීන්ව මඟ පෙන්වීම.
# ✅ ප්‍රතිලාභ :
ආකර්ශනීය වැටුපක් සහ අනෙකුත් වරප්‍රසාද රැසක් පිරිනැමේ.
- සවිබල ගැන්වීම සහ සේවක සුභසාධනය
- ජාත්‍යන්තර ප්‍රතීතනය ලත් රෝහලක වෘත්තීය වර්ධනය
# ✅ ඉල්ලුම් කළ යුතු ආකාරය :
ඉහත තනතුර සඳහා සුදුසුම පුද්ගලයා ඔබ නම්, තොරතුරු සටහන (දුරකථන අංක, ලිපිනය, ඊ-මේල් ලිපිනය සහ ඥාතීන් නොවන ඔබ ගැන විමසිය හැකි දෙදෙනෙකුගේ නම්, ලිපිනය සහ දුරකථන අංක) සහිතව මෙම දැන්වීම පළවී දින 07 ක් ඇතුළත පහත ලිපිනයට හෝ ඊ-මේල් ලිපිනයට අයදුම් කරන්න.
＃📳 දුරකථන අංකය : 011 7 888 888 / 0711 341 341
＃ 📧 ඊ-මේල් ලිපිනය : careers@hemashospitals.com
# 📪 ලිපිනය :
මානව සම්පත් කළමනාකරු,
හේමාස් හොස්පිටල් (පුද්ගලික) සමාගම,
647, පන්නිපිටිය පාර,
තලවතුගොඩ.",,
https://ikman.lk/en/ad/rudhir-saampl-lbaagnnaa-nildhaarinnii-kottheen-colombo,"# 💼 තනතුර : රුධිර සාම්පල ලබාගන්නා  නිලධාරිණී / Phlebotomists (තලවතුගොඩ, කඩුවෙල, කළුබෝවිල, කොටහේන) - හේමාස් හොස්පිටල්
# 💠 සුදුසුකම් :
【~】✪ හෙද සේවය පිළිබඳ වසරක සහතික පත් පාඨමාලාවක් සමඟ පිළිගත් ආයතනයකින් අනුමත ප්‍රයෝගික පුහුණුව.
【~】✪ කීර්තිමත් සෞඛ්‍ය ආයතනයක රුධිර සාම්පල ලබාගන්නා නිලධාරිණියෙකු ලෙස අවුරුදු 2-3 කට වැඩි පළපුරුද්ද.
【~】✪ විශිෂ්ට සන්නිවේදනය සහ අන්තර් පුද්ගල කුසලතා සහිතව, කාරුණික හා රෝගියාගේ රැකවරණය සඳහා කැපවී සිටීම.
【~】✪ යතුරුපැදියක් ධාවනය කිරීමේ හැකියාව සහ යතුරුපැදියක් හිමිකම්ව සිටීම (අමතර වාසියකි).
# 💠 රැකියාවේ කාර්ය භාරය :
【~】✪ නියමිත ආරක්ෂිත ක්‍රමවේදයන් අනූව රෝගීන්ගෙන් රුධිර සාම්පල ගැනීම හෝ අනෙකුත් වෛද්‍ය පරීක්ෂණ සඳහා අවශ්‍ය නියැදි සුදුසු තාක්ෂණික ක්‍රම භාවිතා කරමින් එකතු කිරීම.
【~】✪ නියැදි හඳුනා ගැනීම සඳහා ලේබල් ඇලවීම සහ නියැදි තොරතුරු පද්ධතියට ඇතුලත් කිරීම.
【~】✪ නියැදි/රුධිර සාම්පල ගැනීම සඳහා නිවැරදි ක්‍රම සහ සූදානම් වීමේ ක්‍රම පිළිබඳ රෝගීන්ව මඟ පෙන්වීම.
# ✅ ප්‍රතිලාභ :
ආකර්ශනීය වැටුපක් සහ අනෙකුත් වරප්‍රසාද රැසක් පිරිනැමේ.
- සවිබල ගැන්වීම සහ සේවක සුභසාධනය
- ජාත්‍යන්තර ප්‍රතීතනය ලත් රෝහලක වෘත්තීය වර්ධනය
# ✅ ඉල්ලුම් කළ යුතු ආකාරය :
ඉහත තනතුර සඳහා සුදුසුම පුද්ගලයා ඔබ නම්, තොරතුරු සටහන (දුරකථන අංක, ලිපිනය, ඊ-මේල් ලිපිනය සහ ඥාතීන් නොවන ඔබ ගැන විමසිය හැකි දෙදෙනෙකුගේ නම්, ලිපිනය සහ දුරකථන අංක) සහිතව මෙම දැන්වීම පළවී දින 07 ක් ඇතුළත පහත ලිපිනයට හෝ ඊ-මේල් ලිපිනයට අයදුම් කරන්න.
＃📳 දුරකථන අංකය : 011 7 888 888 / 0711 341 341
＃ 📧 ඊ-මේල් ලිපිනය : careers@hemashospitals.com
# 📪 ලිපිනය :
මානව සම්පත් කළමනාකරු,
හේමාස් හොස්පිටල් (පුද්ගලික) සමාගම,
647, පන්නිපිටිය පාර,
තලවතුගොඩ.",,
https://ikman.lk/en/ad/staff-nurse-colombo-1,"💼 𝐏𝐎𝐒𝐈𝐓𝐈𝐎𝐍 : STAFF NURSES – THALAWATHUGODA & WATTALA (ETU / ICU / OPERATION THEATER & WARDS)
💠 𝐑𝐄𝐐𝐔𝐈𝐑𝐄𝐌𝐄𝐍𝐓𝐒 : | # 💠 𝐂𝐀𝐍𝐃𝐈𝐃𝐀𝐓𝐄 𝐏𝐑𝐎𝐅𝐈𝐋𝐄 :
【~】✪ 3 year Nursing Diploma or Degree supported with an approved theory and practical course structured from a recognized institute.
【~】✪ Registered Nurse in SLNC or PHSRC.
【~】✪ More than 2–3 years' experience as a staff nurse in a reputed healthcare institute.
【~】✪ Excellent communication and interpersonal skills, kindhearted and dedicated to patient care.
💠 𝐑𝐄𝐒𝐏𝐎𝐍𝐒𝐈𝐁𝐈𝐋𝐈𝐓𝐈𝐄𝐒 : | # 💠 𝐉𝐎𝐁 𝐏𝐑𝐎𝐅𝐈𝐋𝐄 :
【~】✪ Provide effective, patient centered nursing care while ensuring all clinical quality standards are met.
【~】✪ Communicate clearly with patients and their guardians regarding treatment plans and care needs.
【~】✪ Support daily clinical activities and cooperate with the healthcare team to ensure smooth patient care delivery.
【~】✪ Monitor, document, and report hospital acquired infections in accordance with clinical protocols and safety guidelines.
✅ 𝐁𝐄𝐍𝐄𝐅𝐈𝐓𝐒 :
【~】✪ We offer an attractive remuneration package & incentives that are above market standards for the suitable candidate.
【~】✪ Empowerment & employee wellness programs at Sri Lanka's most internationally-accredited hospital.
✅ 𝐇𝐎𝐖 𝐓𝐎 𝐀𝐏𝐏𝐋𝐘 ✍️ :
If you feel you are the right individual for the above position, then apply via ""𝗔𝗽𝗽𝗹𝘆 𝗡𝗼𝘄 "" of this advert.
[ 𝐖𝐄 𝐇𝐈𝐆𝐇𝐋𝐘 𝐈𝐍𝐅𝐎𝐑𝐌 𝐀𝐋𝐋 𝐓𝐇𝐄 𝐂𝐀𝐍𝐃𝐈𝐃𝐀𝐓𝐄𝐒 𝐓𝐎 𝐌𝐄𝐍𝐓𝐈𝐎𝐍 𝐀 𝐕𝐀𝐋𝐈𝐃 𝐌𝐎𝐁𝐈𝐋𝐄 𝐍𝐔𝐌𝐁𝐄𝐑 & 𝐈𝐓 𝐈𝐒 𝐂𝐎𝐌𝐏𝐔𝐋𝐒𝐎𝐑𝐘 𝐓𝐎 𝐀𝐓𝐓𝐀𝐂𝐇 𝐘𝐎𝐔𝐑 𝐂𝐕 𝐁𝐘 𝐔𝐏𝐃𝐀𝐓𝐈𝐍𝐆 𝐘𝐎𝐔𝐑 ""𝗜𝗞𝗠𝗔𝗡 𝗥𝗘𝗦𝗨𝗠𝗘"" ]
＃📳 𝓒𝓸𝓷𝓽𝓪𝓬𝓽 : 011 7 888 888 / 0711 341 341
＃ 📧 𝐸𝓂𝒶𝒾𝓁: recruiter@hemashospitals.com
📍 Address: General Manager - Human Resources, HEMAS HOSPITALS (PVT) LTD, 389, Negombo Road, Handala, Wattala / 647, Pannipitiya Road, Thalawathugoda.",,
https://ikman.lk/en/ad/staff-nurse-gampaha,"💼 𝐏𝐎𝐒𝐈𝐓𝐈𝐎𝐍 : STAFF NURSES – THALAWATHUGODA & WATTALA (ETU / ICU / OPERATION THEATER & WARDS)
💠 𝐑𝐄𝐐𝐔𝐈𝐑𝐄𝐌𝐄𝐍𝐓𝐒 : | # 💠 𝐂𝐀𝐍𝐃𝐈𝐃𝐀𝐓𝐄 𝐏𝐑𝐎𝐅𝐈𝐋𝐄 :
【~】✪ 3 year Nursing Diploma or Degree supported with an approved theory and practical course structured from a recognized institute.
【~】✪ Registered Nurse in SLNC or PHSRC.
【~】✪ More than 2–3 years' experience as a staff nurse in a reputed healthcare institute.
【~】✪ Excellent communication and interpersonal skills, kindhearted and dedicated to patient care.
💠 𝐑𝐄𝐒𝐏𝐎𝐍𝐒𝐈𝐁𝐈𝐋𝐈𝐓𝐈𝐄𝐒 : | # 💠 𝐉𝐎𝐁 𝐏𝐑𝐎𝐅𝐈𝐋𝐄 :
【~】✪ Provide effective, patient centered nursing care while ensuring all clinical quality standards are met.
【~】✪ Communicate clearly with patients and their guardians regarding treatment plans and care needs.
【~】✪ Support daily clinical activities and cooperate with the healthcare team to ensure smooth patient care delivery.
【~】✪ Monitor, document, and report hospital acquired infections in accordance with clinical protocols and safety guidelines.
✅ 𝐁𝐄𝐍𝐄𝐅𝐈𝐓𝐒 :
【~】✪ We offer an attractive remuneration package & incentives that are above market standards for the suitable candidate.
【~】✪ Empowerment & employee wellness programs at Sri Lanka's most internationally-accredited hospital.
✅ 𝐇𝐎𝐖 𝐓𝐎 𝐀𝐏𝐏𝐋𝐘 ✍️ :
If you feel you are the right individual for the above position, then apply via ""𝗔𝗽𝗽𝗹𝘆 𝗡𝗼𝘄 "" of this advert.
[ 𝐖𝐄 𝐇𝐈𝐆𝐇𝐋𝐘 𝐈𝐍𝐅𝐎𝐑𝐌 𝐀𝐋𝐋 𝐓𝐇𝐄 𝐂𝐀𝐍𝐃𝐈𝐃𝐀𝐓𝐄𝐒 𝐓𝐎 𝐌𝐄𝐍𝐓𝐈𝐎𝐍 𝐀 𝐕𝐀𝐋𝐈𝐃 𝐌𝐎𝐁𝐈𝐋𝐄 𝐍𝐔𝐌𝐁𝐄𝐑 & 𝐈𝐓 𝐈𝐒 𝐂𝐎𝐌𝐏𝐔𝐋𝐒𝐎𝐑𝐘 𝐓𝐎 𝐀𝐓𝐓𝐀𝐂𝐇 𝐘𝐎𝐔𝐑 𝐂𝐕 𝐁𝐘 𝐔𝐏𝐃𝐀𝐓𝐈𝐍𝐆 𝐘𝐎𝐔𝐑 ""𝗜𝗞𝗠𝗔𝗡 𝗥𝗘𝗦𝗨𝗠𝗘"" ]
＃📳 𝓒𝓸𝓷𝓽𝓪𝓬𝓽 : 011 7 888 888 / 0711 341 341
＃ 📧 𝐸𝓂𝒶𝒾𝓁: careers@hemashospitals.com
📍 Address: General Manager - Human Resources, HEMAS HOSPITALS (PVT) LTD, 389, Negombo Road, Handala, Wattala / 647, Pannipitiya Road, Thalawathugoda.",,
https://ikman.lk/en/ad/staff-nurses-colombo-1,"💼 𝐏𝐎𝐒𝐈𝐓𝐈𝐎𝐍 : STAFF NURSES / NURSING SUPERVISOR – THALAWATHUGODA (ICU)
💠 𝐑𝐄𝐐𝐔𝐈𝐑𝐄𝐌𝐄𝐍𝐓𝐒 : | # 💠 𝐂𝐀𝐍𝐃𝐈𝐃𝐀𝐓𝐄 𝐏𝐑𝐎𝐅𝐈𝐋𝐄 :
【~】✪ 3 year Nursing Diploma or Degree supported with an approved theory and practical course structured from a recognized institute.
【~】✪ Registered Nurse in SLNC or PHSRC.
【~】✪ More than 3 years’ experience as a staff nurse in a reputed healthcare institute.
【~】✪ Excellent communication and interpersonal skills, kindhearted and dedicated to patient care.
💠 𝐑𝐄𝐒𝐏𝐎𝐍𝐒𝐈𝐁𝐈𝐋𝐈𝐓𝐈𝐄𝐒 : | # 💠 𝐉𝐎𝐁 𝐏𝐑𝐎𝐅𝐈𝐋𝐄 :
【~】✪ Provide effective, patient centered nursing care while ensuring all clinical quality standards are met.
【~】✪ Communicate clearly with patients and their guardians regarding treatment plans and care needs.
【~】✪ Support daily clinical activities and cooperate with the healthcare team to ensure smooth patient care delivery.
【~】✪ Monitor, document, and report hospital acquired infections in accordance with clinical protocols and safety guidelines.
✅ 𝐁𝐄𝐍𝐄𝐅𝐈𝐓𝐒 :
【~】✪ We offer an attractive remuneration package & incentives that are above market standards for the suitable candidate.
【~】✪ Empowerment & employee wellness programs at Sri Lanka's most internationally-accredited hospital.
✅ 𝐇𝐎𝐖 𝐓𝐎 𝐀𝐏𝐏𝐋𝐘 ✍️ :
If you feel you are the right individual for the above position, then apply via ""𝗔𝗽𝗽𝗹𝘆 𝗡𝗼𝘄 "" of this advert.
[ 𝐖𝐄 𝐇𝐈𝐆𝐇𝐋𝐘 𝐈𝐍𝐅𝐎𝐑𝐌 𝐀𝐋𝐋 𝐓𝐇𝐄 𝐂𝐀𝐍𝐃𝐈𝐃𝐀𝐓𝐄𝐒 𝐓𝐎 𝐌𝐄𝐍𝐓𝐈𝐎𝐍 𝐀 𝐕𝐀𝐋𝐈𝐃 𝐌𝐎𝐁𝐈𝐋𝐄 𝐍𝐔𝐌𝐁𝐄𝐑 & 𝐈𝐓 𝐈𝐒 𝐂𝐎𝐌𝐏𝐔𝐋𝐒𝐎𝐑𝐘 𝐓𝐎 𝐀𝐓𝐓𝐀𝐂𝐇 𝐘𝐎𝐔𝐑 𝐂𝐕 𝐁𝐘 𝐔𝐏𝐃𝐀𝐓𝐈𝐍𝐆 𝐘𝐎𝐔𝐑 ""𝗜𝗞𝗠𝗔𝗡 𝗥𝗘𝗦𝗨𝗠𝗘"" ]
＃📳 𝓒𝓸𝓷𝓽𝓪𝓬𝓽 : 011 7 888 888 / 0711 341 341
＃ 📧 𝐸𝓂𝒶𝒾𝓁: careers@hemashospitals.com
📍 Address: General Manager - Human Resources, HEMAS HOSPITALS (PVT) LTD, 389, Negombo Road, Handala, Wattala / 647, Pannipitiya Road, Thalawathugoda.",,
https://ikman.lk/en/ad/nursing-supervisor-colombo,"💼 𝐏𝐎𝐒𝐈𝐓𝐈𝐎𝐍 : STAFF NURSES / NURSING SUPERVISOR – THALAWATHUGODA (ICU)
💠 𝐑𝐄𝐐𝐔𝐈𝐑𝐄𝐌𝐄𝐍𝐓𝐒 : | # 💠 𝐂𝐀𝐍𝐃𝐈𝐃𝐀𝐓𝐄 𝐏𝐑𝐎𝐅𝐈𝐋𝐄 :
【~】✪ 3 year Nursing Diploma or Degree supported with an approved theory and practical course structured from a recognized institute.
【~】✪ Registered Nurse in SLNC or PHSRC.
【~】✪ More than 3 years’ experience as a staff nurse in a reputed healthcare institute.
【~】✪ Excellent communication and interpersonal skills, kindhearted and dedicated to patient care.
💠 𝐑𝐄𝐒𝐏𝐎𝐍𝐒𝐈𝐁𝐈𝐋𝐈𝐓𝐈𝐄𝐒 : | # 💠 𝐉𝐎𝐁 𝐏𝐑𝐎𝐅𝐈𝐋𝐄 :
【~】✪ Provide effective, patient centered nursing care while ensuring all clinical quality standards are met.
【~】✪ Communicate clearly with patients and their guardians regarding treatment plans and care needs.
【~】✪ Support daily clinical activities and cooperate with the healthcare team to ensure smooth patient care delivery.
【~】✪ Monitor, document, and report hospital acquired infections in accordance with clinical protocols and safety guidelines.
✅ 𝐁𝐄𝐍𝐄𝐅𝐈𝐓𝐒 :
【~】✪ We offer an attractive remuneration package & incentives that are above market standards for the suitable candidate.
【~】✪ Empowerment & employee wellness programs at Sri Lanka's most internationally-accredited hospital.
✅ 𝐇𝐎𝐖 𝐓𝐎 𝐀𝐏𝐏𝐋𝐘 ✍️ :
If you feel you are the right individual for the above position, then apply via ""𝗔𝗽𝗽𝗹𝘆 𝗡𝗼𝘄 "" of this advert.
[ 𝐖𝐄 𝐇𝐈𝐆𝐇𝐋𝐘 𝐈𝐍𝐅𝐎𝐑𝐌 𝐀𝐋𝐋 𝐓𝐇𝐄 𝐂𝐀𝐍𝐃𝐈𝐃𝐀𝐓𝐄𝐒 𝐓𝐎 𝐌𝐄𝐍𝐓𝐈𝐎𝐍 𝐀 𝐕𝐀𝐋𝐈𝐃 𝐌𝐎𝐁𝐈𝐋𝐄 𝐍𝐔𝐌𝐁𝐄𝐑 & 𝐈𝐓 𝐈𝐒 𝐂𝐎𝐌𝐏𝐔𝐋𝐒𝐎𝐑𝐘 𝐓𝐎 𝐀𝐓𝐓𝐀𝐂𝐇 𝐘𝐎𝐔𝐑 𝐂𝐕 𝐁𝐘 𝐔𝐏𝐃𝐀𝐓𝐈𝐍𝐆 𝐘𝐎𝐔𝐑 ""𝗜𝗞𝗠𝗔𝗡 𝗥𝗘𝗦𝗨𝗠𝗘"" ]
＃📳 𝓒𝓸𝓷𝓽𝓪𝓬𝓽 : 011 7 888 888 / 0711 341 341
＃ 📧 𝐸𝓂𝒶𝒾𝓁: careers@hemashospitals.com
📍 Address: General Manager - Human Resources, HEMAS HOSPITALS (PVT) LTD, 389, Negombo Road, Handala, Wattala / 647, Pannipitiya Road, Thalawathugoda.",,
https://ikman.lk/en/ad/pharmacist-thalawathugoda-colombo,"💼 𝐏𝐎𝐒𝐈𝐓𝐈𝐎𝐍 : PHARMACIST – THALAWATHUGODA
💠 𝐑𝐄𝐐𝐔𝐈𝐑𝐄𝐌𝐄𝐍𝐓𝐒 : | # 💠 𝐂𝐀𝐍𝐃𝐈𝐃𝐀𝐓𝐄 𝐏𝐑𝐎𝐅𝐈𝐋𝐄 :
【~】✪ Degree, Diploma or External Pharmacist Certificate with SLMC Registration as a Pharmacist.
【~】✪ Minimum 02 Years Experience in a Pharmacy at a Hospital or in a Retail Pharmacy.
【~】✪ IT Literacy, Communication Skills and Public Relation Skills.
【~】✪ Ability to Work on Shift Basis.
💠 𝐑𝐄𝐒𝐏𝐎𝐍𝐒𝐈𝐁𝐈𝐋𝐈𝐓𝐈𝐄𝐒 : | # 💠 𝐉𝐎𝐁 𝐏𝐑𝐎𝐅𝐈𝐋𝐄 :
【~】✪ Responsible for dispensing drugs and consumables on a prescription for patients.
【~】✪ Improve the efficiency of the pharmacy process to maintain uninterrupted pharmacy operations and to serve all the customers.
【~】✪ Ensure appropriate storage and availability of essential and life saving drugs.
【~】✪ Counselling of patients with appropriate advice with regard to usage of medicine.
✅ 𝐁𝐄𝐍𝐄𝐅𝐈𝐓𝐒 :
【~】✪ We offer an attractive remuneration package & incentives that are above market standards for the suitable candidate.
✅ 𝐇𝐎𝐖 𝐓𝐎 𝐀𝐏𝐏𝐋𝐘 ✍️ :
If you feel you are the right individual for the above position, then apply via ""𝗔𝗽𝗽𝗹𝘆 𝗡𝗼𝘄 "" of this advert.
[ 𝐖𝐄 𝐇𝐈𝐆𝐇𝐋𝐘 𝐈𝐍𝐅𝐎𝐑𝐌 𝐀𝐋𝐋 𝐓𝐇𝐄 𝐂𝐀𝐍𝐃𝐈𝐃𝐀𝐓𝐄𝐒 𝐓𝐎 𝐌𝐄𝐍𝐓𝐈𝐎𝐍 𝐀 𝐕𝐀𝐋𝐈𝐃 𝐌𝐎𝐁𝐈𝐋𝐄 𝐍𝐔𝐌𝐁𝐄𝐑 & 𝐈𝐓 𝐈𝐒 𝐂𝐎𝐌𝐏𝐔𝐋𝐒𝐎𝐑𝐘 𝐓𝐎 𝐀𝐓𝐓𝐀𝐂𝐇 𝐘𝐎𝐔𝐑 𝐂𝐕 𝐁𝐘 𝐔𝐏𝐃𝐀𝐓𝐈𝐍𝐆 𝐘𝐎𝐔𝐑 ""𝗜𝗞𝗠𝗔𝗡 𝗥𝗘𝗦𝗨𝗠𝗘"" ]
＃📳 𝓒𝓸𝓷𝓽𝓪𝓬𝓽 : 011 7 888 888 / 0711 341 341
＃ 📧 𝐸𝓂𝒶𝒾𝓁: careers@hemashospitals.com
📍 Address: General Manager - Human Resources, HEMAS HOSPITALS (PVT) LTD, 647, Pannipitiya Road, Thalawathugoda.",,
https://ikman.lk/en/ad/pharmacy-assistant-kurunnaaegl-kurunegala,"💊✨ රැකියාවක් සොයන ඔබට මෙන්න හොඳම අවස්ථාවක්..!📍
කුරුණෑගල ප්‍රදේශයේ පිහිටි ප්‍රසිද්ධ ඔසුසලක Pharmacy Assistant තනතුර සඳහා රැකියා ඇබෑර්තු පවතී.
✅ අයදුම් කළ හැක්කේ :
🔹 වයස අවුරුදු 18 – 35 අතර
🔹 උසස් පෙළ විභාගයට විද්‍යා අංශයෙන් පෙනී සිටි
🔹 පුහුණු / නුපුහුණු
🔹 ගැහැණු / පිරිමි දෙපාර්ශ්වයම
💰 ආකර්ෂණීය වැටුපක්
🛡️ ආරක්ෂිත හා සුහදශීලී සේවා පරිසරය
🤝 අත්දැකීම් නොමැති අයද අයදුම් කළ හැක
📞 වැඩි විස්තර සඳහා අමතන්න : 070 463 6235
📲 ඔබගේ අයදුම් පත්‍රය අදම WhatsApp කරන්න :
📩 076 966 4065",,
https://ikman.lk/en/ad/saattu-seevikaa-colombo-1,වැඩිහිටි නිවාසයක් සදහා නැවතී සේවය කිරීමට හැකි. සාත්තු සේවිකාවක් අවශ්‍යයි,,
https://ikman.lk/en/ad/pharmacy-assistant-colombo-368,"🏥 Job Vacancy: Experienced Pharmacy Assistant
A well-established pharmacy is seeking an experienced Pharmacy Assistant to join our team at a convenient and accessible location in Thalahena, Malabe.
📍 Workplace Details : RANMED PHARMACY
📌 Position : Experienced Pharmacy Assistant
📌 Location : Thalahena, Malabe
🕘 Working Hours : 9:00 AM – 9:00 PM
Age Limit - From 18 yrs - 35 yrs
☀️ ONLY FOR WELL EXPERIENCED ☀️
📞 Contact Information
Tel / WhatsApp: 071 041 1207
===========================
🏥 රැකියා  ඇබෑර්තුව: පළපුරුදු ඖෂධසල් සහායක/සහායිකා (Pharmacy Assistant)
මාලබේ, තලහේන ප්‍රදේශයේ පිහිටි ප්‍රමුඛ පෙළේ ඖෂධසලක් සඳහා පළපුරුදු ඖෂධසල් සහායකයින් වහාම බඳවා ගනු ලැබේ.
📍 සේවා ස්ථානය : රැන්මෙඩ් ෆාමසිය (RANMED PHARMACY)
📌 තනතුර : පළපුරුදු ඖෂධසල් සහායක / සහායිකා
📌 ස්ථානය : තලාහේන, මාලබේ
🕘 සේවා කාලය : පෙරවරු 9:00 සිට පස්වරු 9:00
දක්වා
වයස් සීමාව - අවුරුදු 18 සිට අවුරුදු 35 දක්වා
☀️ හොඳින් පළපුරුදු අත්දැකීම් ඇති අය සඳහා  පමණි ☀️
📞 සම්බන්ධ කර ගැනීමට
දුරකථන / WhatsApp: 071 041 1207",,
https://ikman.lk/en/ad/pharmacy-assistant-kandy-14,"💊 ඉක්මන් රැකියා අවස්ථාවක් – Male Pharmacy Assistant (Kandy ) 💊
🏥. මහනුවර නගරයේ ඇති ප්‍රසිද්ධ ෆාමසියක් සඳහා පිරිමි Pharmacy Assistant වරුන් බඳවා ගැනේ.
✅ අවම වසර 1ක Pharmacy පළපුරුද්ද අවශ්‍යයි
✅ වැටුප රු. 85000 - 110000  (පළපුරුද්ද අනුව)
✅ සුහදශීලී හා පාරිභෝගික සේවයට කැමති අය විය යුතුය
✅ වහාම බඳවා ගැනේ
📌 Trainee Pharmacy Assistant අවස්ථාද ඇත
✔️ පෙර පළපුරුද්ද අවශ්‍ය නොවේ
✔️ A/L සමත් විය යුතුය
✔️ ඉංග්‍රීසි දැනුමක් තිබිය යුතුය
📞 අමතන්න: Chamindu – 0767582048/ 0772835999
Cv  Whats  app කරන්න
✨ ඔබේ Pharmacy වෘත්තීය ජීවිතය අදම ආරම්භ කරන්න!",,
https://ikman.lk/en/ad/speech-therapist-colombo-1,"Speech Therapist
Responsibilities
- Conduct comprehensive assessments of patients with speech, language, communication, voice, and swallowing disorders.
- Develop individualized therapy plans to improve communication skills, speech clarity, language development, and swallowing function.
- Provide evidence-based speech therapy interventions for children and adults with developmental, neurological, or acquired communication difficulties.
- Educate patients, caregivers, and family members on therapeutic techniques and home-based exercises to support progress and independence.
- Collaborate closely with physicians, nurses, occupational therapists, physiotherapists, and other healthcare professionals to ensure coordinated patient care.
- Maintain accurate and up-to-date patient records, therapy notes, progress reports, and treatment documentation in compliance with healthcare regulations.
Qualifications
- A Bachelor’s Degree in Speech and Language Therapy / Speech Pathology from a recognized institution.
- Should be registered with the Sri Lanka Medical Council (SLMC).
Salary
- LKR 60,000 – 100,000
- Please prepare similar poster using the content",,
https://ikman.lk/en/ad/nurse-battaramulla-colombo,"🏥💉 හෙද සිහිනය සැබෑවක් කරගැනීමට මෙන්න ඔබට හොඳම අවස්ථාවක්..!
📍 බත්තරමුල්ල ප්‍රදේශයේ පිහිටි ප්‍රසිද්ධ පෞද්ගලික වෛද්‍ය මධ්‍යස්ථානයක හෙදියන් සඳහා රැකියා ඇබෑර්තු ඇත
✅ සුදුසුකම්
🔹 වයස අවුරුදු 18 – 35 අතර විය යුතුය
🔹 හෙද පුහුණු ඩිප්ලෝමාව හදාරා අවසන් කර ඇති හෝ හදාරමින් සිටිය යුතුය
🔹 ගැහැණු / පිරිමි දෙපාර්ශවය සඳහාම අයදුම් කළ හැකිය
🔹 වගකීමකින් හා කැපවීමෙන් සේවය කළ හැකි අය විශේෂයි
🔹 රෝගීන් සමඟ කරුණාවෙන් හා සුහදශීලීව කටයුතු කළ හැකි අය
💰 ආකර්ෂණීය වැටුපක්
🩺 ආරක්ෂිත හා සුහද සේවා පරිසරයක්
📞 වැඩි විස්තර සඳහා අමතන්න
☎️ 074 124 3099
☎️ 076 348 3188
📲 ඔබගේ අයදුම් පත්‍රය අදම WhatsApp කරන්න
📩 074 124 3099",,
https://ikman.lk/en/ad/pharmacist-colombo-289,"Responsibilities
- Dispensing medications as prescribed by doctors and other medical professionals
- Providing information and advice about drugs, their side effects, correct dosage and proper storage
- Keeping records such as pharmacy files, patient profiles, charge system files, inventories, and registries of poisons, narcotics or controlled drugs
- Ordering and purchasing pharmaceutical supplies, medical supplies, or drugs
- Analyzing prescribing trends to monitor patient compliance and to prevent excessive usage or harmful interactions
Qualifications
- Degree or Diploma in Pharmacy
- SLMC registration
- Minimum 1 year experience
Salary
- LKR 75,000 – 150,000
APPLY NOW
- Address: 37, Frances Road, Colombo – 06
- Telephone: +94 11 255 22 55
- Mobile (WhatsApp): +94 76 22 55 965
- Email: info.sivahomecareandmedicals@gmail.com",,
https://ikman.lk/en/ad/lab-assistant-colombo-60,"🔹 Job Vacancy – Lab Assistant 🔹
📍 Asia Ophthalmic Machine Centre
We are looking for a dedicated Full-Time Lab Assistant to join our team.
🛠️ Job Responsibilities:
✅ Lens cutting & shaping using machines
✅ Fitting lenses to frames
✅ Cleaning & polishing lenses
✅ Preparing lenses according to order sheets
✅ Basic prescription/power checking
✅ Cleaning & maintaining lab equipment
✅ Checking stock of lenses, frames & accessories
✅ Packing ready items for dispatch
✅ Following supervisor instructions
✅ Supporting quality checking processes
🎯 Full-Time Position
📞 Call / WhatsApp:
0712084182
📩 Contact us for more information.",,
https://ikman.lk/en/ad/pharmacy-assistant-colombo-colombo,It’s much better if registered with the SLMC,,
https://ikman.lk/en/ad/nurse-kandy-kandy-7,"🏥💉 ඔබගේ හෙද සිහිනය සැබෑවක් කර ගැනීමට හොඳම අවස්ථාවක්!
📍මහනුවර ප්‍රදේශයේ පිහිටි ප්‍රසිද්ධ පෞද්ගලික රෝහලක හෙද තනතුරු සඳහා රැකියා ඇබෑර්තු ඇත
🔅සුදුසුකම්
✅ හෙද පුහුණු පාඨමාලාව හදාරා අවසන් කර ඇති
හෝ හදාරමින් සිටින අය සඳහා අවස්ථාව
✅ වයස අවුරුදු 18 – 35 අතර
✅ ගැහැණු / පිරිමි දෙපාර්ශවයටම අයදුම් කළ හැක
✅ පෙර පළපුරුද්ද ඇති අයට විශේෂ ප්‍රමුඛතාව
✅ ආකර්ශනීය වැටුපක්
✅ ප්‍රායෝගික පුහුණුව ලබාදේ
✅ උසස්වීම් සහ වෘත්තීය සංවර්ධන අවස්ථා
✅ ආරක්ෂිත, සුහදශීලී සේවා පරිසරයක්
📞 වැඩි විස්තර සඳහා අමතන්න:070 463 6235
📲 ඔබගේ අයදුම් පත්‍රය අදම WhatsApp කරන්න:074 149 7970",,
https://ikman.lk/en/ad/nurse-kurunegala-kurunegala-4,"🏥✨ හෙද සිහිනය සැබෑවක් කරගැනීමට ඔබටත් අනගි අවස්ථාවක්!
📍 කුරුණෑගල ප්‍රදේශයේ පිහිටි ප්‍රසිද්ධ පෞද්ගලික රෝහලක හෙදියන් / හෙද නිලධාරීන් සඳහා රැකියා ඇබෑර්තු ඇත.
✅ සුදුසුකම්
🔹 වයස අවුරුදු 18 – 35 අතර
🔹 හෙද පුහුණු පාඨමාලාව හදාරා අවසන් කර ඇති / හදාරමින් සිටින
🔹 පුහුණු සහ නුපුහුණු ගැහැණු / පිරිමි දෙපාර්ශ්වයටම අයදුම් කළ හැක
🔹 වගකීමෙන් හා කැපවීමෙන් සේවය කළ හැකි විය යුතුය
🔹 රෝගීන්ට කරුණාවෙන් හා සුහදශීලීව සේවය කළ හැකි අය සඳහා විශේෂ අවස්ථාවක්
💰 ආකර්ෂණීය වැටුපක්
🏥 ආරක්ෂිත හා සුවපහසු සේවා පරිසරයක්
🤝 සුහදශීලී කාර්ය මණ්ඩලය
📞 වැඩි විස්තර සඳහා අමතන්න: 070 463 6235
📲 ඔබගේ අයදුම් පත්‍රය අදම WhatsApp කරන්න:076 966 4065",,
https://ikman.lk/en/ad/dental-assistant-nurse-colombo,"Looking for a experienced dental nurse and talented enthusiast trainees to clinic located in Bambalapity
Depending on the experience salary will be given
Accommodation can be arranged",,
https://ikman.lk/en/ad/cleaning-staff-jaffna-jaffna-2,"_*💢உடனடி வேலைவாய்ப்பு*_
💎 _யாழ் நகரில் அமைந்துள்ள பிரபல தனியார் வைத்தியசாலை ஒன்றில் வேலைவாய்ப்பு_
💢 *Cleaning Staff (துப்பரவு பணியாளர்)*
💢 *Cooking Staff (சமையலாளர்)*
♦️பெண்கள் விரும்பத்தக்கது
🔉 வயது எல்லை :- 30 வயதிற்கு மேற்பட்டோர்
*🔉 வேலை நேரம் 08.30 a.m - 02.00 pm*
📍_*Location :- Jaffna*_
📱 *தொடர்புகளுக்கு :-*
*0767712172 /*
*0779981914*",,
https://ikman.lk/en/ad/aadhunik-aussdhveedii-shaayk-shaayikaa-paelmddull-ratnapura,"# 💼 තනතුර : ආධුනික ඖෂධවේදී සහායක/සහායිකා
=======================
රත්නපුර දිස්ත්‍රික්කයේ තරුණ තරුණියන් සඳහා රැකියා අවස්ථා
# 💠 සුදුසුකම් :
【~】✪ වයස: අවුරුදු 18 - 50 අතර
【~】✪ අ.පො.ස. සා/පෙළ හෝ අ.පො.ස. උ/පෙළ දක්වා
# 💠 රැකියාවේ කාර්ය භාරය :
【~】✪ ස්ථීර අනාගතයකට ස්ථාවර රැකියාවක්
【~】✪ රැකියා ජීවිතයේ විශිෂ්ටයෙකු වන්න අපත් සමගින් අත්වැල් බැඳගන්න
# ✅ ප්‍රතිලාභ :
ආකර්ශනීය වැටුපක් සහ අනෙකුත් වරප්‍රසාද රැසක් පිරිනැමේ.
රු. 55,000/- වැඩි ආකර්ෂණීය මාසික වැටුපක්
(රු. 30,000 + දිරි දීමනා + අතිකාල දීමනා + පැමිණීමේ දීමනා)
# ✅ ඉල්ලුම් කළ යුතු ආකාරය :
සම්මුඛ පරීක්ෂණ සඳහා අයදුම්පත්‍රයක් සමඟ පැමිණෙන්න.
# 📅 සම්මුඛ පරීක්ෂණ දිනය සහ වේලාව :
2026 මැයි 18, පෙ.ව. 9.00 සිට ප.ව. 1.00 දක්වා
# 📪 සම්මුඛ පරීක්ෂණ ස්ථාන :
• රත්නපුර කාගිල්ස් ෆුඩ් සිටි (බස් නැවතුම්පොළ අසල)
• පැල්මඩුල්ල කාගිල්ස් ෆුඩ් සිටි
• බලංගොඩ සංස්කෘතික මධ්‍යස්ථානය (බලංගොඩ ප්‍රාදේශීය ලේකම් කාර්යාල පරිශ්‍රය)
# 📳 දුරකථන අංකය :
076 448 6927 / 077 114 9247 / 076 740 8168 / 076 541 6882
# 📧 ඊ-මේල් ලිපිනය :
careers@cargillsceylon.com
# 📪 ලිපිනය (කාගිල්ස් බඳවා ගැනීමේ සහ පුහුණු මධ්‍යස්ථානය) :
2 වන මහල - දේවි ගොඩනැගිල්ල,
142, බෞද්ධාලෝක මාවත, බම්බලපිටිය, කොළඹ 04
(2 වන මහල - බෞද්ධාලෝක මාවත කාගිල්ස් ශාඛාව)
---
Cargills Food City
අපගේ කණ්ඩායම අපගේ ශක්තියයි.",,
https://ikman.lk/en/ad/aadhunik-aussdhveedii-shaayk-shaayikaa-rtnpur-ratnapura,"# 💼 තනතුර : ආධුනික ඖෂධවේදී සහායක/සහායිකා
=======================
රත්නපුර දිස්ත්‍රික්කයේ තරුණ තරුණියන් සඳහා රැකියා අවස්ථා
# 💠 සුදුසුකම් :
【~】✪ වයස: අවුරුදු 18 - 50 අතර
【~】✪ අ.පො.ස. සා/පෙළ හෝ අ.පො.ස. උ/පෙළ දක්වා
# 💠 රැකියාවේ කාර්ය භාරය :
【~】✪ ස්ථීර අනාගතයකට ස්ථාවර රැකියාවක්
【~】✪ රැකියා ජීවිතයේ විශිෂ්ටයෙකු වන්න අපත් සමගින් අත්වැල් බැඳගන්න
# ✅ ප්‍රතිලාභ :
ආකර්ශනීය වැටුපක් සහ අනෙකුත් වරප්‍රසාද රැසක් පිරිනැමේ.
රු. 55,000/- වැඩි ආකර්ෂණීය මාසික වැටුපක්
(රු. 30,000 + දිරි දීමනා + අතිකාල දීමනා + පැමිණීමේ දීමනා)
# ✅ ඉල්ලුම් කළ යුතු ආකාරය :
සම්මුඛ පරීක්ෂණ සඳහා අයදුම්පත්‍රයක් සමඟ පැමිණෙන්න.
# 📅 සම්මුඛ පරීක්ෂණ දිනය සහ වේලාව :
2026 මැයි 18, පෙ.ව. 9.00 සිට ප.ව. 1.00 දක්වා
# 📪 සම්මුඛ පරීක්ෂණ ස්ථාන :
• රත්නපුර කාගිල්ස් ෆුඩ් සිටි (බස් නැවතුම්පොළ අසල)
• පැල්මඩුල්ල කාගිල්ස් ෆුඩ් සිටි
• බලංගොඩ සංස්කෘතික මධ්‍යස්ථානය (බලංගොඩ ප්‍රාදේශීය ලේකම් කාර්යාල පරිශ්‍රය)
# 📳 දුරකථන අංකය :
076 448 6927 / 077 114 9247 / 076 740 8168 / 076 541 6882
# 📧 ඊ-මේල් ලිපිනය :
careers@cargillsceylon.com
# 📪 ලිපිනය (කාගිල්ස් බඳවා ගැනීමේ සහ පුහුණු මධ්‍යස්ථානය) :
2 වන මහල - දේවි ගොඩනැගිල්ල,
142, බෞද්ධාලෝක මාවත, බම්බලපිටිය, කොළඹ 04
(2 වන මහල - බෞද්ධාලෝක මාවත කාගිල්ස් ශාඛාව)
---
Cargills Food City
අපගේ කණ්ඩායම අපගේ ශක්තියයි.",,
https://ikman.lk/en/ad/aadhunik-aussdhveedii-shaayk-shaayikaa-blngodd-ratnapura,"# 💼 තනතුර : ආධුනික ඖෂධවේදී සහායක/සහායිකා
=======================
රත්නපුර දිස්ත්‍රික්කයේ තරුණ තරුණියන් සඳහා රැකියා අවස්ථා
# 💠 සුදුසුකම් :
【~】✪ වයස: අවුරුදු 18 - 50 අතර
【~】✪ අ.පො.ස. සා/පෙළ හෝ අ.පො.ස. උ/පෙළ දක්වා
# 💠 රැකියාවේ කාර්ය භාරය :
【~】✪ ස්ථීර අනාගතයකට ස්ථාවර රැකියාවක්
【~】✪ රැකියා ජීවිතයේ විශිෂ්ටයෙකු වන්න අපත් සමගින් අත්වැල් බැඳගන්න
# ✅ ප්‍රතිලාභ :
ආකර්ශනීය වැටුපක් සහ අනෙකුත් වරප්‍රසාද රැසක් පිරිනැමේ.
රු. 55,000/- වැඩි ආකර්ෂණීය මාසික වැටුපක්
(රු. 30,000 + දිරි දීමනා + අතිකාල දීමනා + පැමිණීමේ දීමනා)
# ✅ ඉල්ලුම් කළ යුතු ආකාරය :
සම්මුඛ පරීක්ෂණ සඳහා අයදුම්පත්‍රයක් සමඟ පැමිණෙන්න.
# 📅 සම්මුඛ පරීක්ෂණ දිනය සහ වේලාව :
2026 මැයි 18, පෙ.ව. 9.00 සිට ප.ව. 1.00 දක්වා
# 📪 සම්මුඛ පරීක්ෂණ ස්ථාන :
• රත්නපුර කාගිල්ස් ෆුඩ් සිටි (බස් නැවතුම්පොළ අසල)
• පැල්මඩුල්ල කාගිල්ස් ෆුඩ් සිටි
• බලංගොඩ සංස්කෘතික මධ්‍යස්ථානය (බලංගොඩ ප්‍රාදේශීය ලේකම් කාර්යාල පරිශ්‍රය)
# 📳 දුරකථන අංකය :
076 448 6927 / 077 114 9247 / 076 740 8168 / 076 541 6882
# 📧 ඊ-මේල් ලිපිනය :
careers@cargillsceylon.com
# 📪 ලිපිනය (කාගිල්ස් බඳවා ගැනීමේ සහ පුහුණු මධ්‍යස්ථානය) :
2 වන මහල - දේවි ගොඩනැගිල්ල,
142, බෞද්ධාලෝක මාවත, බම්බලපිටිය, කොළඹ 04
(2 වන මහල - බෞද්ධාලෝක මාවත කාගිල්ස් ශාඛාව)
---
Cargills Food City
අපගේ කණ්ඩායම අපගේ ශක්තියයි.",,
https://ikman.lk/en/ad/aadhunik-aussdhveedii-shaayk-shaayikaa-vaellvaay-monaragala,"# 💼 තනතුර : • ආධුනික ඖෂධවේදී සහායක/සහායිකා
මොණරාගල දිස්ත්‍රික්කයේ තරුණ තරුණියන් සඳහා රැකියා අවස්ථා
# 💠 සුදුසුකම් :
【~】✪ වයස: අවුරුදු 18 - 50 අතර
【~】✪ අ.පො.ස. සා/පෙළ හෝ අ.පො.ස. උ/පෙළ දක්වා
# 💠 රැකියාවේ කාර්ය භාරය :
【~】✪ ස්ථීර අනාගතයකට ස්ථාවර රැකියාවක්
【~】✪ රැකියා ජීවිතයේ විශිෂ්ටයෙකු වන්න අපත් සමගින් අත්වැල් බැඳගන්න
# ✅ ප්‍රතිලාභ :
ආකර්ශනීය වැටුපක් සහ අනෙකුත් වරප්‍රසාද රැසක් පිරිනැමේ.
රු. 55,000/- වැඩි ආකර්ෂණීය මාසික වැටුපක්
(රු. 30,000 + දිරි දීමනා + අතිකාල දීමනා + පැමිණීමේ දීමනා)
# ✅ ඉල්ලුම් කළ යුතු ආකාරය :
සම්මුඛ පරීක්ෂණ සඳහා අයදුම්පත්‍රයක් සමඟ පැමිණෙන්න.
# 📅 සම්මුඛ පරීක්ෂණ දිනය සහ වේලාව :
2026 මැයි 19, පෙ.ව. 9.00 සිට ප.ව. 1.00 දක්වා
# 📪 සම්මුඛ පරීක්ෂණ ස්ථාන :
• වැල්ලවාය කාගිල්ස් ෆුඩ් සිටි
• මොණරාගල කාගිල්ස් ෆුඩ් සිටි
• බිබිල කාගිල්ස් ෆුඩ් සිටි
# 📳 දුරකථන අංකය :
076 448 6927 / 077 114 9247 / 076 740 8168 / 076 541 6882
# 📧 ඊ-මේල් ලිපිනය :
careers@cargillsceylon.com
# 📪 ලිපිනය (කාගිල්ස් බඳවා ගැනීමේ සහ පුහුණු මධ්‍යස්ථානය) :
2 වන මහල - දේවි ගොඩනැගිල්ල,
142, බෞද්ධාලෝක මාවත, බම්බලපිටිය, කොළඹ 04
(2 වන මහල - බෞද්ධාලෝක මාවත කාගිල්ස් ශාඛාව)
---
Cargills Food City
අපගේ කණ්ඩායම අපගේ ශක්තියයි.",,
https://ikman.lk/en/ad/aadhunik-aussdhveedii-shaayk-shaayikaa-bibil-monaragala,"# 💼 තනතුර : • ආධුනික ඖෂධවේදී සහායක/සහායිකා
මොණරාගල දිස්ත්‍රික්කයේ තරුණ තරුණියන් සඳහා රැකියා අවස්ථා
# 💠 සුදුසුකම් :
【~】✪ වයස: අවුරුදු 18 - 50 අතර
【~】✪ අ.පො.ස. සා/පෙළ හෝ අ.පො.ස. උ/පෙළ දක්වා
# 💠 රැකියාවේ කාර්ය භාරය :
【~】✪ ස්ථීර අනාගතයකට ස්ථාවර රැකියාවක්
【~】✪ රැකියා ජීවිතයේ විශිෂ්ටයෙකු වන්න අපත් සමගින් අත්වැල් බැඳගන්න
# ✅ ප්‍රතිලාභ :
ආකර්ශනීය වැටුපක් සහ අනෙකුත් වරප්‍රසාද රැසක් පිරිනැමේ.
රු. 55,000/- වැඩි ආකර්ෂණීය මාසික වැටුපක්
(රු. 30,000 + දිරි දීමනා + අතිකාල දීමනා + පැමිණීමේ දීමනා)
# ✅ ඉල්ලුම් කළ යුතු ආකාරය :
සම්මුඛ පරීක්ෂණ සඳහා අයදුම්පත්‍රයක් සමඟ පැමිණෙන්න.
# 📅 සම්මුඛ පරීක්ෂණ දිනය සහ වේලාව :
2026 මැයි 19, පෙ.ව. 9.00 සිට ප.ව. 1.00 දක්වා
# 📪 සම්මුඛ පරීක්ෂණ ස්ථාන :
• වැල්ලවාය කාගිල්ස් ෆුඩ් සිටි
• මොණරාගල කාගිල්ස් ෆුඩ් සිටි
• බිබිල කාගිල්ස් ෆුඩ් සිටි
# 📳 දුරකථන අංකය :
076 448 6927 / 077 114 9247 / 076 740 8168 / 076 541 6882
# 📧 ඊ-මේල් ලිපිනය :
careers@cargillsceylon.com
# 📪 ලිපිනය (කාගිල්ස් බඳවා ගැනීමේ සහ පුහුණු මධ්‍යස්ථානය) :
2 වන මහල - දේවි ගොඩනැගිල්ල,
142, බෞද්ධාලෝක මාවත, බම්බලපිටිය, කොළඹ 04
(2 වන මහල - බෞද්ධාලෝක මාවත කාගිල්ස් ශාඛාව)
---
Cargills Food City
අපගේ කණ්ඩායම අපගේ ශක්තියයි.",,
https://ikman.lk/en/ad/aadhunik-aussdhveedii-shaayk-shaayikaa-monnraagl-monaragala,"# 💼 තනතුර : • ආධුනික ඖෂධවේදී සහායක/සහායිකා
මොණරාගල දිස්ත්‍රික්කයේ තරුණ තරුණියන් සඳහා රැකියා අවස්ථා
# 💠 සුදුසුකම් :
【~】✪ වයස: අවුරුදු 18 - 50 අතර
【~】✪ අ.පො.ස. සා/පෙළ හෝ අ.පො.ස. උ/පෙළ දක්වා
# 💠 රැකියාවේ කාර්ය භාරය :
【~】✪ ස්ථීර අනාගතයකට ස්ථාවර රැකියාවක්
【~】✪ රැකියා ජීවිතයේ විශිෂ්ටයෙකු වන්න අපත් සමගින් අත්වැල් බැඳගන්න
# ✅ ප්‍රතිලාභ :
ආකර්ශනීය වැටුපක් සහ අනෙකුත් වරප්‍රසාද රැසක් පිරිනැමේ.
රු. 55,000/- වැඩි ආකර්ෂණීය මාසික වැටුපක්
(රු. 30,000 + දිරි දීමනා + අතිකාල දීමනා + පැමිණීමේ දීමනා)
# ✅ ඉල්ලුම් කළ යුතු ආකාරය :
සම්මුඛ පරීක්ෂණ සඳහා අයදුම්පත්‍රයක් සමඟ පැමිණෙන්න.
# 📅 සම්මුඛ පරීක්ෂණ දිනය සහ වේලාව :
2026 මැයි 19, පෙ.ව. 9.00 සිට ප.ව. 1.00 දක්වා
# 📪 සම්මුඛ පරීක්ෂණ ස්ථාන :
• වැල්ලවාය කාගිල්ස් ෆුඩ් සිටි
• මොණරාගල කාගිල්ස් ෆුඩ් සිටි
• බිබිල කාගිල්ස් ෆුඩ් සිටි
# 📳 දුරකථන අංකය :
076 448 6927 / 077 114 9247 / 076 740 8168 / 076 541 6882
# 📧 ඊ-මේල් ලිපිනය :
careers@cargillsceylon.com
# 📪 ලිපිනය (කාගිල්ස් බඳවා ගැනීමේ සහ පුහුණු මධ්‍යස්ථානය) :
2 වන මහල - දේවි ගොඩනැගිල්ල,
142, බෞද්ධාලෝක මාවත, බම්බලපිටිය, කොළඹ 04
(2 වන මහල - බෞද්ධාලෝක මාවත කාගිල්ස් ශාඛාව)
---
Cargills Food City
අපගේ කණ්ඩායම අපගේ ශක්තියයි.",,
https://ikman.lk/en/ad/aadhunik-aussdhveedii-shaayk-shaayikaa-kaaegll-kegalle,"# 💼 තනතුර :  ආධුනික ඖෂධවේදී සහායක/සහායිකා
කෑගල්ල දිස්ත්‍රික්කයේ තරුණ තරුණියන් සඳහා රැකියා අවස්ථා
# 💠 සුදුසුකම් :
【~】✪ වයස: අවුරුදු 18 - 50 අතර
【~】✪ සුදුසුකම්: අ.පො.ස. සා/පෙළ හෝ අ.පො.ස. උ/පෙළ දක්වා
# 💠 රැකියාවේ කාර්ය භාරය :
【~】✪ ස්ථීර අනාගතයකට ස්ථාවර රැකියාවක්
【~】✪ රැකියා ජීවිතයේ විශිෂ්ටයෙකු වන්න අපත් සමගින් අත්වැල් බැඳගන්න
# ✅ ප්‍රතිලාභ :
ආකර්ශනීය වැටුපක් සහ අනෙකුත් වරප්‍රසාද රැසක් පිරිනැමේ.
රු. 55,000/- වැඩි ආකර්ෂණීය මාසික වැටුපක්
(රු. 30,000 + දිරි දීමනා + අතිකාල දීමනා + පැමිණීමේ දීමනා)
# ✅ ඉල්ලුම් කළ යුතු ආකාරය :
සම්මුඛ පරීක්ෂණ සඳහා අයදුම්පත්‍රයක් සමඟ පැමිණෙන්න.
(ඉහත තනතුර සඳහා සුදුසුම පුද්ගලයා ඔබ නම්, පහත සඳහන් දින, වේලාව සහ ස්ථාන වලට සහභාගී වන්න.)
# 📅 සම්මුඛ පරීක්ෂණ දිනය සහ වේලාව :
2026 මැයි 13, පෙ.ව. 9.00 සිට ප.ව. 1.00 දක්වා
# 📪 සම්මුඛ පරීක්ෂණ ස්ථාන :
• කෑගල්ල කාගිල්ස් ෆුඩ් සිටි (නිදහස් මාවත)
• කඩුගන්නාව කාගිල්ස් ෆුඩ් සිටි
• මාවනැල්ල කාගිල්ස් ෆුඩ් සිටි
# 📳 දුරකථන අංකය :
076 448 6927 / 077 114 9247 / 076 740 8168 / 076 541 6882
# 📧 ඊ-මේල් ලිපිනය :
careers@cargillsceylon.com
# 📪 ලිපිනය (කාගිල්ස් බඳවා ගැනීමේ සහ පුහුණු මධ්‍යස්ථානය) :
2 වන මහල - දේවි ගොඩනැගිල්ල,
142, බෞද්ධාලෝක මාවත, බම්බලපිටිය, කොළඹ 04
(2 වන මහල - බෞද්ධාලෝක මාවත කාගිල්ස් ශාඛාව)
---
අපගේ කණ්ඩායම අපගේ ශක්තියයි.
Cargills Food City",,
https://ikman.lk/en/ad/aadhunik-aussdhveedii-shaayk-shaayikaa-maavnaell-kegalle,"# 💼 තනතුර :  ආධුනික ඖෂධවේදී සහායක/සහායිකා
කෑගල්ල දිස්ත්‍රික්කයේ තරුණ තරුණියන් සඳහා රැකියා අවස්ථා
# 💠 සුදුසුකම් :
【~】✪ වයස: අවුරුදු 18 - 50 අතර
【~】✪ සුදුසුකම්: අ.පො.ස. සා/පෙළ හෝ අ.පො.ස. උ/පෙළ දක්වා
# 💠 රැකියාවේ කාර්ය භාරය :
【~】✪ ස්ථීර අනාගතයකට ස්ථාවර රැකියාවක්
【~】✪ රැකියා ජීවිතයේ විශිෂ්ටයෙකු වන්න අපත් සමගින් අත්වැල් බැඳගන්න
# ✅ ප්‍රතිලාභ :
ආකර්ශනීය වැටුපක් සහ අනෙකුත් වරප්‍රසාද රැසක් පිරිනැමේ.
රු. 55,000/- වැඩි ආකර්ෂණීය මාසික වැටුපක්
(රු. 30,000 + දිරි දීමනා + අතිකාල දීමනා + පැමිණීමේ දීමනා)
# ✅ ඉල්ලුම් කළ යුතු ආකාරය :
සම්මුඛ පරීක්ෂණ සඳහා අයදුම්පත්‍රයක් සමඟ පැමිණෙන්න.
(ඉහත තනතුර සඳහා සුදුසුම පුද්ගලයා ඔබ නම්, පහත සඳහන් දින, වේලාව සහ ස්ථාන වලට සහභාගී වන්න.)
# 📅 සම්මුඛ පරීක්ෂණ දිනය සහ වේලාව :
2026 මැයි 13, පෙ.ව. 9.00 සිට ප.ව. 1.00 දක්වා
# 📪 සම්මුඛ පරීක්ෂණ ස්ථාන :
• කෑගල්ල කාගිල්ස් ෆුඩ් සිටි (නිදහස් මාවත)
• කඩුගන්නාව කාගිල්ස් ෆුඩ් සිටි
• මාවනැල්ල කාගිල්ස් ෆුඩ් සිටි
# 📳 දුරකථන අංකය :
076 448 6927 / 077 114 9247 / 076 740 8168 / 076 541 6882
# 📧 ඊ-මේල් ලිපිනය :
careers@cargillsceylon.com
# 📪 ලිපිනය (කාගිල්ස් බඳවා ගැනීමේ සහ පුහුණු මධ්‍යස්ථානය) :
2 වන මහල - දේවි ගොඩනැගිල්ල,
142, බෞද්ධාලෝක මාවත, බම්බලපිටිය, කොළඹ 04
(2 වන මහල - බෞද්ධාලෝක මාවත කාගිල්ස් ශාඛාව)
---
අපගේ කණ්ඩායම අපගේ ශක්තියයි.
Cargills Food City",,
https://ikman.lk/en/ad/aadhunik-aussdhveedii-shaayk-shaayikaa-kddugnnaav-kandy,"# 💼 තනතුර :  ආධුනික ඖෂධවේදී සහායක/සහායිකා
කෑගල්ල දිස්ත්‍රික්කයේ තරුණ තරුණියන් සඳහා රැකියා අවස්ථා
# 💠 සුදුසුකම් :
【~】✪ වයස: අවුරුදු 18 - 50 අතර
【~】✪ සුදුසුකම්: අ.පො.ස. සා/පෙළ හෝ අ.පො.ස. උ/පෙළ දක්වා
# 💠 රැකියාවේ කාර්ය භාරය :
【~】✪ ස්ථීර අනාගතයකට ස්ථාවර රැකියාවක්
【~】✪ රැකියා ජීවිතයේ විශිෂ්ටයෙකු වන්න අපත් සමගින් අත්වැල් බැඳගන්න
# ✅ ප්‍රතිලාභ :
ආකර්ශනීය වැටුපක් සහ අනෙකුත් වරප්‍රසාද රැසක් පිරිනැමේ.
රු. 55,000/- වැඩි ආකර්ෂණීය මාසික වැටුපක්
(රු. 30,000 + දිරි දීමනා + අතිකාල දීමනා + පැමිණීමේ දීමනා)
# ✅ ඉල්ලුම් කළ යුතු ආකාරය :
සම්මුඛ පරීක්ෂණ සඳහා අයදුම්පත්‍රයක් සමඟ පැමිණෙන්න.
(ඉහත තනතුර සඳහා සුදුසුම පුද්ගලයා ඔබ නම්, පහත සඳහන් දින, වේලාව සහ ස්ථාන වලට සහභාගී වන්න.)
# 📅 සම්මුඛ පරීක්ෂණ දිනය සහ වේලාව :
2026 මැයි 13, පෙ.ව. 9.00 සිට ප.ව. 1.00 දක්වා
# 📪 සම්මුඛ පරීක්ෂණ ස්ථාන :
• කෑගල්ල කාගිල්ස් ෆුඩ් සිටි (නිදහස් මාවත)
• කඩුගන්නාව කාගිල්ස් ෆුඩ් සිටි
• මාවනැල්ල කාගිල්ස් ෆුඩ් සිටි
# 📳 දුරකථන අංකය :
076 448 6927 / 077 114 9247 / 076 740 8168 / 076 541 6882
# 📧 ඊ-මේල් ලිපිනය :
careers@cargillsceylon.com
# 📪 ලිපිනය (කාගිල්ස් බඳවා ගැනීමේ සහ පුහුණු මධ්‍යස්ථානය) :
2 වන මහල - දේවි ගොඩනැගිල්ල,
142, බෞද්ධාලෝක මාවත, බම්බලපිටිය, කොළඹ 04
(2 වන මහල - බෞද්ධාලෝක මාවත කාගිල්ස් ශාඛාව)
---
අපගේ කණ්ඩායම අපගේ ශක්තියයි.
Cargills Food City",,
https://ikman.lk/en/ad/assistant-pharmacist-colombo-344,"Key Job Responsibilities:
- Greeting patients, answering inquiries, and managing over-the-counter medication sales.
- Assisting with filling, packaging, and labeling prescriptions.
- Ordering, receiving, and restocking pharmaceutical products and checking for expired items.
- Operating pharmacy software, handling cash registers, and filing records.
- Maintaining patient confidentiality and adhering to safety protocols.
Qualifications
- Education: GCE O/L and A/L qualifications.
- Certification: Certificate or Diploma in Pharmacy from a recognized institute
- Experience: Prior experience in a retail or hospital pharmacy is advantageous
- Skills: Proficiency in Sinhala and Tamil, and basic computer literacy
Salary
- Rs. 50,000 to Rs. 75,000 per month
Benefits
- Performance bonuses, EPF/ETF
- Accommodation",,
https://ikman.lk/en/ad/experienced-pharmacy-assistant-male-colombo,"Experienced Pharmacy Assistant (Male)
Join Royal Nursing Home (Pvt) Ltd. – Sri Lanka’s leading healthcare service provider!
📍 Location: Maharagama Branch
(New Medical Equipment & Pharmacy Outlet)
👤 Requirements:
✔ Male candidate
✔ Minimum 3 years experience in the pharmacy field
✔ Friendly, responsible, and well-mannered personality
✔ Valid motorcycle license
💰 Salary: From Rs. 80,000/- upwards (based on experience)
🍽 Additional Benefits:
✔ Free accommodation & meals (as required)
📩 Apply Now:
Send your CV with a recent photograph to:
mail@royalnursinghome.com
📍 Royal Nursing Home (Pvt) Ltd.
No. 52, De Saram Road, Mount Lavinia",,
https://ikman.lk/en/ad/kaalnttai-vaittiy-utviyaallr-penn-jaffna-3,"🔵 வேலைவாய்ப்பு!
கால்நடை வைத்திய உதவியாளர் (பெண்)
எங்கள் குழுவில் இணைந்து, அர்ப்பணிப்புடன் செயற்படும் செல்லப்பிராணி சிகிச்சை அணியின் ஒரு பகுதியாக நீங்களும் ஆகுங்கள்!
தகைமைகள்:
✅ வயது 18 - 30 வருடங்கள்.
✅ விலங்குகளை நேசிப்பவராக இருத்தல் வேண்டும்.
✅ சிறந்த தொடர்பாடல் திறன்.
✅ G.C.E (O/L) தேர்ச்சி பெற்றிருப்பது அவசியம்.
✅ அடிப்படை ஆங்கில அறிவு.
✅கணனி அறிவு கட்டாயம் இருத்தல் வேண்டும்
✅ வேலை நேரம்:
(காலை 9.00 மணி-மதியம் 1.30 மணி) (மாலை 4.00 மணி-இரவு 8.30மணி)
📝 குறிப்பு: யாழ்ப்பாண மாநகர சபை எல்லைக்குள் வசிப்பவர்களுக்கு முன்னுரிமை வழங்கப்படும்.அத்தோடு ஆகக்குறைந்தது 1 வருடம் வேலை செய்யக்கூடியவராக இருத்தல் வேண்டும்.
💰 சம்பளம்: 40000/=
📧 உங்கள் சுயவிபரக்கோவையை(CV) கீழ்காணும் ஈ-மெயில் முகவரிக்கோ அல்லது Whatsapp இலக்கத்துக்கோ அனுப்பவும்:
smartpawsah@gmail.com
📍 Smart Paws Animal Hospital
781, வைத்தியசாலை வீதி, யாழ்ப்பாணம்
📞 074 33 444 50",,
https://ikman.lk/en/ad/quality-assurance-qa-engineer-software-testing-specialist-colombo,"Quality Assurance (QA) Engineer – Software Testing Specialist
🎓 Interns with a passion for Software Quality Assurance are also encouraged to apply. This is a great opportunity to gain hands-on industry experience and grow your career.
📍 Location: Pannipitiya, Colombo
🏢 Company: Lakmini International (Pvt) Ltd
💼 Job Type: Full-Time
Lakmini International (Pvt) Ltd, a reputed software development and digital solutions company established in 2012, is looking for a detail-oriented and passionate Quality Assurance (QA) Engineer to join our growing team.
We specialize in developing high-quality mobile and web applications. As part of our QA team, you will be responsible for ensuring our software products meet the highest quality standards through comprehensive testing, defect identification, and continuous quality improvement.
Job Responsibilities
✅ Plan, design, and execute manual test cases for web and mobile applications
✅ Identify, document, and track software defects using bug tracking tools
✅ Perform functional, regression, integration, usability, and compatibility testing
✅ Collaborate closely with developers, designers, and project managers to resolve issues
✅ Verify bug fixes and ensure software meets functional and business requirements
✅ Participate in requirement analysis and provide feedback to improve product quality
✅ Prepare and maintain test plans, test cases, and testing documentation
✅ Ensure software releases are stable and meet quality standards before deployment
✅ Report testing progress and provide quality assurance status updates
✅ Stay updated with the latest QA methodologies, testing tools, and industry best practices
Requirements
✔ Proven experience in software quality assurance or software testing
✔ Good understanding of software development life cycle (SDLC) and software testing life cycle (STLC)
✔ Experience in manual testing of web and mobile applications
✔ Strong analytical and problem-solving skills with excellent attention to detail
✔ Ability to identify, reproduce, and clearly document software defects
✔ Good communication and teamwork skills
✔ Ability to work under deadlines and manage multiple projects
Working Details
🕘 Working Days: Monday to Saturday
🕘 Working Hours: 9.00 AM – 5.30 PM
📍 Location: Pannipitiya, Colombo
Salary & Benefits
💰 Attractive salary based on experience and skills
💰 Overtime payments available
🚀 Opportunity to work with a professional software development company
🚀 Supportive, collaborative, and growth-focused working environment
How to Apply
📧 Send your CV to:
Email : info.lakminiinternational@gmail.com
📞 Contact Number: 0114063286
Join Lakmini International (Pvt) Ltd and become part of a dedicated team committed to delivering reliable, high-quality software solutions.",,
https://ikman.lk/en/ad/hardware-support-engineer-colombo-1,"A growing IT company based in Colombo is looking for young, passionate, and energetic individuals to join our team and serve our customer base across Colombo and its suburbs.
Key Responsibilities
Setup, installation, and troubleshooting of IT hardware and related equipment.
Maintenance and management of servers, backup devices, and storage systems.
Troubleshooting and maintenance of printers and peripheral devices.
Installation, configuration, and maintenance of network equipment and CCTV systems.
Providing onsite and remote technical support to customers.
Required Qualifications
NVQ Level 4 Certificate or an equivalent qualification in Information Technology.
Ability to communicate effectively in both Sinhala and English.
Valid motorcycle riding license.
Willingness to work extended hours when required.
Minimum of 1 year of experience in a similar role.
Trainee Opportunities
Candidates who possess the above qualifications but have limited industry experience will be considered for recruitment as Trainee IT Support Technicians, subject to successful completion of a probationary training period.
How to Apply
Interested candidates are invited to forward their CVs to:
careers@itclk.com
Only shortlisted candidates will be contacted.",,
https://ikman.lk/en/ad/computer-technician-colombo-187,"WANTED  Computer Technician
Job Duties:
*Computer Assembling
පරිගණක එකලස් කිරීම
*laptop assemble and disassemble
ලැප්ටොප් එකලස් කිරීම සහ ගැලවිම
*Computer Hardware repairs
පරිගණක දෘඩාංග අලුත්වැඩියාව
*Carrying the new equipment, carry it (Kottawa to Kolaba city
අලුත් වැඩියා උපකරන රැගෙන් යාම,එම(කොට්ටාව සිට කොලබ නගරය)
Required Skills:
Bike license required
Basic computer knowledge is enough
Working Hours:
9:00am – 7.00pm (Mon - Sat) kottawa
Email:Miracala@gmail.com
0777 070 400 / 0717 550 560
Computer Hardware Technician Job Available in Kottawa Area
පරිගණක දෘඩාංග (Computer Hardware) දැනුම ඇති තරුණයින්   ( අවුරුදු 18-35 අතර 🤤😌 ) සදහා රැකියා අවස්තා කිහිපයක්  ඇත..❤️😌
📌 Computer / Laptop assemble and disassemble
📌 Printer LQ-310 / tally 1145 assemble and disassemble
📌 office work document handling
📌 Computer Assembling
📌 Software Installation
📌 Good Communication Skills යනාදී මූලික හැකියාවන් අපේක්ෂිත සුදුසුකම් වන අතර,
"" Working Experience "" වසරකට වඩා තිබීම විශේෂ කොට සලකා බැලේ..😇🤧
ඔබගේ අයදුම්පත ඉක්මනින් අප වෙත යොමු කරන්න.
0777 070 400 / 0717 550 560 Whatsapp හරහා අප හා සම්බන්ධවන්න.
වැඩි විස්තර සඳහා අපගේ දුරකථන අංකය වෙත Whatsapp පණිවිඩයක් යොමු කරන්න.
කොට්ටාව අවට අයෙකු වීම විශේෂයි.😌❤️",,
https://ikman.lk/en/ad/graphic-designer-ratnapura-3,"ශ්‍රී ලංකාවේ විශිෂ්ටම සම්මානනීය සන්නාමයක් වන ඉමේජ් මේකර් පුද්ගලික සමාගමේ graphic design බලගනයට නිර්මාණශීලී ශිල්පියන්,ශිල්පීන් වහාම බදවා ගනු ලැබේ....
ක්ෂේත්‍රයේ පළපුරුද්ද හා  creative conten සදහා ප්‍රමුඛස්ථානයක් හිමිවේ..
සීමාමායිම් අතික්ක්‍රමණ කිරීමට ආරාධනා!",,
https://ikman.lk/en/ad/junior-trainee-software-development-and-iot-ja-ela-gampaha,"🚀 HEDANS ELECTRICAL
It's all about QUALITY 💯
🏢 Quality Product from
HEDANSHIP ASIA (PVT) LTD
💼 VACANCY – JUNIOR TRAINEE (SOFTWARE DEVELOPMENT & IoT)
🎯 Kickstart Your Tech Career Today!
Are you a recent NVQ Level 5 (Diploma) graduate with a passion for technology? 💻
Join Hedanship Asia (Pvt) Ltd as a Junior Trainee – Software Development & IoT.
✅ No prior work experience required.
✅ Just a strong desire to learn, grow, and build your career in the tech industry.
🌟 Why Join Us?
📘 Learn & Grow
Hands-on training with real projects.
Exposure to modern tools and technologies.
📈 Build Your Career
Excellent opportunities for career growth.
Professional development support.
👨‍💼 Work with Experts
Mentorship from experienced professionals.
Learn directly from industry experts.
✅ Requirements
🎓 NVQ Level 5 (Diploma) in ICT or a related field.
🧠 Strong analytical and problem-solving skills.
💻 Passion for Software Development and IoT.
⭐ Previous experience in a similar field will be an added advantage.
📱 Knowledge of Flutter and Dart frameworks will be considered an advantage.
🎁 What We Offer
✅ Supportive and dynamic learning environment.
✅ Career growth and professional development opportunities.
✅ Access to the latest tools and technologies.
✅ Mentorship from experienced professionals.
📩 How to Apply
Interested candidates are encouraged to send:
📄 Your Resume (CV)
📝 A Cover Letter explaining your interest in the position.
📱 WhatsApp
077 5056 092
📧 Email
✉️ career@hedans.com
✉️ hedanship@live.com
🌐 Website
www.hedans.com
---
📍 Office Address:
Hedanship Asia (Pvt) Ltd
55, Rajawatte Terrace, Kotugoda, Ekala, Ja-Ela.",,
https://ikman.lk/en/ad/it-executive-colombo-177,"WE ARE HIRING
IT EXECUTIVE
Digitech Holdings (Pvt) Ltd, a growing technology and engineering solutions provider based in Malabe, is looking for a dedicated and technically competent IT Executive to join our team.
Key Responsibilities:
- Diagnose, troubleshoot, repair, and maintain desktop computers, laptops, and printers.
- Install, configure, and upgrade computer hardware, operating systems, and software.
- Perform preventive maintenance of IT equipment and peripherals.
- Configure and troubleshoot LAN/WAN networks, Wi-Fi, routers, switches, and network devices.
- Install and maintain network printers and other IT peripherals.
- Provide on-site and remote technical support to customers.
- Identify hardware and network issues and recommend appropriate solutions.
- Assist with the installation and maintenance of CCTV systems, structured cabling, and network infrastructure when required.
- Maintain service records and prepare technical reports.
- Coordinate with the technical team to ensure timely completion of service calls and projects.
Requirements:
- Minimum qualification: Diploma in Information Technology, Computer Hardware, Computer Engineering, Networking, or a related field.
- NVQ Level 4 qualification in Computer Hardware and Network Technology will be an added advantage.
- Minimum one (1) year of experience in computer hardware repairs and IT support is preferred.
- Sound knowledge of desktop and laptop hardware troubleshooting.
- Experience in servicing and repairing printers (Inkjet, LaserJet, Dot Matrix, Thermal, etc.).
- Basic knowledge of networking, including routers, switches, Wi-Fi, TCP/IP, and network troubleshooting.
- Knowledge of CCTV systems, structured cabling, network installations, and ELV systems will be an added advantage.
- Good communication and customer service skills.
- Ability to work independently and as part of a team.
- Possession of a valid riding or driving licence will be an added advantage.
- Fresh graduates and candidates with relevant technical qualifications are also encouraged to apply.
What We Offer:
- Attractive salary package.
- Performance-based incentives.
- Friendly and professional working environment.
- Opportunities for training, professional development, and career growth.
- Exposure to a wide range of IT infrastructure, networking, CCTV, ELV, and technology projects.
Location:
📍 Malabe
How to Apply:
Interested candidates are invited to send their CV with the subject line:
""Application for IT Executive""
to: 📧 careers@digitechholdings.lk
and to 📧 minuship@gmail.com
or contact:
📞0785434353 / 0777337438
Closing Date: 22nd July 2026
Digitech Holdings (Pvt) Ltd
Your Growth Enabler",,
https://ikman.lk/en/ad/graphic-designer-malabe-colombo-4,"WE ARE HIRING
GRAPHIC DESIGNER
Digitech Holdings (Pvt) Ltd, a growing technology and engineering solutions provider based in Malabe, is looking for a creative and talented Graphic Designer to join our team.
Key Responsibilities:
- Design marketing and promotional materials for print and digital media.
- Create social media graphics, advertisements, banners, brochures, flyers, and other branding materials.
- Develop creative concepts and visual content for company products, services, and campaigns.
- Design presentations, proposals, and corporate documents.
- Edit images and prepare artwork for print and digital publishing.
- Collaborate with the marketing and project teams to produce high-quality creative content.
- Ensure all designs are consistent with the company's branding guidelines.
Requirements
Minimum qualification:
- Diploma in Graphic Designing or an equivalent professional qualification.
- Minimum one (1) year of experience in graphic design is preferred.
- Proficiency in Adobe Photoshop, Adobe Illustrator, Adobe InDesign, CorelDRAW, and other relevant graphic design software.
- Knowledge of video editing, motion graphics, UI/UX design, or AI-powered design tools will be an added advantage.
- Creative thinking with a strong eye for detail and aesthetics.
- Good communication and time management skills.
- Ability to work independently and manage multiple design projects simultaneously.
- Fresh graduates and candidates with a strong portfolio are also encouraged to apply.
What We Offer:
- Attractive salary package.
- Friendly and professional working environment.
- Opportunities for career growth and professional development.
- Opportunity to work on a diverse range of branding, marketing, and digital media projects.
Location:
📍 Malabe
How to Apply:
Interested candidates may send their CV together with a portfolio of their recent design work to:
📧 minuship@gmail.com
and to:📧 careers@digitechholdings.lk
or contact:
📞 0785434353
📞 0777337438
Digitech Holdings (Pvt) Ltd
Your Growth Enabler",,
https://ikman.lk/en/ad/graphic-designer-colombo-3387,"💼 𝐏𝐎𝐒𝐈𝐓𝐈𝐎𝐍 : Graphic Designer & Content Creator
🏢 COCO by Cotton Collection – UAE Operations (Based in Sri Lanka)
🌍 Sri Lankan Roots. International Style.
💠 𝐑𝐄𝐐𝐔𝐈𝐑𝐄𝐌𝐄𝐍𝐓𝐒 : | # 💠 𝐂𝐀𝐍𝐃𝐈𝐃𝐀𝐓𝐄 𝐏𝐑𝐎𝐅𝐈𝐋𝐄 :
【~】✪ Strong proficiency in Adobe Photoshop and Illustrator
【~】✪ Good understanding of layout, typography, and social media design
【~】✪ Basic to intermediate video editing skills
【~】✪ Strong creative thinking and attention to detail
【~】✪ Ability to adapt to brand direction and campaign objectives
【~】✪ Good communication and collaboration skills
【~】✪ Ability to manage time and meet deadlines in a fast-paced environment
💠 𝐑𝐄𝐒𝐏𝐎𝐍𝐒𝐈𝐁𝐈𝐋𝐈𝐓𝐈𝐄𝐒 : | # 💠 𝐉𝐎𝐁 𝐏𝐑𝐎𝐅𝐈𝐋𝐄 :
【~】✪ Design creatives for:
Instagram posts, reels, stories, and ads
Meta and Google ad campaigns
Website banners and e-commerce assets
Email marketing campaigns
In-store and promotional material
【~】✪ Understand UAE demographics, trends, aesthetics, and social media culture to create relevant and high-performing content
【~】✪ Work closely with the marketing lead to execute campaign concepts and creative direction
【~】✪ Edit and enhance visuals using Adobe Photoshop and Illustrator
【~】✪ Create social-first ad creatives optimized for engagement and conversions
【~】✪ Maintain consistency in brand identity and visual communication
【~】✪ Support video editing and short-form content creation for social media
✅ 𝐁𝐄𝐍𝐄𝐅𝐈𝐓𝐒 :
【~】✪ We offer an attractive remuneration package & incentives that are above market standards for the suitable candidate.
【~】✪ Be part of a Sri Lankan brand expanding internationally
【~】✪ Work on campaigns created for the UAE market and audience
【~】✪ Gain exposure to global retail, fashion, and e-commerce marketing
【~】✪ Build an international-standard portfolio while working from Sri Lanka
【~】✪ Opportunity to contribute creatively beyond just execution
【~】✪ Work closely with the UAE team on real-time campaigns and launches
🎯 𝐌𝐀𝐉𝐎𝐑 𝐏𝐋𝐔𝐒 𝐏𝐎𝐈𝐍𝐓𝐒 :
【~】✪ Ability to create engaging reels/content from raw footage provided by the UAE team
【~】✪ Ability to independently create fashion or lifestyle content while based in Sri Lanka
【~】✪ Experience with Premiere Pro, After Effects, CapCut, or similar editing software
【~】✪ Strong understanding of fashion, retail, and lifestyle branding
【~】✪ Awareness of current social media trends and content formats
✅ 𝐇𝐎𝐖 𝐓𝐎 𝐀𝐏𝐏𝐋𝐘 ✍️ :
If you feel you are the right individual for the above position, then apply via ""𝗔𝗽𝗽𝗹𝘆 𝗡𝗼𝘄"" of this advert.
📌 Send your CV and Portfolio to the email below.
[ 𝐖𝐄 𝐇𝐈𝐆𝐇𝐋𝐘 𝐈𝐍𝐅𝐎𝐑𝐌 𝐀𝐋𝐋 𝐓𝐇𝐄 𝐂𝐀𝐍𝐃𝐈𝐃𝐀𝐓𝐄𝐒 𝐓𝐎 𝐌𝐄𝐍𝐓𝐈𝐎𝐍 𝐀 𝐕𝐀𝐋𝐈𝐃 𝐌𝐎𝐁𝐈𝐋𝐄 𝐍𝐔𝐌𝐁𝐄𝐑 & 𝐈𝐓 𝐈𝐒 𝐂𝐎𝐌𝐏𝐔𝐋𝐒𝐎𝐑𝐘 𝐓𝐎 𝐀𝐓𝐓𝐀𝐂𝐇 𝐘𝐎𝐔𝐑 𝐂𝐕 𝐁𝐘 𝐔𝐏𝐃𝐀𝐓𝐈𝐍𝐆 𝐘𝐎𝐔𝐑 ""𝗜𝗞𝗠𝗔𝗡 𝗥𝗘𝗦𝗨𝗠𝗘"" ]
＃ 📧 𝓔𝓶𝓪𝓲𝓵 :
hr@softlogic.lk
🌐 𝐂𝐎𝐌𝐏𝐀𝐍𝐘 𝐈𝐍𝐅𝐎 :
COCO by Cotton Collection is a Sri Lankan-born fashion and lifestyle brand that has successfully expanded into the UAE retail and e-commerce market. Rooted in effortless luxury, breathable fabrics, and modern boho aesthetics, COCO represents Sri Lankan creativity on an international stage.
🌐 www.cocobycottoncollction.com
📱 @cocobycottoncollction",,
https://ikman.lk/en/ad/it-hardware-technician-field-job-colombo-4,"Abans Group
Founded in 1968 by Aban Pestonjee, Abans Group is a leading conglomerate that offers targeted solutions ranging from real estate and engineering to retail and Auto, which aim to enhance the lives of Sri Lankan citizens. Join the Abans Group to experience a rewarding career!
IT Hardware Technician (Field)
Requirements
NVQ Level 4 or an equivalent qualification in IT or a related field
Minimum 1 year of experience in a similar role
Basic understanding of IT hardware, software, and networking
Ability to troubleshoot and repair IT equipment (especially laptops and tablets)
Good communication and customer service skills
Must own a motorbike; fuel expenses for work-related travel will be reimbursed
Send your CV to careers@abansgroup.com or through whatsapp to 0763852003",,
https://ikman.lk/en/ad/erp-system-support-kurunegala,"Job Summary
We are looking for a dedicated ERP System Support professional to support our clients on using our ERP solution. The role involves assisting users, troubleshooting system issues, ensuring accurate data processing, and supporting daily operations within the ERP environment.
Key Responsibilities
•	Provide day-to-day support for the ERP solution.
•	Assist users with system inquiries, errors, and functional issues.
•	Monitor and ensure accuracy of transactions in the system.
•	Perform basic system configuration related to ERP functions.
•	Coordinate with finance, IT, and other users for system enhancements or issue resolution.
•	Prepare user guides, documentation, and training materials.
•	Assist in ERP upgrades, testing, and implementation activities
Requirements.
•	Diploma or degree in Accounting, Finance, Information Systems, or a related field.
•	Experience working with ERP systems (e.g., SAP, Oracle, Odoo, Microsoft Dynamics, etc.)
•	Basic understanding of accounting principles (GL, AP, AR, Fixed Assets)
•	Strong troubleshooting and problem-solving skills.
•	Good communication skills and ability to support end users.
•	Attention to detail and ability to work under deadlines
Preferred Qualifications.
•	Prior experience in ERP system support or implementation.
•	Knowledge of SQL or report generation tools is an advantage.
•	Experience in user training and documentation.
What We Offer
•	Competitive salary and benefits package.
•	Opportunity to work with modern ERP systems.
•	Professional growth and training opportunities.
•	Collaborative and supportive work environment.
How to Apply:
Interested candidates are invited to submit their resume to careers@exesmart.com with the subject line “ERP System Support Application”.",,
https://ikman.lk/en/ad/graphic-designer-nugegoda-colombo-16,"💰රු. 60,000/- ක පඩියක් ලැබෙන, ලංකාවේ එකමGraphic Designer Job එක🖤
0776962219  අංකයට WhatsApp කර විස්තර දැනගන්න.
දිවයින පුරා රැකියා ඇබෑර්තු Job Vacancy (පුහුණු/නුපුහුණු)
විශේෂ කරුණු
01) ඔබගේ සියලුම විමසීම් (FAQ) වලට පිළිතුරු WhatsApp Catalog 1,Catalog 2,Catalog 3, Catalog 4හි තබා ඇත.
02) Vacancies 30ක් පමණක් සම්පූර්ණ වනතුරු අද දින සිට සෑම දිනකම සම්මුඛ පරීක්ෂණ පැවැත්වේ. වේලාවක් වෙන්කරගෙන පැමිණෙන්න.
03) සම්මුඛ පරීක්ෂණයට පැමිණිය යුතු ස්ථානය හා පැමිණෙන ආකාරය WhatsApp Catalog 1,Catalog 2,Catalog 3, Catalog 4හි ඇත..
04) මෙය රැකියා Agency එකක් නොවන අතර අප ආයතනයටම බඳවා ගැනේ.
05) Call ලබා ගැනීමේදී සාමාන්‍ය ඇමතුම් පමණක් ගන්න (WhatsApp නොගන්න)
06) ඔබ කැමැති ශාඛාවක් තෝරා ගන්න. නාවල, නුගේගොඩ, මහරගම, කොට්ටාව, හෝමාගම, පිටකොටුව, බම්බලපිටිය, කොල්ලුපිටිය, බොරලැස්ගමුව.",,
https://ikman.lk/en/ad/graphic-designer-mabima-gampaha-1,"We are HIRING
Looking for an energetic, young candidate for theabove below position with the following attribute
GRAPHIC DESIGNER
■ Required Skills Adobe Photoshop, Illustrator, Coreldraw.
■ Required Skills CAD Drawing & 3D Max Softwares.
■ Skill in English & Sinhala (Typing)
■ Minimum 2 years experience in Advertising Field.
■ Positive Attitude with Strong Communication Skills.
■ Age Between 20-35 Years.
Priority will be given for applicants who are in around 5 KM’s Out of Colombo we are providing Accommodation,Food & meals.
Email – manager.brandwave@gmail.com
No. 74/A, Mabima Road, Heiyanthuduwa.
++ Call 0112400789 / 0775110370",,
https://ikman.lk/en/ad/computer-hardware-technician-kalutara-17,"WE ARE HIRING! / අපගේ කණ්ඩායමට එක්වන්න!
POSITION: Computer Hardware Technician / පරිගණක දෘඩාංග කාර්මික ශිල්පී.
ඔබ පරිගණක අලුත්වැඩියාව පිළිබඳ දැනුමක් හා පළපුරුද්දක් ඇති කඩිසර අයෙක්ද? එසේනම් මේ අවස්ථාව ඔබටයි!
✅ RESPONSIBILITIES | රාජකාරි ස්වභාවය:
Assembling, repairing, and troubleshooting desktop/laptop computers (පරිගණක දෘඩාංග අලුත්වැඩියාව සහ නඩත්තුව).
Software, OS installation, and Basic Networking (මෘදුකාංග ස්ථාපනය සහ නෙට්වර්ක් සම්බන්ද මූලික වැඩ).
✅ REQUIREMENTS | සුදුසුකම්:
Age between 20 - 28 years (වයස අවුරුදු 20ත් 28ත් අතර).
Experience in Computer Hardware (පරිගණක අංශයෙන් පළපුරුද්දක් තිබීම අනිවාර්ය වේ).
NVQ level certification in Electrical/Hardware will be an added advantage (අදාළ අංශයෙන් NVQ සහතිකයක් තිබීම විශේෂ සුදුසුකමකි).
Ability to work independently and as a team (තනිවම සහ කණ්ඩායමක් ලෙස වැඩ කිරීමේ හැකියාව).
✅ BENEFITS | වරප්‍රසාද:
Attractive Salary Package based on experience (පළපුරුද්ද සහ හැකියාව මත ඉතා ඉහළ ආකර්ෂණීය වැටුපක්).
Friendly working environment.
✅ HOW TO APPLY | අයදුම් කළ යුතු ආකාරය:
ඉහත සුදුසුකම් සපුරාලන ඔබ, පහත අංකයට ඔබේ සම්පූර්ණ අයදුම්පත (CV) අදම WhatsApp කරන්න. නැතහොත් Email කරන්න.
Whatsapp : 0774002175
Email : info@vishwadinu.lk",,
https://ikman.lk/en/ad/graphic-designer-kalutara-207,"Graphic Designer Vacancy (Full-Time)
📍 Location: Kalutara -Nagoda]
Software: Photoshop
Job Role:
HDR Blending & Photo Editing
Requirements:
Basic Photoshop knowledge
No experience required (Training provided)
Male / Female
Creative mindset
Positive attitude and willingness to learn
Working Hours:
6 Days per Week
8:00 AM – 5:00 PM
Overtime during busy periods
Benefits:
Starting Salary: Rs. 40,000
Overtime Pay
Annual Salary Increments
Full-Time Employment
How to Apply:
Please send your CV before calling.
📞 070 222 7074",,
https://ikman.lk/en/ad/php-developer-wanted-remote-online-kurunegala,"🚀 PHP Developer (Remote) – Hiring Now
🏢 Company: STARPOSLANKA (PVT) LTD
🌐 Location: Remote / Work From Home
💰 Salary: Rs. 50,000/= per month
✅ Requirements
*PHP සහ MySQL පිළිබඳ හොඳ දැනුම
*Laravel Framework පිළිබඳ මූලික හෝ හොඳ පළපුරුද්ද
*HTML, CSS, JavaScript සහ Bootstrap දැනුම
*AI Tools (ChatGPT, Cursor, GitHub Copilot, Claude වැනි) භාවිතයෙන් Development වැඩ කාර්යක්ෂමව කිරීමේ හැකියාව
*Git භාවිතය සහ Debugging කුසලතා තිබේ නම් අමතර වාසියක්
*නියමිත කාලයට වැඩ අවසන් කිරීමට කැපවීම
🛠️ Responsibilities
PHP Web Applications සංවර්ධනය හා නඩත්තු කිරීම
Existing Projects සඳහා Bug Fixes සහ Feature Development
AI Tools භාවිතයෙන් Coding Productivity වැඩිදියුණු කිරීම
Team සමඟ සම්බන්ධ වී Projects සාර්ථකව අවසන් කිරීම
📩 Apply Now
ඔබගේ CV, Portfolio, සහ පෙර කළ Projects පිළිබඳ විස්තර අප වෙත එවන්න.
💵 Salary: Rs. 50,000/= per month (Performance සහ Experience අනුව ඉදිරියේදී වැඩි කිරීමේ අවස්ථාව ඇත.)",,
https://ikman.lk/en/ad/graphic-designer-homagama-colombo-10,"A leading polythene manufacturing company in the country is seeking to recruit a Graphic Designer immediately. ( Female / Male)
Qualifications:•
> Strong proficiency in CorelDRAW, Illustrator, and Photoshop(with certificates from a recognized institution )
> Age: Between 20–30 years
> Education: Passed G.C.E. Advanced Level (A/L)
+++ For further details, please call on weekdays between 8:00 a.m. and 4:00 p.m. 0710977782",,
https://ikman.lk/en/ad/network-systems-engineer-malabe-colombo,"WE ARE HIRING
Systems & Network Engineer
Digitech Holdings (Pvt) Ltd is seeking a dynamic, motivated, and technically competent Systems & Network Engineer to join our growing team at our Head Office in Malabe.
Key Responsibilities:
- Design, implement, monitor, and maintain enterprise network infrastructure.
- Manage and support Windows and Linux servers.
- Configure and maintain routers, switches, firewalls, VPNs, and wireless networks.
- Ensure network security, system reliability, and business continuity.
- Troubleshoot hardware, software, server, and network-related issues.
- Manage backups, disaster recovery procedures, and data protection measures.
- Monitor system performance and recommend infrastructure improvements.
- Provide technical support to users and coordinate with vendors when required.
- Maintain IT documentation, policies, and operational procedures.
Requirements:
- Bachelor's Degree or Higher Diploma in Information Technology, Computer Science, Network Engineering, or a related field.
- Minimum 2–5 years of experience in Systems and Network Administration.
- Sound knowledge of Windows Server, Active Directory, Microsoft 365, and virtualization technologies.
- Experience with network devices, firewalls, VPNs, and cybersecurity best practices.
- Familiarity with cloud platforms such as Microsoft Azure or AWS will be an added advantage.
- Professional certifications such as CCNA, CCNP, MCSA, Microsoft Certified, CompTIA Network+, or equivalent will be advantageous.
- Strong troubleshooting and analytical skills.
- Excellent communication and teamwork abilities.
What We Offer:
- Competitive remuneration package.
- Opportunities for professional growth and career advancement.
- Exposure to modern technologies and enterprise systems.
- Friendly and professional working environment.
Location:
Malabe, Sri Lanka
How to Apply:
Interested candidates are invited to email their CVs with the subject line:
""Application for Systems & Network Engineer""
to: minuship@gmail.com
and to: careers@digitechholdings.lk
Closing Date:  22nd July 2026
Digitech Holdings (Pvt) Ltd
Your growth enabler",,
https://ikman.lk/en/ad/graphic-designer-moratuwa-colombo,"+++ අප ආයතනයේ ග්‍රැෆික් ඩිසයින් වැඩ කිරීමට සේවකයින්  අවශ්‍යයි
> මසකට නිවාඩු 4
> මාසික වැටුප 35000/=
අමතන්න – 0755729848
මංජුල ෆර්නිචර්ස්,මොරටුමුල්ල.",,
https://ikman.lk/en/ad/wordpress-developer-with-ai-knowledge-wanted-kandy,"We are looking for a reliable WordPress developer to help build, update and maintain our websites.
Skills required:
WordPress and Elementor
Website updates and troubleshooting
Basic SEO and website speed improvement
AI tools such as ChatGPT
HTML and CSS",,
https://ikman.lk/en/ad/it-assistant-kandy-kandy,"✨ සුදුසු රැකියාවක් නොමැතිව ඔබත් පසුතැවිල්ලෙන්ද?
එහෙනම් මෙන්න ඔබට හොඳම අවස්ථාව!
📍මහනුවර ප්‍රදේශයේ පිහිටි පෞද්ගලික ආයතනයක IT Assistant තනතුර සඳහා රැකියා ඇබෑර්තු ඇත.
✅ සුදුසුකම්:
🔆වයස අවුරුදු 18 - 35 අතර
🔆 උසස් පෙළ විභාගය සඳහා පෙනී සිටි
🔆 පුහුණු/නුපුහුණු දෙපාර්ශවයටම
🔆 ගැහැණු / පිරිමි දෙපාර්ශවයටම අයදුම් කළ හැක
🔆 පරිගණක පාඨමාලාවක් හදාරා තිබිය යුතුය
🔆MS Office, Email, Internet භාවිතය පිළිබඳ දැනුමක් තිබේනම් වාසිදායක වේ
🔆 වගකීමකින් කටයුතු කළ හැකි විය යුතුය.
🕗 සේවා කාලය: උදේ 8.00 සිට සවස 5.00 දක්වා
🏖️ ඉරිදා + පොහොය දින නිවාඩු
💰 සරිලන වැටුපක්
📚 පුහුණුවක් ලබා දේ.
🤝 සුහදශීලී, කාර්යක්ෂම, සේවා මණ්ඩලයක්
📞 වැඩි විස්තර සඳහා අමතන්න:
📱 074 149 7970
📱 070 463 6235
📄 CV/අයදුම්පත්‍රය WhatsApp කරන්න:
📲 074 124 3099",,
https://ikman.lk/en/ad/hardware-technician-colombo-166,"Requirements
NVQ Level 4 qualification or above (or an equivalent qualification from a recognized institute)
Minimum 1 year of experience in computer hardware repair, printer maintenance, or IT technical support
Strong troubleshooting skills in Microsoft Windows operating systems and Intel-based computer hardware
Ability to work independently with minimal supervision
Good communication and customer service skills
Valid riding license will be an added advantage
🛠 Key Responsibilities
Install, configure, maintain, and repair all types of printers, including Laser, Inkjet, Dot Matrix, and Multifunction Devices (MFDs)
Diagnose and resolve printer hardware and software issues
Perform routine servicing, cleaning, and preventive maintenance of printers
Replace and manage consumables such as toner cartridges, drums, rollers, and maintenance kits
Install, configure, and troubleshoot desktops, laptops, monitors, and other IT hardware
Provide both on-site and remote technical support to customers
Maintain service records and ensure timely resolution of customer issues
Deliver professional customer service while adhering to company standards
👨‍💻 Job Profile
This is a full-time position responsible for the installation, maintenance, troubleshooting, and repair of printers and IT hardware. The role also includes providing technical support to end users through both on-site visits and remote assistance.
Interested candidates are invited to forward their CVs to careers@itclk.com",,
https://ikman.lk/en/ad/computer-hardware-technician-kurunegala-1,,,
https://ikman.lk/en/ad/it-assistant-gmph-gampaha,"📢 රැකියාවක් සොයන ඔබට හොඳම අවස්ථාවක්!
🏢 ගම්පහ ප්‍රදේශයේ පිහිටි ප්‍රසිද්ධ අධ්‍යාපන ආයතනයක IT Assistant තනතුර සඳහා ඇබෑර්තු ඇත.
📌 සුදුසුකම්:
✅ වයස අවුරුදු 18 – 35 අතර,
✅ අ.පො.ස. උසස් පෙළ විභාගයට පෙනී සිටි,
✅ පුහුණු / නුපුහුණු ගැහැණු සහ පිරිමි දෙපාර්ශ්වයටම අයදුම් කළ හැකිය
✅ සාමාන්‍ය ඉංග්‍රීසි දැනුම තිබිය යුතුය
⏰ සේවා කාලය: පෙ.ව. 8.00 සිට ප.ව. 5.00 දක්වා
🌕 පොහොය දින සහ ඉරිදා දින නිවාඩු
📞 වැඩි විස්තර සඳහා අමතන්න:
☎️ 071 012 0933
📲 ඔබගේ අයදුම්පත්‍රය අදම WhatsApp කරන්න:
📱 076 966 4065",,
https://ikman.lk/en/ad/female-graphoc-designers-colombo,We are lookimg for a wel experinced female graphic designers,,
https://ikman.lk/en/ad/graphic-designer-colombo-3384,"ශ්‍රී ලංකාවේ ප්‍රමුඛතම අධ්‍යාපන සන්නාමයක් වන pb.lk හි Graphic Designer සඳහා ඇබෑර්තු ඇත.
සුදුසුකම් (Qualifications):
තාක්ෂණික දැනුම: Adobe Photoshop, After Effects, Photoshop, AI tools සහ වෙනත් ප්‍රමුඛ පෙළේ වීඩියෝ සංස්කරණ මෘදුකාංග හැසිරවීමේ මනා පළපුරුද්ද.
නිර්මාණශීලීත්වය: ආකර්ශනීය ලෙස Graphic Content නිර්මාණය කිරීමේ හැකියාව.
වේගය සහ කාර්යක්ෂමතාව: නියමිත කාලසීමාවන් තුළ උසස් ප්‍රමිතියෙන් යුතුව වැඩ නිම කිරීමේ හැකියාව.
අමතර සුදුසුකම්: Creative content සහ Ideation
අත්දැකීම්: ක්ෂේත්‍රයේ පළපුරුද්දක් සහිත අය වඩාත් ප්‍රමුඛ වේ.
ඔබත් නවීන තාක්ෂණය සමඟ වැඩ කිරීමට කැමති, නිර්මාණශීලී අයෙක් නම් දැන්ම අයදුම්කරන්න.
ඔබගේ අයදුම්පත (CV) සහ ඔබ විසින් මීට පෙර නිම කරන ලද නිර්මාණ කිහිපයක් (Portfolio/Samples) 0760810461 අංකයට WhatsApp කරන්න.",,
https://ikman.lk/en/ad/printer-and-computer-hardware-support-technician-gampaha,"At Shine Technology Solutions (pvt)Ltd, we are a leading provider of innovative technology solutions, specializing in the repair, servicing, and sales of computers, printers, and photocopiers. With a commitment to excellence and customer satisfaction, we strive to deliver high-quality services to our clients. As a growing company, we are looking for dedicated individuals to join our team and contribute to our continued success.
We are hiring for the following roles:
*Marketing Executives and Technical Executives
*Repairing, Servicing, and Sales of Computers, Printers, and Photocopiers
*Applicants with or without prior experience are welcome to apply.
*An attractive and Competitive salary, including payment during the training period.
Shine Technology Solutions (Pvt) Ltd
No:4C/1/2, Sapugaskanda, Makola,
0712923105
info@shinetech.lk",,
https://ikman.lk/en/ad/printer-it-support-technician-colombo,"Requirements
•	NVQ Level 4 qualification or above (or an equivalent qualification from a recognized institute)
•	Minimum 1 year of experience in computer hardware repair, printer maintenance, or IT technical support
•	Strong troubleshooting skills in Microsoft Windows operating systems and Intel-based computer hardware
•	Ability to work independently with minimal supervision
•	Good communication and customer service skills
•	A valid riding license will be an added advantage
Key Responsibilities
•	Install, configure, maintain, and repair all types of printers, including Laser, Inkjet, Dot Matrix, and Multifunction Devices (MFDs)
•	Diagnose and resolve printer hardware and software issues
•	Perform routine servicing, cleaning, and preventive maintenance of printers
•	Replace and manage consumables such as toner cartridges, drums, rollers, and maintenance kits
•	Install, configure, and troubleshoot desktops, laptops, monitors, and other IT hardware
•	Provide both on-site and remote technical support to customers
•	Maintain accurate service records and ensure timely resolution of customer issues
•	Deliver professional customer service while adhering to company standards
Job Profile
This full-time position is responsible for the installation, maintenance, troubleshooting, and repair of printers and IT hardware. The successful candidate will also provide technical support to end users through both on-site visits and remote assistance, ensuring a high standard of customer satisfaction and service delivery.
Interested candidates are invited to forward their CVs to:
📧 careers@itclk.com",,
https://ikman.lk/en/ad/graphic-designer-colombo-3383,"🎨 Graphic Designer – Full-Time Opportunity 🎨
🚀 Are you a creative and passionate Graphic Designer looking to grow your career? Join our dynamic team and showcase your talent by creating eye-catching designs for both print and digital media.
✨ Key Responsibilities:
✅ Design social media posts, flyers, banners, brochures, and other promotional materials
✅ Create engaging marketing and branding content
✅ Maintain brand consistency across all designs
✅ Edit images and prepare artwork for printing
✅ Collaborate with team members on creative projects and campaigns
🎓 Requirements:
✔ G.C.E. O/L or A/L qualification
✔ Certificate/Diploma in Graphic Design is an added advantage
✔ Proficiency in graphic design software
✔ Creative mindset with attention to detail
✔ Ability to work independently and meet deadlines
💰 Salary & Benefits:
💵 Rs. 45,000 – 60,000 per month
⏰ Overtime (OT) Allowance
🎁 Attractive Incentives
📍 Location: Colombo 02
🕒 Job Type: Full-Time
📩 Apply Now!
📧 Email: hrassistant889@gmail.com
📱 Call / WhatsApp:
0770267377
0773085944
0766592900
🌟 Take the next step in your creative career and become part of a team that values innovation, talent, and professional growth! 🎨✨",,
https://ikman.lk/en/ad/graphic-designers-colombo-667,"Immediate Vacancies
A well reputed printing establishment based in Colombo city, requires the following personnel urgently.
Graphic Designers
Salary: negotiable",,
https://ikman.lk/en/ad/web-developer-keneku-avshyyi-kandy,"Web Developer කෙනෙකු අවශ්‍යයි
වගකීම්
Business websites නිර්මාණය කිරීම
Website errors සහ technical issues fix කිරීම
Mobile-friendly සහ responsive websites සැකසීම
Website speed improve කිරීම
Pages, images, forms සහ content update කිරීම
Basic SEO setup කිරීම
Website complete කිරීමෙන් පසු basic support ලබා දීම
අවශ්‍ය සුදුසුකම්
Web development experience තිබීම
WordPress or Laravel, HTML, CSS, JavaScript පිළිබඳ දැනුම
Responsive website design ගැන හොඳ අවබෝධයක් තිබීම
වැඩ නියමිත වෙලාවට complete කිරීමේ හැකියාව
තනිවම වැඩ කිරීමට හැකියාව තිබීම",,
https://ikman.lk/en/ad/customer-support-technician-colombo,"Requirements
NVQ Level 4 qualification or above (or an equivalent qualification from a recognized institute)
Minimum 1 year of experience in computer hardware repair, printer maintenance, or IT technical support
Strong troubleshooting skills in Microsoft Windows operating systems and Intel-based computer hardware
Ability to work independently with minimal supervision
Good communication and customer service skills
Valid riding license will be an added advantage
🛠 Key Responsibilities
Install, configure, maintain, and repair all types of printers, including Laser, Inkjet, Dot Matrix, and Multifunction Devices (MFDs)
Diagnose and resolve printer hardware and software issues
Perform routine servicing, cleaning, and preventive maintenance of printers
Replace and manage consumables such as toner cartridges, drums, rollers, and maintenance kits
Install, configure, and troubleshoot desktops, laptops, monitors, and other IT hardware
Provide both on-site and remote technical support to customers
Maintain service records and ensure timely resolution of customer issues
Deliver professional customer service while adhering to company standards
👨‍💻 Job Profile
This is a full-time position responsible for the installation, maintenance, troubleshooting, and repair of printers and IT hardware. The role also includes providing technical support to end users through both on-site visits and remote assistance.
Interested candidates are invited to forward their CVs to careers@itclk.com",,
https://ikman.lk/en/ad/it-support-technician-colombo,"A growing IT company based in Colombo is looking for young, passionate, and energetic individuals to join our team and serve our customer base across Colombo and its suburbs.
Key Responsibilities
Setup, installation, and troubleshooting of IT hardware and related equipment.
Maintenance and management of servers, backup devices, and storage systems.
Troubleshooting and maintenance of printers and peripheral devices.
Installation, configuration, and maintenance of network equipment and CCTV systems.
Providing onsite and remote technical support to customers.
Required Qualifications
NVQ Level 4 Certificate or an equivalent qualification in Information Technology.
Ability to communicate effectively in both Sinhala and English.
Valid motorcycle riding license.
Willingness to work extended hours when required.
Minimum of 1 year of experience in a similar role.
Trainee Opportunities
Candidates who possess the above qualifications but have limited industry experience will be considered for recruitment as Trainee IT Support Technicians, subject to successful completion of a probationary training period.
How to Apply
Interested candidates are invited to forward their CVs to:
careers@itclk.com
Only shortlisted candidates will be contacted.",,
https://ikman.lk/en/ad/graphic-designer-maharagama-colombo-101,"💠 ඉහළ වැටුපක් සමඟ  Graphic Designer   ලෙස ඔබත් අප හා එකතු වන්න.💠
✪ දිවයින පුරා රැකියා අපේක්ෂකයින් සඳහා රැකියා අවස්ථා ✪
💼𝐏𝐎𝐒𝐈𝐓𝐈𝐎𝐍 | තනතුර Graphic Designer
===============================
💠 𝐑𝐄𝐐𝐔𝐈𝐑𝐄𝐌𝐄𝐍𝐓𝐒 | සුදුසුකම්:
✪ වයස අවුරුදු 19 - 40 ත් අතර
✪ පුහුණු / නුපුහුණු
✪ කාන්තා / පිරිමි
✪ අ.පො.ස. (සා/පෙළ) හෝ අ.පො.ස. (උ/පෙළ) දක්වා
(අධ්‍යාපන සුදුසුකම් මත අදාළ තනතුරු සඳහා තෝරා ගනු ලැ‌බේ.)
✪ අදාල ක්ෂේත්‍රයේ වෘත්තීමය පළපුරුද්දක් තිබීම හා ප්‍රායෝගික කුසලතාවන් අමතර සුදුසුකමක් වේ.
✅ 𝐁𝐄𝐍𝐄𝐅𝐈𝐓𝐒 | වරප්‍රසාද:
✪ රු. 65,000/- කට වැඩි ආකර්ෂණීය මාසික වැටුපක් සහ අනෙකුත් වරප්‍රසාද රැසක් පිරිනැමේ.
✪ වසරක සේවා කාලයක් නිමා කල විට ලක්ෂ 15 ක ණයක් ලබා ගැනීමේ හැකියාව.
✪ මාස 03 කට පසු වාහන දීමනාව රු.20,000/- ක්.
✪ මාස 03 කින් ගෙවල් කුලී දීමනාව රු. 15,000/- ක්.
✪ වායු සමනය කල සුවපහසු කාර්යාල කාමර
✪ නිවසටම ප්‍රවාහන පහසුකම්
✅ සම්මුඛ පරීක්‍ෂණ පැවැත්වෙන දිනය
අයදුම් කරන තනතුර සහ CV (Bio Data) එක 0762144770 අංකයට WhatsApp කරන්න.
එවිට සම්මුඛ පරීක්‍ෂණ දිනය ලැබෙනු ඇත.
✅ සම්මුඛ පරීක්‍ෂණය පවත්වන ස්ථානය
1)	බඳවා ගැනීමේ සම්මුඛ පරීක්‍ෂණ සඳහා පහත සඳහන් ස්ථානයට ඔබගේ ජීව දත්ත පත්‍රිකාව හා සහතිකපත් සමඟ පැමිණෙන්න.
2)	සම්මුඛ පරීක්‍ෂණ පැවැත්වෙන දිනය : දුරකථනයෙන් ලබා ගන්න.
3)	සම්මුඛ පරීක්‍ෂණය පැවැත්වෙන ස්ථානය : මහරගම, තරුණ සේවා සභාව අසල Intertex (Pvt) Ltd ආයතනයේ බස්නාහිර පළාත් බඳවා ගැනීම් කාර්යාලයේ දී (Recruit Office) දිවයින පුරා සියලුම ශාඛා සහ කාර්යාල සඳහා බඳවා ගැනීම් හා පුහුණු කිරීම් සිදුකරන්නේ මෙම කාර්යාලය හරහා වේ. (මහරගම තරුණසේවා සභාවේ සිට 50m-100mදුරින්)
4)	සම්මුඛ පරීක්ෂණ පැවැත්වෙන වේලාව : පෙ.ව. 10.00 වන විට සම්මුඛ පරීක්ෂණය සඳහා පැමිණෙන්න.
( සම්මුඛ පරීක්‍ෂණය සඳහා පැය 2 - 3 ක් ගත වේ.)
5)	Vacancy ප්‍රමාණය 5 ක් පමණයි.
6)	රැකියාවට බඳවා ගතහොත් ඔබේ භාවිතයට ලබා දෙන වටිනා Laptop/පරිගණක/ ජංගම දුරකථන ආදී උපාංග සඳහා රු. 5,000/- ක ඇප මුදලක් තැබිය යුතුය.
✅ පහත කැමති ශාඛාවක් තෝරා ගත හැකි ය.
නාවල, නුගේගොඩ, මහරගම, කොට්ටාව",,
https://ikman.lk/en/ad/it-support-engineer-colombo-8,"💼 𝐏𝐎𝐒𝐈𝐓𝐈𝐎𝐍 : IT Support Engineer
💠 𝐑𝐄𝐐𝐔𝐈𝐑𝐄𝐌𝐄𝐍𝐓𝐒 : | # 💠 𝐂𝐀𝐍𝐃𝐈𝐃𝐀𝐓𝐄 𝐏𝐑𝐎𝐅𝐈𝐋𝐄 :
【~】✪ Diploma/Higher Diploma in Computer Science.
【~】✪ Proven experience in IT support or a similar role for 3 years.
【~】✪ A qualification in Microsoft certification will be an added advantage.
【~】✪ Should be willing to work according to the US calendar and working hours would be 7:00 PM to 4:00 AM.
💠 𝐑𝐄𝐒𝐏𝐎𝐍𝐒𝐈𝐁𝐈𝐋𝐈𝐓𝐈𝐄𝐒 : | # 💠 𝐉𝐎𝐁 𝐏𝐑𝐎𝐅𝐈𝐋𝐄 :
【~】✪ Take ownership of user-reported issues and drive them through to resolution.
【~】✪ Research, diagnose, troubleshoot, and identify effective solutions for IT-related problems.
【~】✪ Escalate unresolved issues appropriately, following internal protocols.
【~】✪ Deliver prompt and accurate feedback and technical assistance to users.
【~】✪ Provide technical support for networks, servers, desktops, VoIP networks, and MS365 Cloud Office Applications.
【~】✪ Perform system administration tasks, including purchasing, installing, and configuring desktops, software, and software upgrades.
【~】✪ Implement standards and best practices for application support and infrastructure management.
✅ 𝐁𝐄𝐍𝐄𝐅𝐈𝐓𝐒 :
【~】✪ We offer an attractive remuneration package & incentives that are above market standards for the suitable candidate.
✅ 𝐇𝐎𝐖 𝐓𝐎 𝐀𝐏𝐏𝐋𝐘 ✍️ :
If you feel you are the right individual for the above position, then apply via ""𝗔𝗽𝗽𝗹𝘆 𝗡𝗼𝘄"" of this advert.
[ 𝐖𝐄 𝐇𝐈𝐆𝐇𝐋𝐘 𝐈𝐍𝐅𝐎𝐑𝐌 𝐀𝐋𝐋 𝐓𝐇𝐄 𝐂𝐀𝐍𝐃𝐈𝐃𝐀𝐓𝐄𝐒 𝐓𝐎 𝐌𝐄𝐍𝐓𝐈𝐎𝐍 𝐀 𝐕𝐀𝐋𝐈𝐃 𝐌𝐎𝐁𝐈𝐋𝐄 𝐍𝐔𝐌𝐁𝐄𝐫 & 𝐈𝐓 𝐈𝐒 𝐂𝐎𝐌𝐏𝐔𝐋𝐒𝐎𝐑𝐘 𝐓𝐎 𝐀𝐓𝐓𝐀𝐂𝐇 𝐘𝐎𝐔𝐑 𝐂𝐕 𝐁𝐘 𝐔𝐏𝐃𝐀𝐓𝐈𝐍𝐆 𝐘𝐎𝐔𝐑 ""𝗜𝗞𝗠𝗔𝗡 𝗥𝗘𝗦𝗨𝗠𝗘"" ]
＃ 📧 𝐸𝓂𝒶𝒾𝓁:  asath.afham@legacyhealthllc.com",,
https://ikman.lk/en/ad/it-support-engineer-colombo-9,"💼 𝐏𝐎𝐒𝐈𝐓𝐈𝐎𝐍 : IT Support Engineer
💠 𝐑𝐄𝐐𝐔𝐈𝐑𝐄𝐌𝐄𝐍𝐓𝐒 : | # 💠 𝐂𝐀𝐍𝐃𝐈𝐃𝐀𝐓𝐄 𝐏𝐑𝐎𝐅𝐈𝐋𝐄 :
【~】✪ Diploma/Higher Diploma in Computer Science.
【~】✪ Proven experience in IT support or a similar role for 3 years.
【~】✪ A qualification in Microsoft certification will be an added advantage.
【~】✪ Should be willing to work according to the US calendar and working hours would be 7:00 PM to 4:00 AM.
💠 𝐑𝐄𝐒𝐏𝐎𝐍𝐒𝐈𝐁𝐈𝐋𝐈𝐓𝐈𝐄𝐒 : | # 💠 𝐉𝐎𝐁 𝐏𝐑𝐎𝐅𝐈𝐋𝐄 :
【~】✪ Take ownership of user-reported issues and drive them through to resolution.
【~】✪ Research, diagnose, troubleshoot, and identify effective solutions for IT-related problems.
【~】✪ Escalate unresolved issues appropriately, following internal protocols.
【~】✪ Deliver prompt and accurate feedback and technical assistance to users.
【~】✪ Provide technical support for networks, servers, desktops, VoIP networks, and MS365 Cloud Office Applications.
【~】✪ Perform system administration tasks, including purchasing, installing, and configuring desktops, software, and software upgrades.
【~】✪ Implement standards and best practices for application support and infrastructure management.
✅ 𝐁𝐄𝐍𝐄𝐅𝐈𝐓𝐒 :
【~】✪ We offer an attractive remuneration package & incentives that are above market standards for the suitable candidate.
✅ 𝐇𝐎𝐖 𝐓𝐎 𝐀𝐏𝐏𝐋𝐘 ✍️ :
If you feel you are the right individual for the above position, then apply via ""𝗔𝗽𝗽𝗹𝘆 𝗡𝗼𝘄"" of this advert.
[ 𝐖𝐄 𝐇𝐈𝐆𝐇𝐋𝐘 𝐈𝐍𝐅𝐎𝐑𝐌 𝐀𝐋𝐋 𝐓𝐇𝐄 𝐂𝐀𝐍𝐃𝐈𝐃𝐀𝐓𝐄𝐒 𝐓𝐎 𝐌𝐄𝐍𝐓𝐈𝐎𝐍 𝐀 𝐕𝐀𝐋𝐈𝐃 𝐌𝐎𝐁𝐈𝐋𝐄 𝐍𝐔𝐌𝐁𝐄𝐫 & 𝐈𝐓 𝐈𝐒 𝐂𝐎𝐌𝐏𝐔𝐋𝐒𝐎𝐑𝐘 𝐓𝐎 𝐀𝐓𝐓𝐀𝐂𝐇 𝐘𝐎𝐔𝐑 𝐂𝐕 𝐁𝐘 𝐔𝐏𝐃𝐀𝐓𝐈𝐍𝐆 𝐘𝐎𝐔𝐑 ""𝗜𝗞𝗠𝗔𝗡 𝗥𝗘𝗦𝗨𝗠𝗘"" ]
＃ 📧 𝐸𝓂𝒶𝒾𝓁:  asath.afham@legacyhealthllc.com",,
https://ikman.lk/en/ad/rpa-developer-colombo-8,"💼 𝐏𝐎𝐒𝐈𝐓𝐈𝐎𝐍 : RPA Developer (Straddle Shift)
💠 𝐑𝐄𝐐𝐔𝐈𝐑𝐄𝐌𝐄𝐍𝐓𝐒 : | # 💠 𝐂𝐀𝐍𝐃𝐈𝐃𝐀𝐓𝐄 𝐏𝐑𝐎𝐅𝐈𝐋𝐄 :
【~】✪ Degree in Computer Science, IT, Software Engineering, or a related field (preferred).
【~】✪ Proficiency in at least one RPA platform (UiPath, Automation Anywhere, or Blue Prism).
【~】✪ Strong understanding of process design and optimization.
【~】✪ Basic programming skills (C#, VB, or Python).
【~】✪ Excellent analytical and problem-solving abilities.
【~】✪ Strong documentation and communication skills.
【~】✪ Ability to work according to standard US hours (2:00 PM to 11:00 PM SLT) and calendar.
💠 𝐑𝐄𝐒𝐏𝐎𝐍𝐒𝐈𝐁𝐈𝐋𝐈𝐓𝐈𝐄𝐒 : | # 💠 𝐉𝐎𝐁 𝐏𝐑𝐎𝐅𝐈𝐋𝐄 :
【~】✪ Analyze business processes to identify automation opportunities.
【~】✪ Design and develop RPA workflows using tools such as UiPath, Automation Anywhere, or Blue Prism.
【~】✪ Perform unit testing and support user acceptance testing.
【~】✪ Deploy bots into production and monitor ongoing performance.
【~】✪ Document automation logic, process flows, and exception handling.
【~】✪ Collaborate with BAs and SMEs to ensure successful automation delivery.
【~】✪ Assess automation feasibility and prioritize opportunities based on impact.
✅ 𝐁𝐄𝐍𝐄𝐅𝐈𝐓𝐒 :
【~】✪ We offer an attractive remuneration package & incentives that are above market standards for the suitable candidate.
✅ 𝐇𝐎𝐖 𝐓𝐎 𝐀𝐏𝐏𝐋𝐘 ✍️ :
If you feel you are the right individual for the above position, then apply via ""𝗔𝗽𝗽𝗹𝘆 𝗡𝗼𝘄"" of this advert.
[ 𝐖𝐄 𝐇𝐈𝐆𝐇𝐋𝐘 𝐈𝐍𝐅𝐎𝐑𝐌 𝐀𝐋𝐋 𝐓𝐇𝐄 𝐂𝐀𝐍𝐃𝐈𝐃𝐀𝐓𝐄𝐒 𝐓𝐎 𝐌𝐄𝐍𝐓𝐈𝐎𝐍 𝐀 𝐕𝐀𝐋𝐈𝐃 𝐌𝐎𝐁𝐈𝐋𝐄 𝐍𝐔𝐌𝐁𝐄𝐑 & 𝐈𝐓 𝐈𝐒 𝐂𝐎𝐌𝐏𝐔𝐋𝐒𝐎𝐑𝐘 𝐓𝐎 𝐀𝐓𝐓𝐀𝐂𝐇 𝐘𝐎𝐔𝐑 𝐂𝐕 𝐁𝐘 𝐔𝐏𝐃𝐀𝐓𝐈𝐍𝐆 𝐘𝐎𝐔𝐑 ""𝗜𝗞𝗠𝗔𝗡 𝗥𝗘𝗦𝗨𝗠𝗘"" ]
＃ 📧 𝐸𝓂𝒶𝒾𝓁:  asath.afham@legacyhealthllc.com",,
https://ikman.lk/en/ad/rpa-developer-colombo-7,"💼 𝐏𝐎𝐒𝐈𝐓𝐈𝐎𝐍 : RPA Developer (Straddle Shift)
💠 𝐑𝐄𝐐𝐔𝐈𝐑𝐄𝐌𝐄𝐍𝐓𝐒 : | # 💠 𝐂𝐀𝐍𝐃𝐈𝐃𝐀𝐓𝐄 𝐏𝐑𝐎𝐅𝐈𝐋𝐄 :
【~】✪ Degree in Computer Science, IT, Software Engineering, or a related field (preferred).
【~】✪ Proficiency in at least one RPA platform (UiPath, Automation Anywhere, or Blue Prism).
【~】✪ Strong understanding of process design and optimization.
【~】✪ Basic programming skills (C#, VB, or Python).
【~】✪ Excellent analytical and problem-solving abilities.
【~】✪ Strong documentation and communication skills.
【~】✪ Ability to work according to standard US hours (2:00 PM to 11:00 PM SLT) and calendar.
💠 𝐑𝐄𝐒𝐏𝐎𝐍𝐒𝐈𝐁𝐈𝐋𝐈𝐓𝐈𝐄𝐒 : | # 💠 𝐉𝐎𝐁 𝐏𝐑𝐎𝐅𝐈𝐋𝐄 :
【~】✪ Analyze business processes to identify automation opportunities.
【~】✪ Design and develop RPA workflows using tools such as UiPath, Automation Anywhere, or Blue Prism.
【~】✪ Perform unit testing and support user acceptance testing.
【~】✪ Deploy bots into production and monitor ongoing performance.
【~】✪ Document automation logic, process flows, and exception handling.
【~】✪ Collaborate with BAs and SMEs to ensure successful automation delivery.
【~】✪ Assess automation feasibility and prioritize opportunities based on impact.
✅ 𝐁𝐄𝐍𝐄𝐅𝐈𝐓𝐒 :
【~】✪ We offer an attractive remuneration package & incentives that are above market standards for the suitable candidate.
✅ 𝐇𝐎𝐖 𝐓𝐎 𝐀𝐏𝐏𝐋𝐘 ✍️ :
If you feel you are the right individual for the above position, then apply via ""𝗔𝗽𝗽𝗹𝘆 𝗡𝗼𝘄"" of this advert.
[ 𝐖𝐄 𝐇𝐈𝐆𝐇𝐋𝐘 𝐈𝐍𝐅𝐎𝐑𝐌 𝐀𝐋𝐋 𝐓𝐇𝐄 𝐂𝐀𝐍𝐃𝐈𝐃𝐀𝐓𝐄𝐒 𝐓𝐎 𝐌𝐄𝐍𝐓𝐈𝐎𝐍 𝐀 𝐕𝐀𝐋𝐈𝐃 𝐌𝐎𝐁𝐈𝐋𝐄 𝐍𝐔𝐌𝐁𝐄𝐑 & 𝐈𝐓 𝐈𝐒 𝐂𝐎𝐌𝐏𝐔𝐋𝐒𝐎𝐑𝐘 𝐓𝐎 𝐀𝐓𝐓𝐀𝐂𝐇 𝐘𝐎𝐔𝐑 𝐂𝐕 𝐁𝐘 𝐔𝐏𝐃𝐀𝐓𝐈𝐍𝐆 𝐘𝐎𝐔𝐑 ""𝗜𝗞𝗠𝗔𝗡 𝗥𝗘𝗦𝗨𝗠𝗘"" ]
＃ 📧 𝐸𝓂𝒶𝒾𝓁:  asath.afham@legacyhealthllc.com",,
https://ikman.lk/en/ad/rpa-developer-gampaha-2,"💼 𝐏𝐎𝐒𝐈𝐓𝐈𝐎𝐍 : RPA Developer (Straddle Shift)
💠 𝐑𝐄𝐐𝐔𝐈𝐑𝐄𝐌𝐄𝐍𝐓𝐒 : | # 💠 𝐂𝐀𝐍𝐃𝐈𝐃𝐀𝐓𝐄 𝐏𝐑𝐎𝐅𝐈𝐋𝐄 :
【~】✪ Degree in Computer Science, IT, Software Engineering, or a related field (preferred).
【~】✪ Proficiency in at least one RPA platform (UiPath, Automation Anywhere, or Blue Prism).
【~】✪ Strong understanding of process design and optimization.
【~】✪ Basic programming skills (C#, VB, or Python).
【~】✪ Excellent analytical and problem-solving abilities.
【~】✪ Strong documentation and communication skills.
【~】✪ Ability to work according to standard US hours (2:00 PM to 11:00 PM SLT) and calendar.
💠 𝐑𝐄𝐒𝐏𝐎𝐍𝐒𝐈𝐁𝐈𝐋𝐈𝐓𝐈𝐄𝐒 : | # 💠 𝐉𝐎𝐁 𝐏𝐑𝐎𝐅𝐈𝐋𝐄 :
【~】✪ Analyze business processes to identify automation opportunities.
【~】✪ Design and develop RPA workflows using tools such as UiPath, Automation Anywhere, or Blue Prism.
【~】✪ Perform unit testing and support user acceptance testing.
【~】✪ Deploy bots into production and monitor ongoing performance.
【~】✪ Document automation logic, process flows, and exception handling.
【~】✪ Collaborate with BAs and SMEs to ensure successful automation delivery.
【~】✪ Assess automation feasibility and prioritize opportunities based on impact.
✅ 𝐁𝐄𝐍𝐄𝐅𝐈𝐓𝐒 :
【~】✪ We offer an attractive remuneration package & incentives that are above market standards for the suitable candidate.
✅ 𝐇𝐎𝐖 𝐓𝐎 𝐀𝐏𝐏𝐋𝐘 ✍️ :
If you feel you are the right individual for the above position, then apply via ""𝗔𝗽𝗽𝗹𝘆 𝗡𝗼𝘄"" of this advert.
[ 𝐖𝐄 𝐇𝐈𝐆𝐇𝐋𝐘 𝐈𝐍𝐅𝐎𝐑𝐌 𝐀𝐋𝐋 𝐓𝐇𝐄 𝐂𝐀𝐍𝐃𝐈𝐃𝐀𝐓𝐄𝐒 𝐓𝐎 𝐌𝐄𝐍𝐓𝐈𝐎𝐍 𝐀 𝐕𝐀𝐋𝐈𝐃 𝐌𝐎𝐁𝐈𝐋𝐄 𝐍𝐔𝐌𝐁𝐄𝐑 & 𝐈𝐓 𝐈𝐒 𝐂𝐎𝐌𝐏𝐔𝐋𝐒𝐎𝐑𝐘 𝐓𝐎 𝐀𝐓𝐓𝐀𝐂𝐇 𝐘𝐎𝐔𝐑 𝐂𝐕 𝐁𝐘 𝐔𝐏𝐃𝐀𝐓𝐈𝐍𝐆 𝐘𝐎𝐔𝐑 ""𝗜𝗞𝗠𝗔𝗡 𝗥𝗘𝗦𝗨𝗠𝗘"" ]
＃ 📧 𝐸𝓂𝒶𝒾𝓁:  asath.afham@legacyhealthllc.com",,
https://ikman.lk/en/ad/rpa-manager-colombo-7,"💼 𝐏𝐎𝐒𝐈𝐓𝐈𝐎𝐍 : RPA Manager (Straddle Shift)
Robotic Process Automation
💠 𝐑𝐄𝐐𝐔𝐈𝐑𝐄𝐌𝐄𝐍𝐓𝐒 : | # 💠 𝐂𝐀𝐍𝐃𝐈𝐃𝐀𝐓𝐄 𝐏𝐑𝐎𝐅𝐈𝐋𝐄 :
【~】✪ 5–8 years of proven experience in a similar leadership or project management role.
【~】✪ Bachelor's degree in Computer Science, Engineering, Business, or a related field.
【~】✪ Certified Project Manager credentials will be a strong advantage.
【~】✪ Strong leadership, organizational, and problem-solving skills.
【~】✪ Excellent communication and stakeholder management capabilities.
【~】✪ Proficiency in Agile development practices and project management tools.
【~】✪ Solid understanding of business process automation, IT infrastructure, and system integration.
【~】✪ Ability to work according to standard US hours and calendar.
💠 𝐑𝐄𝐒𝐏𝐎𝐍𝐒𝐈𝐁𝐈𝐋𝐈𝐓𝐈𝐄𝐒 : | # 💠 𝐉𝐎𝐁 𝐏𝐑𝐎𝐅𝐈𝐋𝐄 :
【~】✪ Oversee and coordinate RPA project activities with teams in Chennai and Colombo, ensuring timely delivery and alignment with project goals.
【~】✪ Establish and manage defect tracking and support systems for RPA automation and other software development projects.
【~】✪ Utilize Agile methodologies to manage sprints, backlogs, scrums, and Kanban boards for effective workflow tracking.
【~】✪ Monitor project progress to ensure on-time, within-budget completion of all development tasks.
【~】✪ Foster cross-functional communication and ensure efficient collaboration across development teams.
【~】✪ Proactively manage risks, resolve challenges, and maintain accountability for project milestones and deliverables.
✅ 𝐁𝐄𝐍𝐄𝐅𝐈𝐓𝐒 :
【~】✪ We offer an attractive remuneration package & incentives that are above market standards for the suitable candidate.
✅ 𝐇𝐎𝐖 𝐓𝐎 𝐀𝐏𝐏𝐋𝐘 ✍️ :
If you feel you are the right individual for the above position, then apply via ""𝗔𝗽𝗽𝗹𝘆 𝗡𝗼𝘄"" of this advert.
[ 𝐖𝐄 𝐇𝐈𝐆𝐇𝐋𝐘 𝐈𝐍𝐅𝐎𝐑𝐌 𝐀𝐋𝐋 𝐓𝐇𝐄 𝐂𝐀𝐍𝐃𝐈𝐃𝐀𝐓𝐄𝐒 𝐓𝐎 𝐌𝐄𝐍𝐓𝐈𝐎𝐍 𝐀 𝐕𝐀𝐋𝐈𝐃 𝐌𝐎𝐁𝐈𝐋𝐄 𝐍𝐔𝐌𝐁𝐄𝐑 & 𝐈𝐓 𝐈𝐒 𝐂𝐎𝐌𝐏𝐔𝐋𝐒𝐎𝐑𝐘 𝐓𝐎 𝐀𝐓𝐓𝐀𝐂𝐇 𝐘𝐎𝐔𝐑 𝐂𝐕 𝐁𝐘 𝐔𝐏𝐃𝐀𝐓𝐈𝐍𝐆 𝐘𝐎𝐔𝐑 ""𝗜𝗞𝗠𝗔𝗡 𝗥𝗘𝗦𝗨𝗠𝗘"" ]
＃ 📧 𝐸𝓂𝒶𝒾𝓁:  asath.afham@legacyhealthllc.com",,
https://ikman.lk/en/ad/rpa-manager-gampaha-2,"💼 𝐏𝐎𝐒𝐈𝐓𝐈𝐎𝐍 : RPA Manager (Straddle Shift)
💠 𝐑𝐄𝐐𝐔𝐈𝐑𝐄𝐌𝐄𝐍𝐓𝐒 : | # 💠 𝐂𝐀𝐍𝐃𝐈𝐃𝐀𝐓𝐄 𝐏𝐑𝐎𝐅𝐈𝐋𝐄 :
【~】✪ 5–8 years of proven experience in a similar leadership or project management role.
【~】✪ Bachelor's degree in Computer Science, Engineering, Business, or a related field.
【~】✪ Certified Project Manager credentials will be a strong advantage.
【~】✪ Strong leadership, organizational, and problem-solving skills.
【~】✪ Excellent communication and stakeholder management capabilities.
【~】✪ Proficiency in Agile development practices and project management tools.
【~】✪ Solid understanding of business process automation, IT infrastructure, and system integration.
【~】✪ Ability to work according to standard US hours and calendar.
💠 𝐑𝐄𝐒𝐏𝐎𝐍𝐒𝐈𝐁𝐈𝐋𝐈𝐓𝐈𝐄𝐒 : | # 💠 𝐉𝐎𝐁 𝐏𝐑𝐎𝐅𝐈𝐋𝐄 :
【~】✪ Oversee and coordinate RPA project activities with teams in Chennai and Colombo, ensuring timely delivery and alignment with project goals.
【~】✪ Establish and manage defect tracking and support systems for RPA automation and other software development projects.
【~】✪ Utilize Agile methodologies to manage sprints, backlogs, scrums, and Kanban boards for effective workflow tracking.
【~】✪ Monitor project progress to ensure on-time, within-budget completion of all development tasks.
【~】✪ Foster cross-functional communication and ensure efficient collaboration across development teams.
【~】✪ Proactively manage risks, resolve challenges, and maintain accountability for project milestones and deliverables.
✅ 𝐁𝐄𝐍𝐄𝐅𝐈𝐓𝐒 :
【~】✪ We offer an attractive remuneration package & incentives that are above market standards for the suitable candidate.
✅ 𝐇𝐎𝐖 𝐓𝐎 𝐀𝐏𝐏𝐋𝐘 ✍️ :
If you feel you are the right individual for the above position, then apply via ""𝗔𝗽𝗽𝗹𝘆 𝗡𝗼𝘄"" of this advert.
[ 𝐖𝐄 𝐇𝐈𝐆𝐇𝐋𝐘 𝐈𝐍𝐅𝐎𝐑𝐌 𝐀𝐋𝐋 𝐓𝐇𝐄 𝐂𝐀𝐍𝐃𝐈𝐃𝐀𝐓𝐄𝐒 𝐓𝐎 𝐌𝐄𝐍𝐓𝐈𝐎𝐍 𝐀 𝐕𝐀𝐋𝐈𝐃 𝐌𝐎𝐁𝐈𝐋𝐄 𝐍𝐔𝐌𝐁𝐄𝐑 & 𝐈𝐓 𝐈𝐒 𝐂𝐎𝐌𝐏𝐔𝐋𝐒𝐎𝐑𝐘 𝐓𝐎 𝐀𝐓𝐓𝐀𝐂𝐇 𝐘𝐎𝐔𝐑 𝐂𝐕 𝐁𝐘 𝐔𝐏𝐃𝐀𝐓𝐈𝐍𝐆 𝐘𝐎𝐔𝐑 ""𝗜𝗞𝗠𝗔𝗡 𝗥𝗘𝗦𝗨𝗠𝗘"" ]
＃ 📧 𝐸𝓂𝒶𝒾𝓁:  asath.afham@legacyhealthllc.com",,
https://ikman.lk/en/ad/rpa-manager-gampaha-1,"💼 𝐏𝐎𝐒𝐈𝐓𝐈𝐎𝐍 : RPA Manager (Straddle Shift)
💠 𝐑𝐄𝐐𝐔𝐈𝐑𝐄𝐌𝐄𝐍𝐓𝐒 : | # 💠 𝐂𝐀𝐍𝐃𝐈𝐃𝐀𝐓𝐄 𝐏𝐑𝐎𝐅𝐈𝐋𝐄 :
【~】✪ 5–8 years of proven experience in a similar leadership or project management role.
【~】✪ Bachelor's degree in Computer Science, Engineering, Business, or a related field.
【~】✪ Certified Project Manager credentials will be a strong advantage.
【~】✪ Strong leadership, organizational, and problem-solving skills.
【~】✪ Excellent communication and stakeholder management capabilities.
【~】✪ Proficiency in Agile development practices and project management tools.
【~】✪ Solid understanding of business process automation, IT infrastructure, and system integration.
【~】✪ Ability to work according to standard US hours and calendar.
💠 𝐑𝐄𝐒𝐏𝐎𝐍𝐒𝐈𝐁𝐈𝐋𝐈𝐓𝐈𝐄𝐒 : | # 💠 𝐉𝐎𝐁 𝐏𝐑𝐎𝐅𝐈𝐋𝐄 :
【~】✪ Oversee and coordinate RPA project activities with teams in Chennai and Colombo, ensuring timely delivery and alignment with project goals.
【~】✪ Establish and manage defect tracking and support systems for RPA automation and other software development projects.
【~】✪ Utilize Agile methodologies to manage sprints, backlogs, scrums, and Kanban boards for effective workflow tracking.
【~】✪ Monitor project progress to ensure on-time, within-budget completion of all development tasks.
【~】✪ Foster cross-functional communication and ensure efficient collaboration across development teams.
【~】✪ Proactively manage risks, resolve challenges, and maintain accountability for project milestones and deliverables.
✅ 𝐁𝐄𝐍𝐄𝐅𝐈𝐓𝐒 :
【~】✪ We offer an attractive remuneration package & incentives that are above market standards for the suitable candidate.
✅ 𝐇𝐎𝐖 𝐓𝐎 𝐀𝐏𝐏𝐋𝐘 ✍️ :
If you feel you are the right individual for the above position, then apply via ""𝗔𝗽𝗽𝗹𝘆 𝗡𝗼𝘄"" of this advert.
[ 𝐖𝐄 𝐇𝐈𝐆𝐇𝐋𝐘 𝐈𝐍𝐅𝐎𝐑𝐌 𝐀𝐋𝐋 𝐓𝐇𝐄 𝐂𝐀𝐍𝐃𝐈𝐃𝐀𝐓𝐄𝐒 𝐓𝐎 𝐌𝐄𝐍𝐓𝐈𝐎𝐍 𝐀 𝐕𝐀𝐋𝐈𝐃 𝐌𝐎𝐁𝐈𝐋𝐄 𝐍𝐔𝐌𝐁𝐄𝐑 & 𝐈𝐓 𝐈𝐒 𝐂𝐎𝐌𝐏𝐔𝐋𝐒𝐎𝐑𝐘 𝐓𝐎 𝐀𝐓𝐓𝐀𝐂𝐇 𝐘𝐎𝐔𝐑 𝐂𝐕 𝐁𝐘 𝐔𝐏𝐃𝐀𝐓𝐈𝐍𝐆 𝐘𝐎𝐔𝐑 ""𝗜𝗞𝗠𝗔𝗡 𝗥𝗘𝗦𝗨𝗠𝗘"" ]
＃ 📧 𝐸𝓂𝒶𝒾𝓁:  asath.afham@legacyhealthllc.com",,
https://ikman.lk/en/ad/it-support-engineer-colombo-10,"💼 𝐏𝐎𝐒𝐈𝐓𝐈𝐎𝐍 : IT Support Engineer
💠 𝐑𝐄𝐐𝐔𝐈𝐑𝐄𝐌𝐄𝐍𝐓𝐒 : | # 💠 𝐂𝐀𝐍𝐃𝐈𝐃𝐀𝐓𝐄 𝐏𝐑𝐎𝐅𝐈𝐋𝐄 :
【~】✪ Diploma/Higher Diploma in Computer Science.
【~】✪ Proven experience in IT support or a similar role for 3 years.
【~】✪ A qualification in Microsoft certification will be an added advantage.
【~】✪ Should be willing to work according to the US calendar and working hours would be 7:00 PM to 4:00 AM.
💠 𝐑𝐄𝐒𝐏𝐎𝐍𝐒𝐈𝐁𝐈𝐋𝐈𝐓𝐈𝐄𝐒 : | # 💠 𝐉𝐎𝐁 𝐏𝐑𝐎𝐅𝐈𝐋𝐄 :
【~】✪ Take ownership of user-reported issues and drive them through to resolution.
【~】✪ Research, diagnose, troubleshoot, and identify effective solutions for IT-related problems.
【~】✪ Escalate unresolved issues appropriately, following internal protocols.
【~】✪ Deliver prompt and accurate feedback and technical assistance to users.
【~】✪ Provide technical support for networks, servers, desktops, VoIP networks, and MS365 Cloud Office Applications.
【~】✪ Perform system administration tasks, including purchasing, installing, and configuring desktops, software, and software upgrades.
【~】✪ Implement standards and best practices for application support and infrastructure management.
✅ 𝐁𝐄𝐍𝐄𝐅𝐈𝐓𝐒 :
【~】✪ We offer an attractive remuneration package & incentives that are above market standards for the suitable candidate.
✅ 𝐇𝐎𝐖 𝐓𝐎 𝐀𝐏𝐏𝐋𝐘 ✍️ :
If you feel you are the right individual for the above position, then apply via ""𝗔𝗽𝗽𝗹𝘆 𝗡𝗼𝘄"" of this advert.
[ 𝐖𝐄 𝐇𝐈𝐆𝐇𝐋𝐘 𝐈𝐍𝐅𝐎𝐑𝐌 𝐀𝐋𝐋 𝐓𝐇𝐄 𝐂𝐀𝐍𝐃𝐈𝐃𝐀𝐓𝐄𝐒 𝐓𝐎 𝐌𝐄𝐍𝐓𝐈𝐎𝐍 𝐀 𝐕𝐀𝐋𝐈𝐃 𝐌𝐎𝐁𝐈𝐋𝐄 𝐍𝐔𝐌𝐁𝐄𝐫 & 𝐈𝐓 𝐈𝐒 𝐂𝐎𝐌𝐏𝐔𝐋𝐒𝐎𝐑𝐘 𝐓𝐎 𝐀𝐓𝐓𝐀𝐂𝐇 𝐘𝐎𝐔𝐑 𝐂𝐕 𝐁𝐘 𝐔𝐏𝐃𝐀𝐓𝐈𝐍𝐆 𝐘𝐎𝐔𝐑 ""𝗜𝗞𝗠𝗔𝗡 𝗥𝗘𝗦𝗨𝗠𝗘"" ]
＃ 📧 𝐸𝓂𝒶𝒾𝓁:  asath.afham@legacyhealthllc.com",,
https://ikman.lk/en/ad/graphic-designer-gampaha-951,"🎨 Graphic Designer (Full Time) – Male/Female
Adroit Graphic Pvt Ltd is looking for a talented and creative Graphic Designer to join our growing team.
Job Details
* Position: Graphic Designer
* Employment Type: Full Time
* Gender: Male or Female
* Experience: Minimum 1 Year
Requirements
* Minimum 1 year of graphic design experience
* Proficiency in Adobe Illustrator & Adobe Photoshop
* Creative mindset with strong attention to detail
* Ability to work independently and meet deadlines
* Good communication and teamwork skills
Company Address
Adroit Graphic Pvt Ltd
No. 57/5, Thelangapatha Road,
Wanawasala, Kelaniya.
How to Apply
📧 Email: Nuwank184@gmail.com
📞 Contact: 077 745 2567
Join our creative team and grow your career with
Adroit Graphic Pvt Ltd!",,
https://ikman.lk/en/ad/junior-seo-specialist-work-at-home-kandy-1,"Junior SEO Specialist
Location: Kandy, Sri Lanka (Remote)
Employment Type: Full-Time
Experience: one year experience wordpress and web designing
Job Summary
We are seeking a results-driven SEO Specialist to improve our website's visibility, organic search rankings, and overall digital presence. The ideal candidate will have experience in technical SEO, keyword research, content optimization, link-building strategies, and analytics reporting. You will work closely with content, marketing, and web development teams to drive sustainable organic growth.
Required Qualifications
●	HND in , Information Technology,
●	Excellent analytical and problem-solving skills.
●	Strong communication and reporting abilities.
●	Ability to manage multiple projects and meet deadlines.
Preferred Qualifications
●	Experience with local SEO Familiarity with WordPress and other CMS platforms.
●	Knowledge of content marketing and conversion rate optimization (CRO).
●	Experience working with e-commerce websites is an advantage.
Salary
●	Junior SEO Specialist: LKR 60,000 Benefits
●	Competitive salary package
●	Performance-based bonuses
●	Professional development opportunities
●	Flexible work arrangements
●	Paid annual and casual leave
Send your CV to this Email or WhatsApp for more details- searchkonsole@gmail.com
0777238081",,
https://ikman.lk/en/ad/graphic-designer-gampaha-950,"Foreign owned Electronic / Engineering Company manufacturing Fibre Optic / Copper cable systems and precision components for export, requires a
Graphic Designer
The selected candidate will be responsible for designing creative visual content and promotional materials while ensuring brand consistency across all communications.
The candidates’ responsibilities will be as follows, but not limited to;
•	Design and maintain document formats, templates, and visual materials.
•	Create layouts for brochures, product datasheets, presentations, advertisements, and other marketing materials for print and digital platforms.
•	Ensure consistency of the company’s brand identity across all visual communications.
•	Support updates and improvements to website content and visual elements.
Candidates’ Essential Criteria;
•	Proficiency in Canva, Adobe Creative Suite (InDesign, Illustrator, Photoshop, etc.), and Microsoft Office applications.
•	Basic knowledge of HTML and website content management for making minor website updates and changes.
•	Strong graphic design skills with a keen eye for layout, typography, colour, and branding.
•	Knowledge of AI-powered design tools and the ability to leverage AI technologies to enhance creativity and productivity.
•	Good communication skills in English.
•	High attention to detail and commitment to producing quality work.
•	Ability to manage multiple projects and meet deadlines.
Candidates’ Non-essential Criteria (Added advantage);
•	Part-Certification or Professional Qualification in Graphic Design, Multimedia Design, Visual Communication, or a related field.
•	Creative thinking skills with the ability to develop innovative and visually appealing design concepts.
•	Proficiency in CorelDraw.
•	Knowledge of photography, videography, Animation (2D,3D) or multimedia content creation.
•	Familiarity with digital marketing concepts and social media content design.
•	Experience working in a manufacturing, engineering, or export-oriented environment.
The ideal candidate should be creative, detail-oriented, and capable of transforming complex information into clear and visually appealing designs. The role demands strong organizational skills, a passion for branding and visual communication, and the ability to work effectively while maintaining high-quality design standards.
The candidate will report to the Director – Business Development.
Forward Your Curriculum Vitae via E-mail
Careers@tglanka.lk",,
https://ikman.lk/en/ad/vacancy-for-it-support-kalutara,"IT Supporting
	Basic Knowledge of:
•	Computer Hardware and Troubleshooting
•	Windows OS Installation Configuration
•	Networking Basics
•	Printers & POS Systems
	Valid Driving License is Required
	Good Communication Skills
	Previous Working Experience in Same Field will be added Advantage
Supervistion Technology Pvt Ltd
Contact: 0774996305/0777871138
Apply Now: info@supervision.lk",,
https://ikman.lk/en/ad/junior-graphic-designer-colombo-26,"WE ARE HIRING – JUNIOR GRAPHIC DESIGNER 🎨
A PLUS Eco (PVT) LTD
We are looking for a creative and enthusiastic Junior Graphic Designer to join our growing team.
Requirements:
✔ Basic knowledge of Adobe Photoshop, Illustrator, Canva, or similar design software
✔ Creative thinking and attention to detail
✔ Ability to create social media posts, advertisements, and marketing materials
✔ Knowledge of video editing software will be an added advantage
✔ Good communication and teamwork skills
✔ School leavers and fresh graduates are encouraged to apply
Responsibilities:
🔹 Design social media posts, banners, flyers, and promotional materials
🔹 Assist in creating content for Facebook, Instagram, TikTok, YouTube, and other platforms
🔹 Support branding and marketing campaigns
🔹 Prepare artwork for printing and digital media
🔹 Work closely with the marketing and content creation team
Benefits:
✅ Attractive salary package
✅ On-the-job training and career development
✅ Opportunity to work with multiple brands and projects
✅ Friendly and creative working environment
✅ EPF/ETF benefits
📍 Location: Athurugiriya
🕘 Working Hours: 9.00 AM – 6.00 PM
📞 Contact: 071 726 0469
📧 Send your CV and portfolio today
rohithacrown@gmail.com
Start Your Creative Career with A PLUS Eco and Grow with Sri Lanka’s Leading Renewable Energy & Lifestyle Brands!",,
https://ikman.lk/en/ad/computer-operator-nikaweratiya-kurunegala,"📢 රැකියාවක් සොයන ඔබට හොඳම අවස්ථාවක්!...
📍 නිකවැරටිය ප්‍රදේශයේ පිහිටි පෞද්ගලික ආයතනයක Computer operator තනතුර සඳහා ඇබෑර්තු ඇත.
✅ සුදුසුකම්
🔹 වයස අවුරුදු 18 - 35 අතර,
🔹 අ.පො.ස. උසස් පෙළ විභාගයට පෙනී සිටි,
🔹 සාමාන්‍ය ඉංග්‍රීසි දැනුමක් සහ පරිගණක දැනුමක් ඇති,
🔹 පුහුණු / නුපුහුණු ගැහැණු හා පිරිමි දෙපාර්ශ්වයටම අයදුම් කළ හැක.
✔️ සරිලන හා ආකර්ෂණීය වැටුපක්
✔️ ආරක්ෂිත සේවා පරිසරයක්
✔️ සුහදශීලී කාර්ය මණ්ඩලයක්
📞 වැඩි විස්තර සඳහා අමතන්න
☎️ 070 463 6235
☎️ 074 124 3099
📲 අයදුම්පත්‍රය අදම WhatsApp කරන්න
076 966 4065",,
https://ikman.lk/en/ad/junior-graphic-designer-colombo-24,"WE ARE HIRING – JUNIOR GRAPHIC DESIGNER 🎨
A PLUS Eco (PVT) LTD
We are looking for a creative and enthusiastic Junior Graphic Designer to join our growing team.
Requirements:
✔ Basic knowledge of Adobe Photoshop, Illustrator, Canva, or similar design software
✔ Creative thinking and attention to detail
✔ Ability to create social media posts, advertisements, and marketing materials
✔ Knowledge of video editing software will be an added advantage
✔ Good communication and teamwork skills
✔ School leavers and fresh graduates are encouraged to apply
Responsibilities:
🔹 Design social media posts, banners, flyers, and promotional materials
🔹 Assist in creating content for Facebook, Instagram, TikTok, YouTube, and other platforms
🔹 Support branding and marketing campaigns
🔹 Prepare artwork for printing and digital media
🔹 Work closely with the marketing and content creation team
Benefits:
✅ Attractive salary package
✅ On-the-job training and career development
✅ Opportunity to work with multiple brands and projects
✅ Friendly and creative working environment
✅ EPF/ETF benefits
📍 Location: Athurugiriya
🕘 Working Hours: 9.00 AM – 6.00 PM
📞 Contact: 071 726 0469
📧 Send your CV and portfolio today
rohithacrown@gmail.com
Start Your Creative Career with A PLUS Eco and Grow with Sri Lanka’s Leading Renewable Energy & Lifestyle Brands!",,
https://ikman.lk/en/ad/computer-oparator-maavtgm-kurunegala,"මාවතගම ප්‍රදේශයේ පිහිටි ප්‍රසිද්ධ පෞද්ගලික ආයතනයක Computer Operator තනතුර සඳහා ඇබෑර්තු ඇත!
✅ සුදුසුකම්
🔹 වයස අවුරුදු 18 - 35 අතර
🔹 උසස් පෙළ (A/L) විභාගයට පෙනී සිටි
🔹 සාමාන්‍ය ඉංග්‍රීසි දැනුමක් සහ පරිගණක දැනුමක්ද ඇති
🔹 පුහුණු / නුපුහුණු  අයදුම්කරුවන් සඳහා අවස්ථාව
💰 සරිලන වැටුපක්
🏢 ආරක්ෂිත හා සුහද සේවා පරිසරයක්
⏰ සේවා කාලය : උදෑසන 8.00 සිට සවස 5.00 දක්වා
📞 වැඩි විස්තර සඳහා අමතන්න : 070 463 6235
📲 ඔබගේ අයදුම්පත්‍රය අදම WhatsApp කරන්න: 076 966 4065",,
https://ikman.lk/en/ad/computer-hardware-technician-colombo-wellampitiya-colombo,"We are looking for a motivated Trainee Computer Hardware Technician to join our team. No prior experience is required. Training will be provided.
Requirements:
•	Basic knowledge of computers
•	Willingness to learn
•	Good attitude and teamwork skills
•	School leavers are encouraged to apply",,
https://ikman.lk/en/ad/graphic-designer-negombo-gampaha-17,"Graphic Designer Job Vacancy in Negombo
Immediate VACANCIES
GRAPHIC DESIGNER / TRAINING GRAPHIC DESIGNER
Negombo Printers (Pvt) Ltd.
WE’RE HIRING JOIN OUR CREATIVE CREATIVE DESIGN TEAM!
WHAT WE LOOK FOR
> Creative & Innovative Thinkers
> Proficiency in Design Software(Adobe Photoshop, Illustrator, InDesign etc.)
>  Strong Visual & Communication Skills
> Attention to Detail & Good Time Management
> Team Players with a Passion for Design
> Candidates near Negombo are encouraged to apply.
> A recognized Diploma in Graphic Designing is highly preferred and considered an added advantage.
> Attractive Salary Packages Offered
Bring Your Creativity. Let’s Create Something Amazing Together!
+++ WHATSAPP 0714272751
++++ CALL 0706850260
+++ EMAIL vacancynegombopri @gmail.com",,
https://ikman.lk/en/ad/graphic-designer-wattala-gampaha-135,"අප ආයතනයට පලපුරුදු ග‍්‍රැෆික් නිර්මාණකරුවන් අවශ්‍ය කර තිබේ. ගැහැණු හෝ පිරිමි. වැටුප රු. 60,000/- සිට 90,000/- වත්තල, කදාන, රාගම, ජා ඇල, කිරිබත්ගොඩ ප‍්‍රදේශ වලින් විශේෂයි. දුර පළාත් අය සඳහා සලකා බැලේ (දුර පළාත් අය සදහා නවාතැන් පහසුකම් සමග කෑම නොමිලේ).
We are looking for a Graphic Designers with good knowledge of adobe photoshop, Illustrator, Coreldraw, and other software Creative ideas and skills to do the art works candidate male or female around Wattala, Kandana, Ragama, Ja-ela, Kiribathgoda. Accommodation and meals will be provided for the candidates from outstation. Salary 60.000/=  to 90,000/=
Methuli Holdings (Pvt) Ltd.
06, Gala Junction,
Hekitta Road,
Wattala",,
https://ikman.lk/en/ad/creative-designer-nugegoda-colombo-1,"Creative Designer
Requirements
* Proficiency in Adobe Photoshop, Adobe Illustrator, and Adobe InDesign.
* Strong creative and visual design skills.
* Knowledge of branding, typography, and layout design.
* Ability to manage multiple projects and meet deadlines.
* Portfolio demonstrating graphic design experience.
Responsibilities
* Create social media graphics, banners, flyers, and marketing materials.
* Design logos and brand identity assets.
* Edit and retouch images for digital and print use.
* Work with clients or team members to develop creative concepts.
* Revise and finalize designs based on feedback and project requirements.
Call for more details- 0741526714",,
https://ikman.lk/en/ad/graphic-designer-wattala-elakanda-gampaha,"Employer:ANANDA ENTERPRISE
Job role : graphic designer
Job type: Full Time
Salary per month:Negotiable (can earn more than SLR 85,000)
Required education:Advanced level + Diploma
Required work experience (years): 2
About the role Requirements
> Minimum 2 Year of work experience in graphic design and social media marketing platforms such as Facebook, Instagram, youtube and tiktokHandling online business
> Strong understanding of social media platforms and trendsKnowledge of the latest video trends in social media will be an added advantage
> Think outside the box when handling artwork tools.
Responsibilities
> Monitor social media channels for comments and messages.
> Assist in planning and executing social media ad campaigns.
.Whats app your CVs – 0712255502 / 0712255353 Anandaenterprise7@gmail.com",,
https://ikman.lk/en/ad/administration-executive-graphic-designer-female-colombo-2,"MITL Campus is looking for a motivated and young creative female candidate to join our team as an Administration Executive. If you are passionate about design, higher education administration, and working in a professional higher education environment, this opportunity is for you.
Requirements:
• Female candidate aged between 18–30
• GCE O/L qualification (School leavers are encouraged to apply)
• Basic to intermediate knowledge in Photoshop, CorelDRAW, and Adobe Illustrator
• Friendly personality with good communication and organizational skills
• Previous working experience will be an added advantage
Work Mode:
• Full-time onsite position (Boralasgamuwa/Raththanapitiya)
• Attractive commission scheme available
Join our growing team and build your career in a professional working environment.
Location: MITL Campus Central Operations Center – Boralasgamuwa
How to Apply:
Submit your CV via WhatsApp to:
+94 70 133 9999
+94 76 931 6863",,
https://ikman.lk/en/ad/web-developer-maharagama-colombo-131,"💠 රු. 100,000/- කට වැඩි ආකර්ෂණීය මාසික වැටුපක් සමඟ   Web Developer  ලෙස ඔබත් අප හා එකතු වන්න.💠
✪ දිවයින පුරා රැකියා අපේක්ෂකයින් සඳහා රැකියා අවස්ථා ✪
💼𝐏𝐎𝐒𝐈𝐓𝐈𝐎𝐍 | තනතුර Web Developer
===============================
💠 𝐑𝐄𝐐𝐔𝐈𝐑𝐄𝐌𝐄𝐍𝐓𝐒 | සුදුසුකම්:
✪ වයස අවුරුදු 19 - 40 ත් අතර
✪ පුහුණු / නුපුහුණු
✪ කාන්තා / පිරිමි
✪ අ.පො.ස. (සා/පෙළ) හෝ අ.පො.ස. (උ/පෙළ) දක්වා
(අධ්‍යාපන සුදුසුකම් මත අදාළ තනතුරු සඳහා තෝරා ගනු ලැ‌බේ.)
✪ අදාල ක්ෂේත්‍රයේ වෘත්තීමය පළපුරුද්දක් තිබීම හා ප්‍රායෝගික කුසලතාවන් අමතර සුදුසුකමක් වේ.
✅ 𝐁𝐄𝐍𝐄𝐅𝐈𝐓𝐒 | වරප්‍රසාද:
✪ රු.100,000/- කට වැඩි ආකර්ෂණීය මාසික වැටුපක් සහ අනෙකුත් වරප්‍රසාද රැසක් පිරිනැමේ.
✪ වසරක සේවා කාලයක් නිමා කල විට ලක්ෂ 15 ක ණයක් ලබා ගැනීමේ හැකියාව.
✪ මාස 03 කට පසු වාහන දීමනාව රු.20,000/- ක්.
✪ මාස 03 කින් ගෙවල් කුලී දීමනාව රු. 15,000/- ක්.
✪ වායු සමනය කල සුවපහසු කාර්යාල කාමර
✪ නිවසටම ප්‍රවාහන පහසුකම්
✅ සම්මුඛ පරීක්‍ෂණ පැවැත්වෙන දිනය
අයදුම් කරන තනතුර සහ CV (Bio Data) එක 0774567048 අංකයට WhatsApp කරන්න.
එවිට සම්මුඛ පරීක්‍ෂණ දිනය ලැබෙනු ඇත.
✅ සම්මුඛ පරීක්‍ෂණය පවත්වන ස්ථානය
1)	බඳවා ගැනීමේ සම්මුඛ පරීක්‍ෂණ සඳහා පහත සඳහන් ස්ථානයට ඔබගේ ජීව දත්ත පත්‍රිකාව හා සහතිකපත් සමඟ පැමිණෙන්න.
2)	සම්මුඛ පරීක්‍ෂණ පැවැත්වෙන දිනය : දුරකථනයෙන් ලබා ගන්න.
3)	සම්මුඛ පරීක්‍ෂණය පැවැත්වෙන ස්ථානය : මහරගම, තරුණ සේවා සභාව අසල Worth Accounting  (Pvt) Ltd ආයතනයේ බස්නාහිර පළාත් බඳවා ගැනීම් කාර්යාලයේ දී (Recruit Office) දිවයින පුරා සියලුම ශාඛා සහ කාර්යාල සඳහා බඳවා ගැනීම් හා පුහුණු කිරීම් සිදුකරන්නේ මෙම කාර්යාලය හරහා වේ.
4)	සම්මුඛ පරීක්ෂණ පැවැත්වෙන වේලාව : පෙ.ව. 10.00 වන විට සම්මුඛ පරීක්ෂණය සඳහා පැමිණෙන්න.
( සම්මුඛ පරීක්‍ෂණය සඳහා පැය 2 - 3 ක් ගත වේ.)
5)	Vacancy ප්‍රමාණය 5 ක් පමණයි.
6)	රැකියාවට බඳවා ගතහොත් ඔබේ භාවිතයට ලබා දෙන වටිනා Laptop/පරිගණක/ ජංගම දුරකථන ආදී උපාංග සඳහා රු. 5,000/- ක ඇප මුදලක් තැබිය යුතුය.
✅ පහත කැමති ශාඛාවක් තෝරා ගත හැකි ය.
නාවල, නුගේගොඩ, මහරගම, කොට්ටාව",,
https://ikman.lk/en/ad/creative-designer-colombo-31,"💼 𝐏𝐎𝐒𝐈𝐓𝐈𝐎𝐍 : Creative Designer
📍 Euro Motors (PVT) Ltd.
💠 𝐑𝐄𝐐𝐔𝐈𝐑𝐄𝐌𝐄𝐍𝐓𝐒 : | # 💠 𝐂𝐀𝐍𝐃𝐈𝐃𝐀𝐓𝐄 𝐏𝐑𝐎𝐅𝐈𝐋𝐄 :
【~】✪ Age between 20 - 30 years
【~】✪ Relevant diploma or certificate in Graphic Design from a reputed institute
【~】✪ More than 2 years hands-on experience
【~】✪ Proficient in Adobe Photoshop, Illustrator, and Corel Draw
【~】✪ Excellent layout and typography skills
【~】✪ Exceptional creativity and innovative design skills
【~】✪ Proficient with MS Office packages
【~】✪ Video editing and animation expertise (added advantage)
【~】✪ Should be physically reported to work (8:30 AM – 5:00 PM) | 【~】✪ Strong attention to detail
💠 𝐑𝐄𝐒𝐏𝐎𝐍𝐒𝐈𝐁𝐈𝐋𝐈𝐓𝐈𝐄𝐒 : | # 💠 𝐉𝐎𝐁 𝐏𝐑𝐎𝐅𝐈𝐋𝐄 :
【~】✪ Design artworks for marketing materials (paper ads, social media, etc.)
| 【~】✪ Full-time position at Euro Motors (PVT) Ltd.
【~】✪ Coordinate with all vendors in brand and marketing
【~】✪ One of Sri Lanka's leading automobile companies since 2004
【~】✪ Maintain inventory of marketing materials
【~】✪ Sole agent for several reputed automobile brands
【~】✪ Liaise with media personnel, newspapers, advertising agencies
【~】✪ Work schedule: 8:30 AM – 5:00 PM (physical reporting)
【~】✪ Social media content management (Facebook, YouTube, Google Ads, etc.)
✅ 𝐁𝐄𝐍𝐄𝐅𝐈𝐓𝐒 :
【~】✪ We offer an attractive remuneration package & incentives that are above market standards for the suitable candidate.
【~】✪ The right candidate will be hired on an attractive, competitive salary package commensurate with skills, knowledge and experience.
✅ 𝐇𝐎𝐖 𝐓𝐎 𝐀𝐏𝐏𝐋𝐘 ✍️ :
If you feel you are the right individual for the above position, then apply via ""Apply Now"" of this advert.
OR email your CV mentioning the position applied in the subject line:
＃ 📧 𝐸𝓂𝒶𝒾𝓁: careers@euromotors.lk
＃📳 𝓒𝓸𝓷𝓽𝓪𝓬𝓽 : 0114 504 504
[ 𝐖𝐄 𝐇𝐈𝐆𝐇𝐋𝐘 𝐈𝐍𝐅𝐎𝐑𝐌 𝐀𝐋𝐋 𝐓𝐇𝐄 𝐂𝐀𝐍𝐃𝐈𝐃𝐀𝐓𝐄𝐒 𝐓𝐎 𝐌𝐄𝐍𝐓𝐈𝐎𝐍 𝐀 𝐕𝐀𝐋𝐈𝐃 𝐌𝐎𝐁𝐈𝐋𝐄 𝐍𝐔𝐌𝐁𝐄𝐑 & 𝐈𝐓 𝐈𝐒 𝐂𝐎𝐌𝐏𝐔𝐋𝐒𝐎𝐑𝐘 𝐓𝐎 𝐀𝐓𝐓𝐀𝐂𝐇 𝐘𝐎𝐔𝐑 𝐂𝐕 ]",,
https://ikman.lk/en/ad/graphic-designer-colombo-colombo-3,"# 💼 𝐏𝐎𝐒𝐈𝐓𝐈𝐎𝐍 : Graphic Designer | ග්‍රැෆික් නිර්මාණකරු
# 💠 𝐂𝐀𝐍𝐃𝐈𝐃𝐀𝐓𝐄 𝐑𝐄𝐐𝐔𝐈𝐑𝐄𝐌𝐄𝐍𝐓𝐒 :
【~】✪ 🔹Sound knowledge of Adobe Illustrator, Photoshop, InDesign & CorelDRAW
【~】✪ 🔹Creative thinking with strong artistic skills
【~】✪ 🔹Minimum 2-3 years' experience in a similar position
【~】✪ 🔹Excellent Sinhala & English typesetting skills
【~】✪ 🔹Male and female candidates living close to Colombo or Malabe are encouraged to apply
# ✅ 𝐁𝐄𝐍𝐄𝐅𝐈𝐓𝐒 :
【~】✪ 🔹Attractive remuneration package
【~】✪ 🔹Friendly and professional working environment
【~】✪ 🔹Career growth opportunities within the Ranpath Group
# ✅ 𝐇𝐎𝐖 𝐓𝐎 𝐀𝐏𝐏𝐋𝐘 ✍️ :
If you feel you are the right individual for the above position, then apply via ""𝗔𝗽𝗽𝗹𝘆 𝗡𝗼𝘄 "" of this advert.
[ 𝐖𝐄 𝐇𝐈𝐆𝐇𝐋𝐘 𝐈𝐍𝐅𝐎𝐑𝐌 𝐀𝐋𝐋 𝐓𝐇𝐄 𝐂𝐀𝐍𝐃𝐈𝐃𝐀𝐓𝐄𝐒 𝐓𝐎 𝐌𝐄𝐍𝐓𝐈𝐎𝐍 𝐀 𝐕𝐀𝐋𝐈𝐃 𝐌𝐎𝐁𝐈𝐋𝐄 𝐍𝐔𝐌𝐁𝐄𝐑 & 𝐈𝐓 𝐈𝐒 𝐂𝐎𝐌𝐏𝐔𝐋𝐒𝐎𝐑𝐘 𝐓𝐎 𝐀𝐓𝐓𝐀𝐂𝐇 𝐘𝐎𝐔𝐑 𝐂𝐕 𝐁𝐘 𝐔𝐏𝐃𝐀𝐓𝐈𝐍𝐆 𝐘𝐎𝐔𝐑 ""𝗜𝗞𝗠𝗔𝗡 𝗥𝗘𝗦𝗨𝗠𝗘"" ]
＃ 📧 𝐸𝓂𝒶𝒾𝓁 : hr@ranpath.lk
# 🌐 𝓦𝓮𝓫 : leafd.lk
# 📪 𝓐𝓭𝓭𝓻𝓮𝓼𝓼 : No. 04, Maitland Crescent, Colombo 07",,
https://ikman.lk/en/ad/computer-graphics-and-sinhala-english-tpesetting-colombo,"Part time / Full time
වැටුප 50,000 - 60,000 අතර දිරි දීමනා සහ පැමිණීමේ දීමනා සමග. සිංහල සහ ඉංග්‍රීසි ටයිප් කිරීමේ හැකියාව තිබිය යුතුය. (Sinhala and English typing skills required.)
බොරලැස්ගමුව අවටින් විශේෂයි. ඉක්මනින් අවශ්‍යයි.
Contact / විමසීම්:
077 373900
075 6660175",,
https://ikman.lk/en/ad/it-hardware-technician-field-job-tangalla-hambantota,"Abans Group
Founded in 1968 by Aban Pestonjee, Abans Group is a leading conglomerate that offers targeted solutions ranging from real estate and engineering to retail and Auto, which aim to enhance the lives of Sri Lankan citizens. Join the Abans Group to experience a rewarding career!
IT Hardware Technician (Field)
Requirements
NVQ Level 4 or an equivalent qualification in IT or a related field
Minimum 1 year of experience in a similar role
Basic understanding of IT hardware, software, and networking
Ability to troubleshoot and repair IT equipment (especially laptops and tablets)
Good communication and customer service skills
Must own a motorbike; fuel expenses for work-related travel will be reimbursed",,
https://ikman.lk/en/ad/graphic-designer-gampaha-948,"We are a family-owned business on Kandy Road, Yakkala, looking for a detail-oriented Graphic Designer. Must have skills in modern design, DTF and digital printing, and social media management. If you’re creative and organized, apply now!
Salary – Rs. 35,000 -Rs 50000
Full-time
Male / Female
6 days per week
Working hours: shift base 8.00am-5.00pm / 9.30am-7.30
Requirements...........
Attention to detail
Willing to learn
Trainers also welcome
Urgent Vacancy
whats app - 07019442611 / +17783863595",,
https://ikman.lk/en/ad/computer-technician-colombo-186,"Job Title: Technical Support Assistant (Full-Time)
Job Description:
We are looking for a skilled and reliable Computer Technician to join our team. The selected candidate will be responsible for installing, maintaining, and repairing computer systems, printers, and related hardware/software. Our primary brands include HP, Epson, and Canon.
Key Responsibilities:
•	Diagnose and troubleshoot hardware and software issues.
•	Install, configure, and upgrade operating systems and applications.
•	Perform routine system maintenance and ensure stable network connectivity.
•	Provide technical support to clients both on-site and remotely.
•	Maintain inventory of IT equipment and ensure timely repairs.
Requirements:
•	Diploma/Certificate in IT, NVQ Level 4 in Computer Hardware, or a related field.
•	Experience in printer repair especially in enlargement printers will be an advantage
•	Proven experience in computer repairs as well
•	Strong problem-solving skills and attention to detail.
•	Willingness to travel island-wide.
Work Schedule:
•	Full-time, Monday to Friday (8:30 AM – 5:30 PM).
•	Holidays: Saturday, Sunday, Poya Day, and Mercantile Holidays.",,
https://ikman.lk/en/ad/graphic-designer-and-video-editor-for-hire-colombo,,,status_410
https://ikman.lk/en/ad/graphic-designer-colombo-3378,"🎨 Job Opportunity – Graphic Designers
TINE GRAPHICS (PVT) LTD is looking for creative Graphic Designers skilled in CorelDraw, Illustrator, and Photoshop.
Perks & Benefits:
✅ Free accommodation provided
✅ Opportunity to work in a dynamic creative environment
පලපුරුදු නාම පුවරු නිර්මාන කරුවන් සදහා ඇබෑර්තු ඇත්.70000/= වඩා වැඩි වැටුපක්..(පිරිමි)
(නවාතැන් පහසුකම්ද ඇත)
Required Skills:
Expertise in CorelDraw, Illustrator, and Photoshop
Creativity and attention to detail
Contact Details:
📞 0717 989 223 / 0112 867 410
✉️ tinegr@gmail.com
Apply now and join our talented team!",,
https://ikman.lk/en/ad/graphic-designer-colombo-3377,"We are a Digital and Offset  printing company based at Narahenpita looking for  Graphic Designers to support our ongoing operations.
Requirements
1. Diploma / Relevant certification in Graphic Designing from a   recognized institute.
2. Age 20 -35
3. Good knowledge and practical aspects of Adobe Photoshop, Adobe Illustrator, etc.
4. One to two years of experience in design.
5. Creativity & innovative design skills with modern design trends.
6. Ability to type efficiently in English and Sinhala.
7. Excellent customer handling.
8. Living near to Narahenpita Colombo 05 will be an added advantage.
Salary : Depends on Experiecnes
WhatsApp: 0773543187
Email : jobskpms125@gmail.com",,
https://ikman.lk/en/ad/junior-executive-it-colombo,Please refer to the job advertisement.,,
https://ikman.lk/en/ad/graphic-designer-female-gampaha-19,"Time : 10 Am to 8.30 Pm
# POSITION:  GRAPHIC DESIGNER CUM CASHIER / FEMALE
We are one of the fastest growing Cosmetics Store in Negombo
Name: Cosmoline
=========================================================
* RESPONSIBILITY
⁕ Facebook/TikTok/Instragram and others good handling.
⁕ Create and design social media content, including posts, stories, and advertisements.
⁕ Manage and monitor all social media platforms.
⁕ Develop and create content and campaign ideas according to Social Media Brand
⁕ Pos Invoice, cash Balancing
send your CV to
Whatsapp- 076-578 8060
email - cosmoline225@gmail.com",,
https://ikman.lk/en/ad/graphic-designer-female-applicant-jaffna,"📢 WE’RE HIRING – Graphic Designer (Female Applicants)
✨ BS Travels (PVT) Ltd – Jaffna office
🎯 Requirements:
✔ Photoshop & Canva or related knowledge
✔ Creative mindset
✔ Strong portfolio (previous design work)
✔ Good communication skills
📍 Location: No.338, Navalar Road, Jaffna
📩 Send your CV (WhatsApp): 077 448 1790
⏰ Deadline",,
https://ikman.lk/en/ad/software-devoloper-colombo,"🚖 Looking for Experienced Ride-Hailing Professionals in Sri Lanka
We are currently building and expanding the Hello ride-hailing platform across Sri Lanka and are looking to connect with individuals who have previous experience working with companies such as PickMe, Uber, Kangaroo Cabs, or similar transportation/startup platforms.
We are especially interested in people with experience in:
• Driver onboarding
• Fleet operations
• Customer support management
• Marketing & growth
• Area/regional operations
• Dispatch & ride management
• Startup operations
This can be:
✅ Full-time
✅ Part-time
✅ Consultancy basis
If you have experience in the mobility/taxi industry and would like to be part of a fast-growing platform, please send a private message with your experience and contact details.
Location: Sri Lanka 🇱🇰
Serious inquiries only.",,
https://ikman.lk/en/ad/trainee-network-technician-colombo,"ඔබට ජාලකරණය (Networking) ක්ෂේත්‍රයේ වැඩ කිරීමට සහ on-the-job training මඟින් ඉගෙන ගැනීමට හැකියාව සහ උනන්දුවක් තිබේ නම්, මේ සඳහා අයදුම් කළ හැක.
ජාල ස්ථාපන / තොරතුරු තාක්‍ෂණ සේවාවන්​ (IT services & network installations) ඉගෙන ගැනීමට සහ තේරුම් ගැනීමට ඇති කැමැත්ත. ඔබගේ දැනුම සහ කුසලතා වර්ධනය කිරීමට නිරන්තරයෙන් මගපෙන්වීම සහ අධීක්ෂණය ලබා දෙනු ඇත.
**************************
VTA සිසුන් සඳහා පුහුණු අවස්ථා ඇත​.
NVQ  සුදුසුකම ඇති හෝ නැති.
විශ්වාසනීයභාවය සහ විනය මෙම තනතුර සඳහා අත්‍යවශ්‍ය ගුණාංග ලෙස සලකනු ලැබේ.
කණ්ඩායමක් ලෙස වැඩ කිරීම සඳහා සුදුසු ආකල්ප සහ කුසලතාවයන් ගෙන් යුක්ත විය යුතුයි.
If you have the ability and interest to work and learn networking through on-the-job training, you may apply for this role.
Willingness to learn and understand networking concepts, network installations and IT services. Continuous supervision and guidance will be provided to help improve your knowledge and skills.
************ NVQ qualification available or not available.
Degree holders need not apply.
Honesty and discipline are considered key qualities for this position. A positive working attitude is required for this technical role.
Send your CVs",,
https://ikman.lk/en/ad/graphic-designer-colombo-3-colombo-4,"Graphic Designer
Gender:- Male/Female
Salary:- Interview
📧Send your CV to this email Address
exotic2004@gmail.com",,
https://ikman.lk/en/ad/computer-operator-kurunnaaegl-kurunegala-1,"කුරුණෑගල ප්‍රදේශයේ පිහිටි ප්‍රසිද්ධ පෞද්ගලික ආයතනයක Computer Operator තනතුර සඳහා රැකියා ඇබෑර්තු ඇත
👉සුදුසුකම්:
🔅ගැහැණු / පිරිමි දෙපාර්ශ්වය සඳහාම අයදුම් කළ හැකිය
🔹 වයස අවුරුදු 18 – 35 අතර
🔹 උසස් පෙළ විභාගයට පෙනී සිටි අය
🔹 සාමාන්‍ය ඉංග්‍රීසි දැනුම තිබිය යුතුය
🔹 පරිගණක භාවිතය පිළිබඳ මූලික දැනුම අවශ්‍යයි
🔹 MS Word / Excel / Internet භාවිතය දැන සිටීම අමතර සුදුසුකමකි
🔹 පුහුණු / නුපුහුණු අයදුම් කළ හැක
🔹 වගකීමකින් වැඩ කළ හැකි අය
⏰ සේවා කාලය
උදෑසන 8.00 සිට සවස 5.00 දක්වා
💰 ආකර්ෂණීය වැටුප්
🛡️ ආරක්ෂිත සහ සුහද සේවා පරිසරය
📞 වැඩි විස්තර සඳහා අමතන්න: 070 463 6235
📲 ඔබගේ CV / අයදුම්පත WhatsApp කරන්න
📩 076 966 4065",,
https://ikman.lk/en/ad/it-support-engineer-colombo-7,"💼 𝐏𝐎𝐒𝐈𝐓𝐈𝐎𝐍 : IT Support Engineer
💠 𝐑𝐄𝐐𝐔𝐈𝐑𝐄𝐌𝐄𝐍𝐓𝐒 : | # 💠 𝐂𝐀𝐍𝐃𝐈𝐃𝐀𝐓𝐄 𝐏𝐑𝐎𝐅𝐈𝐋𝐄 :
【~】✪ Diploma/Higher Diploma in Computer Science.
【~】✪ Proven experience in IT support or a similar role for 3 years.
【~】✪ A qualification in Microsoft certification will be an added advantage.
【~】✪ Should be willing to work according to the US calendar and working hours would be 7:00 PM to 4:00 AM.
💠 𝐑𝐄𝐒𝐏𝐎𝐍𝐒𝐈𝐁𝐈𝐋𝐈𝐓𝐈𝐄𝐒 : | # 💠 𝐉𝐎𝐁 𝐏𝐑𝐎𝐅𝐈𝐋𝐄 :
【~】✪ Take ownership of user-reported issues and drive them through to resolution.
【~】✪ Research, diagnose, troubleshoot, and identify effective solutions for IT-related problems.
【~】✪ Escalate unresolved issues appropriately, following internal protocols.
【~】✪ Deliver prompt and accurate feedback and technical assistance to users.
【~】✪ Provide technical support for networks, servers, desktops, VoIP networks, and MS365 Cloud Office Applications.
【~】✪ Perform system administration tasks, including purchasing, installing, and configuring desktops, software, and software upgrades.
【~】✪ Implement standards and best practices for application support and infrastructure management.
✅ 𝐁𝐄𝐍𝐄𝐅𝐈𝐓𝐒 :
【~】✪ We offer an attractive remuneration package & incentives that are above market standards for the suitable candidate.
✅ 𝐇𝐎𝐖 𝐓𝐎 𝐀𝐏𝐏𝐋𝐘 ✍️ :
If you feel you are the right individual for the above position, then apply via ""𝗔𝗽𝗽𝗹𝘆 𝗡𝗼𝘄"" of this advert.
[ 𝐖𝐄 𝐇𝐈𝐆𝐇𝐋𝐘 𝐈𝐍𝐅𝐎𝐑𝐌 𝐀𝐋𝐋 𝐓𝐇𝐄 𝐂𝐀𝐍𝐃𝐈𝐃𝐀𝐓𝐄𝐒 𝐓𝐎 𝐌𝐄𝐍𝐓𝐈𝐎𝐍 𝐀 𝐕𝐀𝐋𝐈𝐃 𝐌𝐎𝐁𝐈𝐋𝐄 𝐍𝐔𝐌𝐁𝐄𝐫 & 𝐈𝐓 𝐈𝐒 𝐂𝐎𝐌𝐏𝐔𝐋𝐒𝐎𝐑𝐘 𝐓𝐎 𝐀𝐓𝐓𝐀𝐂𝐇 𝐘𝐎𝐔𝐑 𝐂𝐕 𝐁𝐘 𝐔𝐏𝐃𝐀𝐓𝐈𝐍𝐆 𝐘𝐎𝐔𝐑 ""𝗜𝗞𝗠𝗔𝗡 𝗥𝗘𝗦𝗨𝗠𝗘"" ]
＃ 📧 𝐸𝓂𝒶𝒾𝓁:  asath.afham@legacyhealthllc.com",,
https://ikman.lk/en/ad/it-support-engineer-colombo-6,"💼 𝐏𝐎𝐒𝐈𝐓𝐈𝐎𝐍 : IT Support Engineer
💠 𝐑𝐄𝐐𝐔𝐈𝐑𝐄𝐌𝐄𝐍𝐓𝐒 : | # 💠 𝐂𝐀𝐍𝐃𝐈𝐃𝐀𝐓𝐄 𝐏𝐑𝐎𝐅𝐈𝐋𝐄 :
【~】✪ Diploma/Higher Diploma in Computer Science.
【~】✪ Proven experience in IT support or a similar role for 3 years.
【~】✪ A qualification in Microsoft certification will be an added advantage.
【~】✪ Should be willing to work according to the US calendar and working hours would be 7:00 PM to 4:00 AM.
💠 𝐑𝐄𝐒𝐏𝐎𝐍𝐒𝐈𝐁𝐈𝐋𝐈𝐓𝐈𝐄𝐒 : | # 💠 𝐉𝐎𝐁 𝐏𝐑𝐎𝐅𝐈𝐋𝐄 :
【~】✪ Take ownership of user-reported issues and drive them through to resolution.
【~】✪ Research, diagnose, troubleshoot, and identify effective solutions for IT-related problems.
【~】✪ Escalate unresolved issues appropriately, following internal protocols.
【~】✪ Deliver prompt and accurate feedback and technical assistance to users.
【~】✪ Provide technical support for networks, servers, desktops, VoIP networks, and MS365 Cloud Office Applications.
【~】✪ Perform system administration tasks, including purchasing, installing, and configuring desktops, software, and software upgrades.
【~】✪ Implement standards and best practices for application support and infrastructure management.
✅ 𝐁𝐄𝐍𝐄𝐅𝐈𝐓𝐒 :
【~】✪ We offer an attractive remuneration package & incentives that are above market standards for the suitable candidate.
✅ 𝐇𝐎𝐖 𝐓𝐎 𝐀𝐏𝐏𝐋𝐘 ✍️ :
If you feel you are the right individual for the above position, then apply via ""𝗔𝗽𝗽𝗹𝘆 𝗡𝗼𝘄"" of this advert.
[ 𝐖𝐄 𝐇𝐈𝐆𝐇𝐋𝐘 𝐈𝐍𝐅𝐎𝐑𝐌 𝐀𝐋𝐋 𝐓𝐇𝐄 𝐂𝐀𝐍𝐃𝐈𝐃𝐀𝐓𝐄𝐒 𝐓𝐎 𝐌𝐄𝐍𝐓𝐈𝐎𝐍 𝐀 𝐕𝐀𝐋𝐈𝐃 𝐌𝐎𝐁𝐈𝐋𝐄 𝐍𝐔𝐌𝐁𝐄𝐫 & 𝐈𝐓 𝐈𝐒 𝐂𝐎𝐌𝐏𝐔𝐋𝐒𝐎𝐑𝐘 𝐓𝐎 𝐀𝐓𝐓𝐀𝐂𝐇 𝐘𝐎𝐔𝐑 𝐂𝐕 𝐁𝐘 𝐔𝐏𝐃𝐀𝐓𝐈𝐍𝐆 𝐘𝐎𝐔𝐑 ""𝗜𝗞𝗠𝗔𝗡 𝗥𝗘𝗦𝗨𝗠𝗘"" ]
＃ 📧 𝐸𝓂𝒶𝒾𝓁:  asath.afham@legacyhealthllc.com",,
https://ikman.lk/en/ad/rpa-manager-colombo-6,"💼 𝐏𝐎𝐒𝐈𝐓𝐈𝐎𝐍 : RPA Manager (Straddle Shift)
💠 𝐑𝐄𝐐𝐔𝐈𝐑𝐄𝐌𝐄𝐍𝐓𝐒 : | # 💠 𝐂𝐀𝐍𝐃𝐈𝐃𝐀𝐓𝐄 𝐏𝐑𝐎𝐅𝐈𝐋𝐄 :
【~】✪ 5–8 years of proven experience in a similar leadership or project management role.
【~】✪ Bachelor's degree in Computer Science, Engineering, Business, or a related field.
【~】✪ Certified Project Manager credentials will be a strong advantage.
【~】✪ Strong leadership, organizational, and problem-solving skills.
【~】✪ Excellent communication and stakeholder management capabilities.
【~】✪ Proficiency in Agile development practices and project management tools.
【~】✪ Solid understanding of business process automation, IT infrastructure, and system integration.
【~】✪ Ability to work according to standard US hours and calendar.
💠 𝐑𝐄𝐒𝐏𝐎𝐍𝐒𝐈𝐁𝐈𝐋𝐈𝐓𝐈𝐄𝐒 : | # 💠 𝐉𝐎𝐁 𝐏𝐑𝐎𝐅𝐈𝐋𝐄 :
【~】✪ Oversee and coordinate RPA project activities with teams in Chennai and Colombo, ensuring timely delivery and alignment with project goals.
【~】✪ Establish and manage defect tracking and support systems for RPA automation and other software development projects.
【~】✪ Utilize Agile methodologies to manage sprints, backlogs, scrums, and Kanban boards for effective workflow tracking.
【~】✪ Monitor project progress to ensure on-time, within-budget completion of all development tasks.
【~】✪ Foster cross-functional communication and ensure efficient collaboration across development teams.
【~】✪ Proactively manage risks, resolve challenges, and maintain accountability for project milestones and deliverables.
✅ 𝐁𝐄𝐍𝐄𝐅𝐈𝐓𝐒 :
【~】✪ We offer an attractive remuneration package & incentives that are above market standards for the suitable candidate.
✅ 𝐇𝐎𝐖 𝐓𝐎 𝐀𝐏𝐏𝐋𝐘 ✍️ :
If you feel you are the right individual for the above position, then apply via ""𝗔𝗽𝗽𝗹𝘆 𝗡𝗼𝘄"" of this advert.
[ 𝐖𝐄 𝐇𝐈𝐆𝐇𝐋𝐘 𝐈𝐍𝐅𝐎𝐑𝐌 𝐀𝐋𝐋 𝐓𝐇𝐄 𝐂𝐀𝐍𝐃𝐈𝐃𝐀𝐓𝐄𝐒 𝐓𝐎 𝐌𝐄𝐍𝐓𝐈𝐎𝐍 𝐀 𝐕𝐀𝐋𝐈𝐃 𝐌𝐎𝐁𝐈𝐋𝐄 𝐍𝐔𝐌𝐁𝐄𝐑 & 𝐈𝐓 𝐈𝐒 𝐂𝐎𝐌𝐏𝐔𝐋𝐒𝐎𝐑𝐘 𝐓𝐎 𝐀𝐓𝐓𝐀𝐂𝐇 𝐘𝐎𝐔𝐑 𝐂𝐕 𝐁𝐘 𝐔𝐏𝐃𝐀𝐓𝐈𝐍𝐆 𝐘𝐎𝐔𝐑 ""𝗜𝗞𝗠𝗔𝗡 𝗥𝗘𝗦𝗨𝗠𝗘"" ]
＃ 📧 𝐸𝓂𝒶𝒾𝓁:  asath.afham@legacyhealthllc.com",,
https://ikman.lk/en/ad/rpa-software-developer-colombo-2,"💼 𝐏𝐎𝐒𝐈𝐓𝐈𝐎𝐍 : RPA Developer (Straddle Shift)
💠 𝐑𝐄𝐐𝐔𝐈𝐑𝐄𝐌𝐄𝐍𝐓𝐒 : | # 💠 𝐂𝐀𝐍𝐃𝐈𝐃𝐀𝐓𝐄 𝐏𝐑𝐎𝐅𝐈𝐋𝐄 :
【~】✪ Degree in Computer Science, IT, Software Engineering, or a related field (preferred).
【~】✪ Proficiency in at least one RPA platform (UiPath, Automation Anywhere, or Blue Prism).
【~】✪ Strong understanding of process design and optimization.
【~】✪ Basic programming skills (C#, VB, or Python).
【~】✪ Excellent analytical and problem-solving abilities.
【~】✪ Strong documentation and communication skills.
【~】✪ Ability to work according to standard US hours (2:00 PM to 11:00 PM SLT) and calendar.
💠 𝐑𝐄𝐒𝐏𝐎𝐍𝐒𝐈𝐁𝐈𝐋𝐈𝐓𝐈𝐄𝐒 : | # 💠 𝐉𝐎𝐁 𝐏𝐑𝐎𝐅𝐈𝐋𝐄 :
【~】✪ Analyze business processes to identify automation opportunities.
【~】✪ Design and develop RPA workflows using tools such as UiPath, Automation Anywhere, or Blue Prism.
【~】✪ Perform unit testing and support user acceptance testing.
【~】✪ Deploy bots into production and monitor ongoing performance.
【~】✪ Document automation logic, process flows, and exception handling.
【~】✪ Collaborate with BAs and SMEs to ensure successful automation delivery.
【~】✪ Assess automation feasibility and prioritize opportunities based on impact.
✅ 𝐁𝐄𝐍𝐄𝐅𝐈𝐓𝐒 :
【~】✪ We offer an attractive remuneration package & incentives that are above market standards for the suitable candidate.
✅ 𝐇𝐎𝐖 𝐓𝐎 𝐀𝐏𝐏𝐋𝐘 ✍️ :
If you feel you are the right individual for the above position, then apply via ""𝗔𝗽𝗽𝗹𝘆 𝗡𝗼𝘄"" of this advert.
[ 𝐖𝐄 𝐇𝐈𝐆𝐇𝐋𝐘 𝐈𝐍𝐅𝐎𝐑𝐌 𝐀𝐋𝐋 𝐓𝐇𝐄 𝐂𝐀𝐍𝐃𝐈𝐃𝐀𝐓𝐄𝐒 𝐓𝐎 𝐌𝐄𝐍𝐓𝐈𝐎𝐍 𝐀 𝐕𝐀𝐋𝐈𝐃 𝐌𝐎𝐁𝐈𝐋𝐄 𝐍𝐔𝐌𝐁𝐄𝐑 & 𝐈𝐓 𝐈𝐒 𝐂𝐎𝐌𝐏𝐔𝐋𝐒𝐎𝐑𝐘 𝐓𝐎 𝐀𝐓𝐓𝐀𝐂𝐇 𝐘𝐎𝐔𝐑 𝐂𝐕 𝐁𝐘 𝐔𝐏𝐃𝐀𝐓𝐈𝐍𝐆 𝐘𝐎𝐔𝐑 ""𝗜𝗞𝗠𝗔𝗡 𝗥𝗘𝗦𝗨𝗠𝗘"" ]
＃ 📧 𝐸𝓂𝒶𝒾𝓁:  asath.afham@legacyhealthllc.com",,
https://ikman.lk/en/ad/rpa-developer-colombo-6,"💼 𝐏𝐎𝐒𝐈𝐓𝐈𝐎𝐍 : RPA Developer (Straddle Shift)
💠 𝐑𝐄𝐐𝐔𝐈𝐑𝐄𝐌𝐄𝐍𝐓𝐒 : | # 💠 𝐂𝐀𝐍𝐃𝐈𝐃𝐀𝐓𝐄 𝐏𝐑𝐎𝐅𝐈𝐋𝐄 :
【~】✪ Degree in Computer Science, IT, Software Engineering, or a related field (preferred).
【~】✪ Proficiency in at least one RPA platform (UiPath, Automation Anywhere, or Blue Prism).
【~】✪ Strong understanding of process design and optimization.
【~】✪ Basic programming skills (C#, VB, or Python).
【~】✪ Excellent analytical and problem-solving abilities.
【~】✪ Strong documentation and communication skills.
【~】✪ Ability to work according to standard US hours (2:00 PM to 11:00 PM SLT) and calendar.
💠 𝐑𝐄𝐒𝐏𝐎𝐍𝐒𝐈𝐁𝐈𝐋𝐈𝐓𝐈𝐄𝐒 : | # 💠 𝐉𝐎𝐁 𝐏𝐑𝐎𝐅𝐈𝐋𝐄 :
【~】✪ Analyze business processes to identify automation opportunities.
【~】✪ Design and develop RPA workflows using tools such as UiPath, Automation Anywhere, or Blue Prism.
【~】✪ Perform unit testing and support user acceptance testing.
【~】✪ Deploy bots into production and monitor ongoing performance.
【~】✪ Document automation logic, process flows, and exception handling.
【~】✪ Collaborate with BAs and SMEs to ensure successful automation delivery.
【~】✪ Assess automation feasibility and prioritize opportunities based on impact.
✅ 𝐁𝐄𝐍𝐄𝐅𝐈𝐓𝐒 :
【~】✪ We offer an attractive remuneration package & incentives that are above market standards for the suitable candidate.
✅ 𝐇𝐎𝐖 𝐓𝐎 𝐀𝐏𝐏𝐋𝐘 ✍️ :
If you feel you are the right individual for the above position, then apply via ""𝗔𝗽𝗽𝗹𝘆 𝗡𝗼𝘄"" of this advert.
[ 𝐖𝐄 𝐇𝐈𝐆𝐇𝐋𝐘 𝐈𝐍𝐅𝐎𝐑𝐌 𝐀𝐋𝐋 𝐓𝐇𝐄 𝐂𝐀𝐍𝐃𝐈𝐃𝐀𝐓𝐄𝐒 𝐓𝐎 𝐌𝐄𝐍𝐓𝐈𝐎𝐍 𝐀 𝐕𝐀𝐋𝐈𝐃 𝐌𝐎𝐁𝐈𝐋𝐄 𝐍𝐔𝐌𝐁𝐄𝐑 & 𝐈𝐓 𝐈𝐒 𝐂𝐎𝐌𝐏𝐔𝐋𝐒𝐎𝐑𝐘 𝐓𝐎 𝐀𝐓𝐓𝐀𝐂𝐇 𝐘𝐎𝐔𝐑 𝐂𝐕 𝐁𝐘 𝐔𝐏𝐃𝐀𝐓𝐈𝐍𝐆 𝐘𝐎𝐔𝐑 ""𝗜𝗞𝗠𝗔𝗡 𝗥𝗘𝗦𝗨𝗠𝗘"" ]
＃ 📧 𝐸𝓂𝒶𝒾𝓁:  asath.afham@legacyhealthllc.com",,
https://ikman.lk/en/ad/rpa-developer-gampaha-1,"💼 𝐏𝐎𝐒𝐈𝐓𝐈𝐎𝐍 : RPA Developer (Straddle Shift)
💠 𝐑𝐄𝐐𝐔𝐈𝐑𝐄𝐌𝐄𝐍𝐓𝐒 : | # 💠 𝐂𝐀𝐍𝐃𝐈𝐃𝐀𝐓𝐄 𝐏𝐑𝐎𝐅𝐈𝐋𝐄 :
【~】✪ Degree in Computer Science, IT, Software Engineering, or a related field (preferred).
【~】✪ Proficiency in at least one RPA platform (UiPath, Automation Anywhere, or Blue Prism).
【~】✪ Strong understanding of process design and optimization.
【~】✪ Basic programming skills (C#, VB, or Python).
【~】✪ Excellent analytical and problem-solving abilities.
【~】✪ Strong documentation and communication skills.
【~】✪ Ability to work according to standard US hours (2:00 PM to 11:00 PM SLT) and calendar.
💠 𝐑𝐄𝐒𝐏𝐎𝐍𝐒𝐈𝐁𝐈𝐋𝐈𝐓𝐈𝐄𝐒 : | # 💠 𝐉𝐎𝐁 𝐏𝐑𝐎𝐅𝐈𝐋𝐄 :
【~】✪ Analyze business processes to identify automation opportunities.
【~】✪ Design and develop RPA workflows using tools such as UiPath, Automation Anywhere, or Blue Prism.
【~】✪ Perform unit testing and support user acceptance testing.
【~】✪ Deploy bots into production and monitor ongoing performance.
【~】✪ Document automation logic, process flows, and exception handling.
【~】✪ Collaborate with BAs and SMEs to ensure successful automation delivery.
【~】✪ Assess automation feasibility and prioritize opportunities based on impact.
✅ 𝐁𝐄𝐍𝐄𝐅𝐈𝐓𝐒 :
【~】✪ We offer an attractive remuneration package & incentives that are above market standards for the suitable candidate.
✅ 𝐇𝐎𝐖 𝐓𝐎 𝐀𝐏𝐏𝐋𝐘 ✍️ :
If you feel you are the right individual for the above position, then apply via ""𝗔𝗽𝗽𝗹𝘆 𝗡𝗼𝘄"" of this advert.
[ 𝐖𝐄 𝐇𝐈𝐆𝐇𝐋𝐘 𝐈𝐍𝐅𝐎𝐑𝐌 𝐀𝐋𝐋 𝐓𝐇𝐄 𝐂𝐀𝐍𝐃𝐈𝐃𝐀𝐓𝐄𝐒 𝐓𝐎 𝐌𝐄𝐍𝐓𝐈𝐎𝐍 𝐀 𝐕𝐀𝐋𝐈𝐃 𝐌𝐎𝐁𝐈𝐋𝐄 𝐍𝐔𝐌𝐁𝐄𝐑 & 𝐈𝐓 𝐈𝐒 𝐂𝐎𝐌𝐏𝐔𝐋𝐒𝐎𝐑𝐘 𝐓𝐎 𝐀𝐓𝐓𝐀𝐂𝐇 𝐘𝐎𝐔𝐑 𝐂𝐕 𝐁𝐘 𝐔𝐏𝐃𝐀𝐓𝐈𝐍𝐆 𝐘𝐎𝐔𝐑 ""𝗜𝗞𝗠𝗔𝗡 𝗥𝗘𝗦𝗨𝗠𝗘"" ]
＃ 📧 𝐸𝓂𝒶𝒾𝓁:  asath.afham@legacyhealthllc.com",,
https://ikman.lk/en/ad/graphic-designer-female-colombo-62,"📢 Job Vacancies – Nemco Lock Pvt Ltd, Colombo
We are a reputed Door Lock Showroom in Colombo, seeking motivated individuals to join our growing team. If you are detail-oriented and committed to providing excellent support and service, we’d love to hear from you.
Positions Available:
* Graphic Designer - Female
☛ Immediate job vacancies available
Experience & Qualification:
☛ Adobe Illustrator, Photoshop
☛ Quick learner. Advanced training will be provided
☛ Basic understanding of social media post design
☛ Should be punctual and have a passion for design
Other Requirements:
☛ Previous experience in a similar Field will be an added advantage
☛ Excellent communication and interpersonal skills
☛ Minimum 6-month work experience
What We Offer:
☛ Attractive Salary Package 💰
☛ Opportunities to grow within a fast-developing business
☛ Supportive and professional working environment
📍 Location: No.26B, Quarry Road, Colombo 12
🏢 Company: Nemco Lock Pvt Ltd, Colombo
☎️☎️ Send your CVs via Email or WhatsApp
✉️ Email: info@yale.lk
📲 WhatsApp:  0779909222",,
https://ikman.lk/en/ad/graphic-designer-boralesgamuwa-colombo-2,"බොරලැස්ගමුව නගරයේ පිහිටි ඡායාරූප සහ මුද්‍රණ කටයුතු කරන අප ආයතනයට ග්‍රැෆික් නිර්මාණ ශිල්පියෙක් (පිරිමි/කාන්තා) අවශ්‍යයි.
සුදුසුකම්:
- වයස අවුරුදු 18-26ත් අතර විය යුතුයි.
- Adobe Photoshop, Illustrator හැසිරවීමේ හැකියාව.
- ඉංග්‍රීසි සහ සිංහල භාෂා හැසිරවීමේ හැකියාව.
- මීට පෙර ස්ටුඩියෝ හෝ මුද්‍රණ ආශ්‍රිත පළපුරුදු තිබීම අමතර සුදුසුකමකි.
ඔබ ග්‍රැෆික් සහ මුද්‍රණ ක්ෂේත්‍රයට පිවිසීමට කැමැත්තෙන් සිටින කෙනෙක් වුවද අප ආයතනයට සම්බන්ධ වීමට හැකියි. පුහුණු කිරීම අප විසින් ලබාදේ.",,
https://ikman.lk/en/ad/graphic-designer-female-panadura-kalutara,"Graphic Designer Female Panadura
Age between 18 – 35 years
Must stay and work
Accommodation & Food Will be Provided.
Salary + commission above RS 100,000 + od
Day Shift & Night Shift
Working Time 24 Hours 1 Hours Salary 500/=
Contact: Send your CV Photos WhatsApp : +917403634317",,
https://ikman.lk/en/ad/computer-operator-female-panadura-kalutara,"Computer Operator (Female) Panadura
Age between 18 – 35 years
Basic computer knowledge will be an added advantage
Excellent  communication abilities
Accommodation & Food Will be Provided.
Salary + commission above RS 80,000 + od
Working Time 24 Hours 1 Hours Salary 500/=
send you cv Photos Whats App +94789460566",,
https://ikman.lk/en/ad/rpa-software-developer-colombo-1,"💼 𝐏𝐎𝐒𝐈𝐓𝐈𝐎𝐍 : RPA Developer (Straddle Shift)
💠 𝐑𝐄𝐐𝐔𝐈𝐑𝐄𝐌𝐄𝐍𝐓𝐒 : | # 💠 𝐂𝐀𝐍𝐃𝐈𝐃𝐀𝐓𝐄 𝐏𝐑𝐎𝐅𝐈𝐋𝐄 :
【~】✪ Degree in Computer Science, IT, Software Engineering, or a related field (preferred).
【~】✪ Proficiency in at least one RPA platform (UiPath, Automation Anywhere, or Blue Prism).
【~】✪ Strong understanding of process design and optimization.
【~】✪ Basic programming skills (C#, VB, or Python).
【~】✪ Excellent analytical and problem-solving abilities.
【~】✪ Strong documentation and communication skills.
【~】✪ Ability to work according to standard US hours (2:00 PM to 11:00 PM SLT) and calendar.
💠 𝐑𝐄𝐒𝐏𝐎𝐍𝐒𝐈𝐁𝐈𝐋𝐈𝐓𝐈𝐄𝐒 : | # 💠 𝐉𝐎𝐁 𝐏𝐑𝐎𝐅𝐈𝐋𝐄 :
【~】✪ Analyze business processes to identify automation opportunities.
【~】✪ Design and develop RPA workflows using tools such as UiPath, Automation Anywhere, or Blue Prism.
【~】✪ Perform unit testing and support user acceptance testing.
【~】✪ Deploy bots into production and monitor ongoing performance.
【~】✪ Document automation logic, process flows, and exception handling.
【~】✪ Collaborate with BAs and SMEs to ensure successful automation delivery.
【~】✪ Assess automation feasibility and prioritize opportunities based on impact.
✅ 𝐁𝐄𝐍𝐄𝐅𝐈𝐓𝐒 :
【~】✪ We offer an attractive remuneration package & incentives that are above market standards for the suitable candidate.
✅ 𝐇𝐎𝐖 𝐓𝐎 𝐀𝐏𝐏𝐋𝐘 ✍️ :
If you feel you are the right individual for the above position, then apply via ""𝗔𝗽𝗽𝗹𝘆 𝗡𝗼𝘄"" of this advert.
[ 𝐖𝐄 𝐇𝐈𝐆𝐇𝐋𝐘 𝐈𝐍𝐅𝐎𝐑𝐌 𝐀𝐋𝐋 𝐓𝐇𝐄 𝐂𝐀𝐍𝐃𝐈𝐃𝐀𝐓𝐄𝐒 𝐓𝐎 𝐌𝐄𝐍𝐓𝐈𝐎𝐍 𝐀 𝐕𝐀𝐋𝐈𝐃 𝐌𝐎𝐁𝐈𝐋𝐄 𝐍𝐔𝐌𝐁𝐄𝐑 & 𝐈𝐓 𝐈𝐒 𝐂𝐎𝐌𝐏𝐔𝐋𝐒𝐎𝐑𝐘 𝐓𝐎 𝐀𝐓𝐓𝐀𝐂𝐇 𝐘𝐎𝐔𝐑 𝐂𝐕 𝐁𝐘 𝐔𝐏𝐃𝐀𝐓𝐈𝐍𝐆 𝐘𝐎𝐔𝐑 ""𝗜𝗞𝗠𝗔𝗡 𝗥𝗘𝗦𝗨𝗠𝗘"" ]
＃ 📧 𝐸𝓂𝒶𝒾𝓁:  asath.afham@legacyhealthllc.com",,
https://ikman.lk/en/ad/rpa-manager-colombo-5,"💼 𝐏𝐎𝐒𝐈𝐓𝐈𝐎𝐍 : RPA Manager (Straddle Shift)
💠 𝐑𝐄𝐐𝐔𝐈𝐑𝐄𝐌𝐄𝐍𝐓𝐒 : | # 💠 𝐂𝐀𝐍𝐃𝐈𝐃𝐀𝐓𝐄 𝐏𝐑𝐎𝐅𝐈𝐋𝐄 :
【~】✪ 5–8 years of proven experience in a similar leadership or project management role.
【~】✪ Bachelor's degree in Computer Science, Engineering, Business, or a related field.
【~】✪ Certified Project Manager credentials will be a strong advantage.
【~】✪ Strong leadership, organizational, and problem-solving skills.
【~】✪ Excellent communication and stakeholder management capabilities.
【~】✪ Proficiency in Agile development practices and project management tools.
【~】✪ Solid understanding of business process automation, IT infrastructure, and system integration.
【~】✪ Ability to work according to standard US hours and calendar.
💠 𝐑𝐄𝐒𝐏𝐎𝐍𝐒𝐈𝐁𝐈𝐋𝐈𝐓𝐈𝐄𝐒 : | # 💠 𝐉𝐎𝐁 𝐏𝐑𝐎𝐅𝐈𝐋𝐄 :
【~】✪ Oversee and coordinate RPA project activities with teams in Chennai and Colombo, ensuring timely delivery and alignment with project goals.
【~】✪ Establish and manage defect tracking and support systems for RPA automation and other software development projects.
【~】✪ Utilize Agile methodologies to manage sprints, backlogs, scrums, and Kanban boards for effective workflow tracking.
【~】✪ Monitor project progress to ensure on-time, within-budget completion of all development tasks.
【~】✪ Foster cross-functional communication and ensure efficient collaboration across development teams.
【~】✪ Proactively manage risks, resolve challenges, and maintain accountability for project milestones and deliverables.
✅ 𝐁𝐄𝐍𝐄𝐅𝐈𝐓𝐒 :
【~】✪ We offer an attractive remuneration package & incentives that are above market standards for the suitable candidate.
✅ 𝐇𝐎𝐖 𝐓𝐎 𝐀𝐏𝐏𝐋𝐘 ✍️ :
If you feel you are the right individual for the above position, then apply via ""𝗔𝗽𝗽𝗹𝘆 𝗡𝗼𝘄"" of this advert.
[ 𝐖𝐄 𝐇𝐈𝐆𝐇𝐋𝐘 𝐈𝐍𝐅𝐎𝐑𝐌 𝐀𝐋𝐋 𝐓𝐇𝐄 𝐂𝐀𝐍𝐃𝐈𝐃𝐀𝐓𝐄𝐒 𝐓𝐎 𝐌𝐄𝐍𝐓𝐈𝐎𝐍 𝐀 𝐕𝐀𝐋𝐈𝐃 𝐌𝐎𝐁𝐈𝐋𝐄 𝐍𝐔𝐌𝐁𝐄𝐑 & 𝐈𝐓 𝐈𝐒 𝐂𝐎𝐌𝐏𝐔𝐋𝐒𝐎𝐑𝐘 𝐓𝐎 𝐀𝐓𝐓𝐀𝐂𝐇 𝐘𝐎𝐔𝐑 𝐂𝐕 𝐁𝐘 𝐔𝐏𝐃𝐀𝐓𝐈𝐍𝐆 𝐘𝐎𝐔𝐑 ""𝗜𝗞𝗠𝗔𝗡 𝗥𝗘𝗦𝗨𝗠𝗘"" ]
＃ 📧 𝐸𝓂𝒶𝒾𝓁:  asath.afham@legacyhealthllc.com",,
https://ikman.lk/en/ad/rpa-developer-colombo-5,"💼 𝐏𝐎𝐒𝐈𝐓𝐈𝐎𝐍 : RPA Developer (Straddle Shift)
💠 𝐑𝐄𝐐𝐔𝐈𝐑𝐄𝐌𝐄𝐍𝐓𝐒 : | # 💠 𝐂𝐀𝐍𝐃𝐈𝐃𝐀𝐓𝐄 𝐏𝐑𝐎𝐅𝐈𝐋𝐄 :
【~】✪ Degree in Computer Science, IT, Software Engineering, or a related field (preferred).
【~】✪ Proficiency in at least one RPA platform (UiPath, Automation Anywhere, or Blue Prism).
【~】✪ Strong understanding of process design and optimization.
【~】✪ Basic programming skills (C#, VB, or Python).
【~】✪ Excellent analytical and problem-solving abilities.
【~】✪ Strong documentation and communication skills.
【~】✪ Ability to work according to standard US hours (2:00 PM to 11:00 PM SLT) and calendar.
💠 𝐑𝐄𝐒𝐏𝐎𝐍𝐒𝐈𝐁𝐈𝐋𝐈𝐓𝐈𝐄𝐒 : | # 💠 𝐉𝐎𝐁 𝐏𝐑𝐎𝐅𝐈𝐋𝐄 :
【~】✪ Analyze business processes to identify automation opportunities.
【~】✪ Design and develop RPA workflows using tools such as UiPath, Automation Anywhere, or Blue Prism.
【~】✪ Perform unit testing and support user acceptance testing.
【~】✪ Deploy bots into production and monitor ongoing performance.
【~】✪ Document automation logic, process flows, and exception handling.
【~】✪ Collaborate with BAs and SMEs to ensure successful automation delivery.
【~】✪ Assess automation feasibility and prioritize opportunities based on impact.
✅ 𝐁𝐄𝐍𝐄𝐅𝐈𝐓𝐒 :
【~】✪ We offer an attractive remuneration package & incentives that are above market standards for the suitable candidate.
✅ 𝐇𝐎𝐖 𝐓𝐎 𝐀𝐏𝐏𝐋𝐘 ✍️ :
If you feel you are the right individual for the above position, then apply via ""𝗔𝗽𝗽𝗹𝘆 𝗡𝗼𝘄"" of this advert.
[ 𝐖𝐄 𝐇𝐈𝐆𝐇𝐋𝐘 𝐈𝐍𝐅𝐎𝐑𝐌 𝐀𝐋𝐋 𝐓𝐇𝐄 𝐂𝐀𝐍𝐃𝐈𝐃𝐀𝐓𝐄𝐒 𝐓𝐎 𝐌𝐄𝐍𝐓𝐈𝐎𝐍 𝐀 𝐕𝐀𝐋𝐈𝐃 𝐌𝐎𝐁𝐈𝐋𝐄 𝐍𝐔𝐌𝐁𝐄𝐑 & 𝐈𝐓 𝐈𝐒 𝐂𝐎𝐌𝐏𝐔𝐋𝐒𝐎𝐑𝐘 𝐓𝐎 𝐀𝐓𝐓𝐀𝐂𝐇 𝐘𝐎𝐔𝐑 𝐂𝐕 𝐁𝐘 𝐔𝐏𝐃𝐀𝐓𝐈𝐍𝐆 𝐘𝐎𝐔𝐑 ""𝗜𝗞𝗠𝗔𝗡 𝗥𝗘𝗦𝗨𝗠𝗘"" ]
＃ 📧 𝐸𝓂𝒶𝒾𝓁:  asath.afham@legacyhealthllc.com",,
https://ikman.lk/en/ad/computer-oparator-battaramulla-colombo,"🏥💻 බත්තරමුල්ල ප්‍රදේශයේ පිහිටි පෞද්ගලික වෛද්‍ය මධ්‍යස්ථානයක Computer Operators සඳහා රැකියා ඇබෑර්තු ඇත
🔹 සුදුසුකම්
✔️ වයස අවුරුදු 18 – 35 අතර
✔️ උසස් පෙළ විභාගයට පෙනී සිටි
✔️ මූලික පරිගණක දැනුම ඇති
✔️ සාමාන්‍ය ඉංග්‍රීසි දැනුමක් ඇති
✔️ පුහුණු / නුපුහුණු ගැහැණු සහ පිරිමි දෙපාර්ශ්වයටම අයදුම් කළ හැකිය
💰 ආකර්ෂණීය වැටුපක්
📈 උසස්වීම් අවස්ථා
🏥 ආරක්ෂිත හා මිත්‍රශීලී සේවා පරිසරයක්
🕒 සේවා කාලය:උදේ 8.00 සිට සවස 5.00 දක්වා
📞 වැඩි විස්තර සඳහා අමතන්න
☎️ 074 124 3099
☎️ 074 149 7970
📲 ඔබගේ අයදුම් පත්‍රය අදම WhatsApp කරන්න
📩 074 149 7970",,
https://ikman.lk/en/ad/hardware-technician-gampaha,"Prasad K Withanachchi
Role:
Hardware Technician
Job type:
Full Time
Salary per month:
Rs 35,000 - 100,000
Required education:
Advanced Level
Required work experience (years):
0
Application deadline:
2025-09-30
About the role
✅ පුහුණු සහ නුපුහුණු කාර්මිකයින් දැන් බඳවාගනු ලැබේ. ✅
# 💼 𝐏𝐎𝐒𝐈𝐓𝐈𝐎𝐍 | තනතුර : කාර්මික ශිල්පී
# ✅ 𝐁𝐄𝐍𝐄𝐅𝐈𝐓𝐒 | වරප්රසාද :
ආකර්ශනීය වැටුපක් සහ අනෙකුත් වරප්රසාද රැසක් පිරිනැමේ.
# ✅ 𝐇𝐎𝐖 𝐓𝐎 𝐀𝐏𝐏𝐋𝐘 | අයදුම් කලයුතු ආකාරය ✍️ :
ඉහත තනතුර සඳහා සුදුසූම පුද්ගලයා ඔබ නම්, මෙම දැන්වීමේ ""Apply for this job"" හරහා හෝ පහත සඳහන් දුරකථන අංකය හරහා අයදුම් කරන්න.
අදම ඔබේ අයදුම්පත WhatsApp කරන්න.
＃📳 𝓒𝓸𝓷𝓽𝓪𝓬𝓽 | දුරකථන අංකය : 0715166664
＃📳 𝓒𝓸𝓷𝓽𝓪𝓬𝓽 | දුරකථන අංකය : 0715166663
Perfect IT Solutions is Seeking an enthusiastic
Computer Hardware Technician to Join our
team. This opportunity for those with IT
Support & Hardware troubleshooting Age
between 20-30.No need experience
REQUIREMENTS:
1.Need Bike License.•
2.Provide support and troubleshooting for•
desktops,laptops,operating systems and applications.
3.Install, configure and maintain hardware and software.•
4.Assist in deploying and maintaining IT services.•
Call : 0715166664/0715166663
Email : perfectitsolutionsrg@gmail.com
Adress : 705/A/4,Thewaththa Road Ragama",,
https://ikman.lk/en/ad/graphic-designer-kandy-402,"Graphic Designer
Thorough  knowledge in Photoshop and Illustrator
Social Media designing and Handling
Campaign Running
Branding/ Package Designing
MS Office
Knowledge in Trouble Shooting will be added qualification.
Two years experience needed
Salary Negotiable
0773183185",,
https://ikman.lk/en/ad/computer-operator-female-colombo-100,"Computer Operator (Female)
============================
* Passed G. C. E. A/L in Commerce Stream
* Age below 30
* Knowledge in Computer Literacy is must
* Candidates who are Living Around Maharagama Prefered
- Attractive Salary
Please Email your CV to - athurugiriyaslondp@gmail.com
Maharagama S-lon Delivery Center
No: 105/1 1/1, Piliyandala Road, Maharagama",,
https://ikman.lk/en/ad/cctv-intern-colombo,"CCTV - Intern
Job Profile
•	Assist in the installation, maintenance, and troubleshooting of CCTV   systems.
•	Attend site visits to inspect and resolve CCTV-related issues.
•	Perform basic tasks such as fixing or removing CCTV cameras (typically 1–2 cameras at a time).
•	Support senior technicians during field assignments.
•	Ensure proper functioning of surveillance systems after service.
•	Willingness to travel island wide for site visits to check CCTV breakdowns.
Job Requirement
•	NVQ Level 4 or above qualification on Hardware and Networking.
•	Basic computer knowledge, such as assigning IP addresses (not compulsory)
•	Minimum 1 year experience is an added advantage.
•	Ability to work with minimal supervision.
•	Attention to detail and problem-solving skills.
•	Freshers are also encouraged to apply.
Please forward your complete resume within 10 days of this advertisement quoting 'CCTV - Intern' in the subject line of your e-mail.
Email: metrocareers@metropolitan.lk
Contact Number: 0114 700200 Ext: 2625
Address: No: 150A, Nawala Road, Nawala, Nugegoda.",,
https://ikman.lk/en/ad/network-engineer-colombo,"நெட்வொர்க் கேபிளிங்கிற்கான தொழில்நுட்ப வல்லுநர்கள்.   பயிற்சியாளர்கள் மற்றும் அனுபவம் வாய்ந்தவர்கள் இருபாலரும் விண்ணப்பிக்க அழைக்கப்படுகிறார்கள்.
பயணம், வேலை நேரம், உணவு மற்றும் தங்குமிடம் வழங்கப்படும்  தகுதிகாண் காலத்திற்குப் பிறகு, கற்றுத் தேர்ந்து சிறந்து விளங்குவதற்கான வாய்ப்பும், வெளிநாட்டுப் பயிற்சியும் வழங்கப்படும்.
NETWORK කේබල් කාර්මික ශිල්පීන් පුහුණුවන්නන් සහ පළපුරුදු අය යන දෙදෙනාටම අයදුම් කිරීමට ආරාධනා කෙරේ ගමන්, වැඩ කරන වේලාවන් ආහාර සහ නවාතැන් සපයනු ලැබේ.පරිවාස කාලයෙන් පසු ඉගෙනීමට සහ විශිෂ්ටත්වය ලබා ගැනීමට අවස්ථාව සහ විදේශ පුහුණුවක් ද ලබා දෙනු ලැබේ.
Technicians For Network Cabling and Installation Required. Trainees and Experienced Can Apply
Travel,Work Time Food and Accommodation provided
Opportunity To Learn and Excel and Foreign Training also Provided after Probation Period",,
https://ikman.lk/en/ad/graphic-designer-full-time-kattankudy-batticaloa,,,status_410
https://ikman.lk/en/ad/social-media-digital-growth-manager-colombo-4,,,
https://ikman.lk/en/ad/digital-marketing-executive-kegalle-3,"📢 WE’RE HIRING – CREATIVE CONTENT CREATOR & DIGITAL MARKETING EXECUTIVE 🎥🚀
🏢 Company: MBL Marketing (Pvt) Ltd
💼 Position: Creative Content Creator & Digital Marketing Executive
💰 Salary: Attractive Salary Package (Based on skills & experience)
Requirements:
Experience in content creation & digital marketing
Strong knowledge of Facebook, Instagram, LinkedIn & YouTube platforms
Ability to create engaging photo, video & written content
Familiar with Meta Ads, Google Ads, Canva or similar tools
Basic knowledge of analytics & campaign reporting
Creative mindset with attention to detail
Good communication & teamwork skills
🔥 If you are passionate about creativity, branding, and social media growth, this is your chance to join a growing team.
📍 Location:
Mahakade Building, 58/1 Main Street, Mawanella
📞 Contact:
077 773 3323
077 888 5893
📩 Send your CV today and become part of the MBL Marketing team!",,
https://ikman.lk/en/ad/digital-marketing-executive-gampaha-57,"Develop and schedule engaging contents for social media platforms
Doing social media campaigns and promotions
Interact with followers and respond to inquires in a professional manner
Skillfull graphic designing",,
https://ikman.lk/en/ad/female-digital-marketing-executive-colombo,"We are looking for a creative, energetic, and motivated Female Digital Marketing Executive to join our team.
Salary negotiable
Responsibilities:
Manage social media platforms (Facebook, Instagram, TikTok & LinkedIn)
Create engaging posts, reels, and marketing content
Run and monitor digital advertising campaigns
Respond to customer inquiries and messages
Assist with branding and promotional activities
Track campaign performance and prepare reports
Requirements:
Female candidate (Age 22–35 preferred)
Good communication skills in English & Tamil (Sinhala is an advantage)
Basic knowledge of social media marketing and digital advertising
Familiarity with Canva, Meta Business Suite, or similar tools is an advantage
Creative, organized, and willing to learn
Previous experience in digital marketing is preferred but not mandatory
Apply Now!
Send your updated CV,
Email: mdm.travels@gmail.com
WhatsApp 0777355711
Call: 0764550368
No:49/2/1, Ven Baddegama wimalawansa mawatha
Maradana Colombo-10",,
https://ikman.lk/en/ad/digital-marketing-executive-gampaha-58,"📢 WE ARE HIRING | Digital Marketing Executive
📍 Location: Yakkala Town (On-site Only)
Are you creative, energetic, and passionate about social media?
We're looking for a Digital Marketing Executive to join our team!
✅ Create engaging posts, reels, and social media content
✅ Manage Facebook, Instagram, TikTok, and other platforms
✅ Develop creative marketing ideas and campaigns
✅ Respond to customer inquiries, messages, and calls
✅ Handle online orders and customer communication
✅ Support day-to-day marketing activities
💰 Salary: Rs. 40,000 – 50,000
📩 Send your CV via WhatsApp:
📞 070 323 7487
---
📢 රැකියා අවස්ථාව | Digital Marketing Executive
📍 ස්ථානය: යක්කල නගරය (කාර්යාලයේ සේවය කිරීම අනිවාර්යයි)
නිර්මාණශීලී සහ සමාජ මාධ්‍ය පිළිබඳ උනන්දුවක් ඇති අයෙකු අපගේ කණ්ඩායමට අවශ්‍යයි.
✅ Facebook, Instagram, TikTok සඳහා Posts සහ Reels නිර්මාණය කිරීම
✅ Social Media පිටු කළමනාකරණය කිරීම
✅ නව ප්‍රචාරණ අදහස් සහ නිර්මාණශීලී සංකල්ප ඉදිරිපත් කිරීම
✅ Online inquiries, messages සහ calls සඳහා පිළිතුරු ලබා දීම
✅ පාරිභෝගික සම්බන්ධතා සහ දෛනික කටයුතු කළමනාකරණය කිරීම
💰 වැටුප: රු. 40,000 – 50,000
📩 ඔබගේ CV එක WhatsApp කරන්න:
📞 0719442611",,
https://ikman.lk/en/ad/social-media-coordinator-cum-graphic-designer-matara-3,"💼 𝐏𝐎𝐒𝐈𝐓𝐈𝐎𝐍 :
Social Media Coordinator cum Graphic Designer
(King Cell Holdings – Weligama)
💠 𝐂𝐀𝐍𝐃𝐈𝐃𝐀𝐓𝐄 𝐑𝐄𝐐𝐔𝐈𝐑𝐄𝐌𝐄𝐍𝐓𝐒 :
【~】✪ 🔹 Must possess a Certificate or Diploma in Graphic Design, Digital Marketing, Web Developing, or equivalent
【~】✪ 🔹 Minimum 1–2 years of experience in a similar capacity
【~】✪ 🔹 Proficiency with required desktop publishing tools, including Photoshop, CorelDRAW, InDesign, Illustrator, After Effects, and Premiere Pro
【~】✪ 🔹 Comprehensive understanding of Digital Marketing, Advertisements, and Website Developing
【~】✪ 🔹 A strong and creative eye for Visual Composition
【~】✪ 🔹 Knowledge and capability in Video Editing software will be an added advantage
💠 𝐑𝐄𝐒𝐏𝐎𝐍𝐒𝐈𝐁𝐈𝐋𝐈𝐓𝐈𝐄𝐒 :
【~】✪ 🔹 Create and design social media content including Posts, Stories, and Advertisements
【~】✪ 🔹 Manage and monitor all Social Media Platforms and Website for the Company
【~】✪ 🔹 Design and update website graphics and banners
【~】✪ 🔹 Develop and create Content and Campaign ideas according to Social Media Brand guidelines
【~】✪ 🔹 Recommend and optimize the Company's content calendar to improve audience engagement
✅ 𝐁𝐄𝐍𝐄𝐅𝐈𝐓𝐒 :
【~】✪ Attractive salary and benefits package for the right candidate
【~】✪ Pleasant working environment
【~】✪ Excellent opportunities for career development
✅ 𝐇𝐎𝐖 𝐓𝐎 𝐀𝐏𝐏𝐋𝐘 ✍️ :
If you feel you are the right individual for the above position, forward your CV to:
📧 Jobs.kingcell@gmail.com
(Please use ""Social Media Coordinator cum Graphic Designer"" as the subject title for better visibility of your email.)
📞 Contact | WhatsApp : 077 421 20 23
📧 Email : Jobs.kingcell@gmail.com
🌐 Web : –
📪 Address : King Cell Holdings, Weligama
𝐖𝐄 𝐇𝐈𝐆𝐇𝐋𝐘 𝐈𝐍𝐅𝐎𝐑𝐌 𝐀𝐋𝐋 𝐓𝐇𝐄 𝐂𝐀𝐍𝐃𝐈𝐃𝐀𝐓𝐄𝐒 𝐓𝐎 𝐌𝐄𝐍𝐓𝐈𝐎𝐍 𝐀 𝐕𝐀𝐋𝐈𝐃 𝐌𝐎𝐁𝐈𝐋𝐄 𝐍𝐔𝐌𝐁𝐄𝐑 & 𝐈𝐓 𝐈𝐒 𝐂𝐎𝐌𝐏𝐔𝐋𝐒𝐎𝐑𝐘 𝐓𝐎 𝐀𝐓𝐓𝐀𝐂𝐇 𝐘𝐎𝐔𝐑 𝐂𝐕.",,
https://ikman.lk/en/ad/social-media-coordinator-cum-graphic-designer-galle,"💼 𝐏𝐎𝐒𝐈𝐓𝐈𝐎𝐍 :
Social Media Coordinator cum Graphic Designer
(King Cell Holdings – Weligama)
💠 𝐂𝐀𝐍𝐃𝐈𝐃𝐀𝐓𝐄 𝐑𝐄𝐐𝐔𝐈𝐑𝐄𝐌𝐄𝐍𝐓𝐒 :
【~】✪ 🔹 Must possess a Certificate or Diploma in Graphic Design, Digital Marketing, Web Developing, or equivalent
【~】✪ 🔹 Minimum 1–2 years of experience in a similar capacity
【~】✪ 🔹 Proficiency with required desktop publishing tools, including Photoshop, CorelDRAW, InDesign, Illustrator, After Effects, and Premiere Pro
【~】✪ 🔹 Comprehensive understanding of Digital Marketing, Advertisements, and Website Developing
【~】✪ 🔹 A strong and creative eye for Visual Composition
【~】✪ 🔹 Knowledge and capability in Video Editing software will be an added advantage
💠 𝐑𝐄𝐒𝐏𝐎𝐍𝐒𝐈𝐁𝐈𝐋𝐈𝐓𝐈𝐄𝐒 :
【~】✪ 🔹 Create and design social media content including Posts, Stories, and Advertisements
【~】✪ 🔹 Manage and monitor all Social Media Platforms and Website for the Company
【~】✪ 🔹 Design and update website graphics and banners
【~】✪ 🔹 Develop and create Content and Campaign ideas according to Social Media Brand guidelines
【~】✪ 🔹 Recommend and optimize the Company's content calendar to improve audience engagement
✅ 𝐁𝐄𝐍𝐄𝐅𝐈𝐓𝐒 :
【~】✪ Attractive salary and benefits package for the right candidate
【~】✪ Pleasant working environment
【~】✪ Excellent opportunities for career development
✅ 𝐇𝐎𝐖 𝐓𝐎 𝐀𝐏𝐏𝐋𝐘 ✍️ :
If you feel you are the right individual for the above position, forward your CV to:
📧 Jobs.kingcell@gmail.com
(Please use ""Social Media Coordinator cum Graphic Designer"" as the subject title for better visibility of your email.)
📞 Contact | WhatsApp : 077 421 20 23
📧 Email : Jobs.kingcell@gmail.com
🌐 Web : –
📪 Address : King Cell Holdings, Weligama
𝐖𝐄 𝐇𝐈𝐆𝐇𝐋𝐘 𝐈𝐍𝐅𝐎𝐑𝐌 𝐀𝐋𝐋 𝐓𝐇𝐄 𝐂𝐀𝐍𝐃𝐈𝐃𝐀𝐓𝐄𝐒 𝐓𝐎 𝐌𝐄𝐍𝐓𝐈𝐎𝐍 𝐀 𝐕𝐀𝐋𝐈𝐃 𝐌𝐎𝐁𝐈𝐋𝐄 𝐍𝐔𝐌𝐁𝐄𝐑 & 𝐈𝐓 𝐈𝐒 𝐂𝐎𝐌𝐏𝐔𝐋𝐒𝐎𝐑𝐘 𝐓𝐎 𝐀𝐓𝐓𝐀𝐂𝐇 𝐘𝐎𝐔𝐑 𝐂𝐕.",,
https://ikman.lk/en/ad/digital-marketing-executive-creator-colombo,"🎥 WE'RE HIRING – CONTENT CREATOR & DIGITAL MARKETING EXECUTIVE
Do you love creating content, appearing on camera, and bringing brands to life through creative ideas?
We're looking for an energetic and creative individual to join the marketing team at Wimaladharma & Sons.
What you'll do:
✅ Create engaging reels, videos, and social media conteny
✅ Manage and grow our social media pages
✅ Develop creative campaign ideas for international watch brands=
✅ Present products confidently on camera
✅ Assist with digital marketing and advertising campaigns
✅ Engage with customers and represent the brand professionally
What we're looking for:
✔ Strong communication and presentation skills
✔ Confident personality and comfortable in front of the camera
✔ Creative mindset with a passion for social media
✔ Basic photography and video editing skills
✔ Knowledge of Instagram, Facebook, TikTok, and digital marketing
✔ Experience in content creation is an advantage
📍 Location: Colombo
📱 Apply via WhatsApp: 077 735 3873
📧 Send your CV, portfolio, or social media links
""If you can turn ideas into engaging content and love being creative, we'd love to hear from you",,
https://ikman.lk/en/ad/digital-marketing-executive-colombo-430,"We sunmade lanka (pvt) Ltd is importing and distributing brand new Air conditioners ,solar products,water purification equipment in sri lanka for more than Ten years.We are looking for  Digital Marketing Executive  its need minimum one year experience .
Age- below 28
Male-female
good knowledge of social media
Sunmade Life (Pvt) Ltd
No 191,Colombo Road,Boralesgamuwa
Tel-0777 526 343
www.aucmaoverseaas.com  www.mywater.lk www.sunmadsesolar.lk",,
https://ikman.lk/en/ad/content-creator-colombo-53,"💼 𝐏𝐎𝐒𝐈𝐓𝐈𝐎𝐍 : Graphic Designer & Content Creator
🏢 COCO by Cotton Collection – UAE Operations (Based in Sri Lanka)
🌍 Sri Lankan Roots. International Style.
💠 𝐑𝐄𝐐𝐔𝐈𝐑𝐄𝐌𝐄𝐍𝐓𝐒 : | # 💠 𝐂𝐀𝐍𝐃𝐈𝐃𝐀𝐓𝐄 𝐏𝐑𝐎𝐅𝐈𝐋𝐄 :
【~】✪ Strong proficiency in Adobe Photoshop and Illustrator
【~】✪ Good understanding of layout, typography, and social media design
【~】✪ Basic to intermediate video editing skills
【~】✪ Strong creative thinking and attention to detail
【~】✪ Ability to adapt to brand direction and campaign objectives
【~】✪ Good communication and collaboration skills
【~】✪ Ability to manage time and meet deadlines in a fast-paced environment
💠 𝐑𝐄𝐒𝐏𝐎𝐍𝐒𝐈𝐁𝐈𝐋𝐈𝐓𝐈𝐄𝐒 : | # 💠 𝐉𝐎𝐁 𝐏𝐑𝐎𝐅𝐈𝐋𝐄 :
【~】✪ Design creatives for:
Instagram posts, reels, stories, and ads
Meta and Google ad campaigns
Website banners and e-commerce assets
Email marketing campaigns
In-store and promotional material
【~】✪ Understand UAE demographics, trends, aesthetics, and social media culture to create relevant and high-performing content
【~】✪ Work closely with the marketing lead to execute campaign concepts and creative direction
【~】✪ Edit and enhance visuals using Adobe Photoshop and Illustrator
【~】✪ Create social-first ad creatives optimized for engagement and conversions
【~】✪ Maintain consistency in brand identity and visual communication
【~】✪ Support video editing and short-form content creation for social media
✅ 𝐁𝐄𝐍𝐄𝐅𝐈𝐓𝐒 :
【~】✪ We offer an attractive remuneration package & incentives that are above market standards for the suitable candidate.
【~】✪ Be part of a Sri Lankan brand expanding internationally
【~】✪ Work on campaigns created for the UAE market and audience
【~】✪ Gain exposure to global retail, fashion, and e-commerce marketing
【~】✪ Build an international-standard portfolio while working from Sri Lanka
【~】✪ Opportunity to contribute creatively beyond just execution
【~】✪ Work closely with the UAE team on real-time campaigns and launches
🎯 𝐌𝐀𝐉𝐎𝐑 𝐏𝐋𝐔𝐒 𝐏𝐎𝐈𝐍𝐓𝐒 :
【~】✪ Ability to create engaging reels/content from raw footage provided by the UAE team
【~】✪ Ability to independently create fashion or lifestyle content while based in Sri Lanka
【~】✪ Experience with Premiere Pro, After Effects, CapCut, or similar editing software
【~】✪ Strong understanding of fashion, retail, and lifestyle branding
【~】✪ Awareness of current social media trends and content formats
✅ 𝐇𝐎𝐖 𝐓𝐎 𝐀𝐏𝐏𝐋𝐘 ✍️ :
If you feel you are the right individual for the above position, then apply via ""𝗔𝗽𝗽𝗹𝘆 𝗡𝗼𝘄"" of this advert.
📌 Send your CV and Portfolio to the email below.
[ 𝐖𝐄 𝐇𝐈𝐆𝐇𝐋𝐘 𝐈𝐍𝐅𝐎𝐑𝐌 𝐀𝐋𝐋 𝐓𝐇𝐄 𝐂𝐀𝐍𝐃𝐈𝐃𝐀𝐓𝐄𝐒 𝐓𝐎 𝐌𝐄𝐍𝐓𝐈𝐎𝐍 𝐀 𝐕𝐀𝐋𝐈𝐃 𝐌𝐎𝐁𝐈𝐋𝐄 𝐍𝐔𝐌𝐁𝐄𝐑 & 𝐈𝐓 𝐈𝐒 𝐂𝐎𝐌𝐏𝐔𝐋𝐒𝐎𝐑𝐘 𝐓𝐎 𝐀𝐓𝐓𝐀𝐂𝐇 𝐘𝐎𝐔𝐑 𝐂𝐕 𝐁𝐘 𝐔𝐏𝐃𝐀𝐓𝐈𝐍𝐆 𝐘𝐎𝐔𝐑 ""𝗜𝗞𝗠𝗔𝗡 𝗥𝗘𝗦𝗨𝗠𝗘"" ]
＃ 📧 𝓔𝓶𝓪𝓲𝓵 :
hr@softlogic.lk
🌐 𝐂𝐎𝐌𝐏𝐀𝐍𝐘 𝐈𝐍𝐅𝐎 :
COCO by Cotton Collection is a Sri Lankan-born fashion and lifestyle brand that has successfully expanded into the UAE retail and e-commerce market. Rooted in effortless luxury, breathable fabrics, and modern boho aesthetics, COCO represents Sri Lankan creativity on an international stage.
🌐 www.cocobycottoncollction.com
📱 @cocobycottoncollction",,
https://ikman.lk/en/ad/manager-marketing-and-events-colombo-1,"A responsible Manager – Marketing & Events for planning, developing, and executing marketing strategies and event initiatives to enhance the hotel's brand presence, drive revenue growth, increase occupancy, and ensure successful execution of corporate and social events.
Working Hours: Will be discussed during the interview
Salary & Benefits: LKR 170,000
Service Charge: Approx. LKR 35,000 – 45,000
Key Responsibilities:
Develop and implement marketing strategies to promote hotel services, facilities, and special offers
Plan, coordinate, and manage corporate events, conferences, weddings, and other functions
Identify new business opportunities and partnerships to increase hotel revenue
Manage digital marketing activities, social media platforms, and promotional campaigns
Coordinate with sales, operations, and other departments to ensure successful event execution
Monitor market trends, competitor activities, and customer preferences
Prepare and manage marketing and event budgets
Build and maintain relationships with corporate clients, event organizers, media partners, and vendors
Track marketing campaign performance and prepare management reports
Ensure brand consistency across all marketing and promotional materials
Qualifications:
Male or Female candidate, around 40 years of age (±)
Minimum 3–5 years’ experience in Marketing, Events Management, or a similar managerial role
Previous experience in the hospitality industry will be a distinct advantage
Strong knowledge of marketing strategies, event planning, and business development
Excellent communication, negotiation, and presentation skills
Ability to manage multiple projects and events simultaneously
Strong leadership and team management skills
Proficiency in Microsoft Office and digital marketing platforms
Results-oriented with strong commercial awareness
Candidates residing in close proximity to the hotel location will be given preference
Upload your CV at our website (word doc/Pdf preferred) at https://lankastaff.lk/jobs-list/
Please select the category overseas jobs. Search for Job No: 9577
You may apply for our other jobs too. If you have any specific questions or query, you may send an email us at admin@lankastaff.lk PH 0117133080",,
https://ikman.lk/en/ad/digital-marketing-manager-colombo-04-colombo,"Digital Marketing Manager / Assistant Manager –  Colombo 04
Description:
We are looking for a creative, analytical, and results-driven Digital Marketing Manager to lead the digital growth of our luxury jewelry brand. The ideal candidate should have experience in social media marketing, Meta advertising, content strategy, and e-commerce.
Key Responsibilities:
Develop and execute digital marketing strategies to increase brand awareness and online sales.
Plan, create, and manage content across Instagram, Facebook, TikTok, YouTube, LinkedIn, and Pinterest.
Manage Meta (Facebook & Instagram), Google, and TikTok advertising campaigns.
Analyze campaign performance and optimize ROAS, conversions, and customer acquisition.
Manage website updates, product launches, and email marketing campaigns.
Work closely with photographers, videographers, designers, and influencers to create premium content.
Monitor digital marketing KPIs and prepare weekly and monthly performance reports.
Stay updated with industry trends and identify new growth opportunities.
Coordinate product launches, promotions, and seasonal campaigns.
Requirements:
3+ years of experience in digital marketing or performance marketing.
Hands-on experience with Meta Ads Manager and Google Ads.
Knowledge of Shopify/WooCommerce, Google Analytics, and email marketing platforms.
Strong understanding of social media trends and luxury branding.
Excellent communication and project management skills.
Experience in the jewellery, fashion, luxury, or lifestyle industry is an added advantage.
What We Offer:
Competitive salary + performance incentives.
A creative, collaborative, and innovative work environment.
Location: Colombo 04
Employment Type: Full-Time",,
https://ikman.lk/en/ad/marketing-manager-colombo-432,"💼 𝐏𝐎𝐒𝐈𝐓𝐈𝐎𝐍 : Marketing Manager
📍 Colombo 03 – Head Office
💠 𝐑𝐄𝐐𝐔𝐈𝐑𝐄𝐌𝐄𝐍𝐓𝐒 :
| # 💠 𝐂𝐀𝐍𝐃𝐈𝐃𝐀𝐓𝐄 𝐏𝐑𝐎𝐅𝐈𝐋𝐄 :
【~】✪ Proven experience in marketing management.
【~】✪ Strong leadership and communication skills.
【~】✪ Strategic planning and campaign management expertise.
【~】✪ Ability to enhance brand visibility and drive sales growth.
💠 𝐑𝐄𝐒𝐏𝐎𝐍𝐒𝐈𝐁𝐈𝐋𝐈𝐓𝐈𝐄𝐬 :
| # 💠 𝐉𝐎𝐁 𝐏𝐑𝐎𝐅𝐈𝐋𝐄 :
【~】✪ Lead and oversee all marketing operations for the brand.
【~】✪ Develop and execute strategic marketing plans to drive business growth.
【~】✪ Manage and mentor the marketing team to achieve performance goals.
【~】✪ Enhance brand visibility and market presence across all channels.
【~】✪ Plan and manage marketing campaigns, budgets, and resources effectively.
【~】✪ Analyze market trends and competitor activity to identify opportunities.
【~】✪ Collaborate with cross-functional teams to align marketing with business objectives.
【~】✪ Monitor and report on campaign performance and ROI.
✅ 𝐁𝐄𝐍𝐄𝐅𝐈𝐓𝐒 :
【~】✪ We offer an attractive remuneration package & incentives that are above market standards for the suitable candidate.
【~】✪ Opportunity to lead a dynamic team in a growing organization.
【~】✪ Creative and collaborative work environment at our Head Office in Colombo 03.
✅ 𝐇𝐎𝐖 𝐓𝐎 𝐀𝐏𝐏𝐋𝐘 ✍️ :
If you feel you are the right individual for the above position, then apply via ""𝗔𝗽𝗽𝗹𝘆 𝗡𝗼𝘄"" of this advert.
【~】✪ Send your CV to hr@touchofgoldjewelry.com or contact us via 0766765882.
[ 𝐖𝐄 𝐇𝐈𝐆𝐇𝐋𝐘 𝐈𝐍𝐅𝐎𝐑𝐌 𝐀𝐋𝐋 𝐓𝐇𝐄 𝐂𝐀𝐍𝐃𝐈𝐃𝐀𝐓𝐄𝐒 𝐓𝐎 𝐌𝐄𝐍𝐓𝐈𝐎𝐍 𝐀 𝐕𝐀𝐋𝐈𝐃 𝐌𝐎𝐁𝐈𝐋𝐄 𝐍𝐔𝐌𝐁𝐄𝐑 & 𝐈𝐓 𝐈𝐒 𝐂𝐎𝐌𝐏𝐔𝐋𝐒𝐎𝐑𝐘 𝐓𝐎 𝐀𝐓𝐓𝐀𝐂𝐇 𝐘𝐎𝐔𝐑 𝐂𝐕 𝐁𝐘 𝐔𝐏𝐃𝐀𝐓𝐈𝐍𝐆 𝐘𝐎𝐔𝐑 ""𝗜𝗞𝗠𝗔𝗡 𝗥𝗘𝗦𝗨𝗠𝗘"" ]
＃📳 𝓒𝓸𝓷𝓽𝓪𝓬𝓽 :
📞 0766765882
＃ 📧 𝓔𝓶𝓪𝓲𝓵 :
📧 hr@touchofgoldjewelry.com
📍 Touch of Gold Jewelry
Colombo 03 – Head Office
Only shortlisted candidates will be contacted.",,
https://ikman.lk/en/ad/marketing-executive-colombo-3686,"💼 𝐏𝐎𝐒𝐈𝐓𝐈𝐎𝐍 : Marketing Executive
📍 Colombo, Sri Lanka (Full-time On-site)
📅 Employment Type: Full-Time
💠 𝐑𝐄𝐐𝐔𝐈𝐑𝐄𝐌𝐄𝐍𝐓𝐒 : | # 💠 𝐂𝐀𝐍𝐃𝐈𝐃𝐀𝐓𝐄 𝐏𝐑𝐎𝐅𝐈𝐋𝐄 :
【~】✪ 1–3 years of experience in marketing, digital marketing, or a related role (fresh graduates with relevant internships are welcome).
【~】✪ Diploma in Marketing, Business Administration, Communications, or a related field.
【~】✪ Good understanding of social media platforms and digital marketing basics.
【~】✪ Strong written and verbal communication skills in English (Sinhala/Tamil is a plus).
【~】✪ Creative mindset with an interest in jewelry, fashion, or luxury products.
【~】✪ Basic knowledge of tools like Canva, Google Analytics, or social media schedulers.
【~】✪ Ability to multitask, work in a team, and meet deadlines.
【~】✪ Enthusiastic, proactive, and eager to learn.
【~】✪ Experience in the jewelry, fashion, or retail industry (preferred).
【~】✪ Familiarity with content creation or basic graphic design (preferred).
【~】✪ Knowledge of SEO, paid ads (Facebook/Instagram Ads), or influencer marketing (preferred).
💠 𝐑𝐄𝐒𝐏𝐎𝐍𝐒𝐈𝐁𝐈𝐋𝐈𝐓𝐈𝐄𝐒 : | # 💠 𝐉𝐎𝐁 𝐏𝐑𝐎𝐅𝐈𝐋𝐄 :
【~】✪ Assisting in the planning and execution of digital and offline marketing campaigns.
【~】✪ Creating and scheduling content for social media platforms (Instagram, Facebook, TikTok, etc.).
【~】✪ Supporting market research, competitor analysis, and customer trend monitoring in the jewelry sector.
【~】✪ Coordinating with designers, content creators, and external vendors for campaign assets.
【~】✪ Helping organize promotional events, photoshoots, and in-store activations.
【~】✪ Tracking and reporting on campaign performance using basic analytics tools.
【~】✪ Assisting with email marketing, SMS campaigns, and website updates.
【~】✪ Contributing to brainstorming sessions for new marketing ideas.
✅ 𝐁𝐄𝐍𝐄𝐅𝐈𝐓𝐒 :
【~】✪ Competitive salary based on experience.
【~】✪ Hands-on training and mentorship from senior marketing professionals.
【~】✪ Opportunity for career growth in a growing company.
【~】✪ Employee discounts on our beautiful jewelry collections.
【~】✪ A creative and supportive work environment in Colombo.
【~】✪ We offer an attractive remuneration package & incentives that are above market standards for the suitable candidate.
✅ 𝐇𝐎𝐖 𝐓𝐎 𝐀𝐏𝐏𝐋𝐘 ✍️ :
If you feel you are the right individual for the above position, then apply via ""𝗔𝗽𝗽𝗹𝘆 𝗡𝗼𝘄"" of this advert.
【~】✪ Interested candidates are kindly requested to send their CVs via WhatsApp to 0766765882.
[ 𝐖𝐄 𝐇𝐈𝐆𝐇𝐋𝐘 𝐈𝐍𝐅𝐎𝐑𝐌 𝐀𝐋𝐋 𝐓𝐇𝐄 𝐂𝐀𝐍𝐃𝐈𝐃𝐀𝐓𝐄𝐒 𝐓𝐎 𝐌𝐄𝐍𝐓𝐈𝐎𝐍 𝐀 𝐕𝐀𝐋𝐈𝐃 𝐌𝐎𝐁𝐈𝐋𝐄 𝐍𝐔𝐌𝐁𝐄𝐑 & 𝐈𝐓 𝐈𝐒 𝐂𝐎𝐌𝐏𝐔𝐋𝐒𝐎𝐑𝐘 𝐓𝐎 𝐀𝐓𝐓𝐀𝐂𝐇 𝐘𝐎𝐔𝐑 𝐂𝐕 𝐁𝐘 𝐔𝐏𝐃𝐀𝐓𝐈𝐍𝐆 𝐘𝐎𝐔𝐑 ""𝗜𝗞𝗠𝗔𝗡 𝗥𝗘𝗦𝗨𝗠𝗘"" ]
📞 0766765882 (WhatsApp)",,
https://ikman.lk/en/ad/social-media-executive-colombo-104,,,status_502
https://ikman.lk/en/ad/part-time-social-media-executive-colombo,"📢 WE ARE HIRING – PART TIME SOCIAL MEDIA EXECUTIVE (Female)
Position: Part-Time Social Media Executive (Female)
Company: Onclicks Mobile
Salary: LKR 50,000/- per month
Job Responsibilities:
Create and publish a minimum of 3 social media videos per day (Facebook, TikTok, Instagram, YouTube Shorts).
Manage and update company social media pages regularly.
Write engaging captions and content for social media posts.
Respond to customer comments and messages when required.
Stay updated with social media trends and viral content ideas.
Coordinate with the marketing team to promote products and offers.
Requirements:
Female candidate preferred.
Basic knowledge of CapCut, Canva, TikTok, Facebook & Instagram.
Creative mindset with good communication skills.
Ability to work independently and meet daily content targets.
Experience in social media management is an added advantage.
📍 Location: Battaramulla (Flexible / Part-Time)
💰 Salary: Rs. 50,000/-
📞 Apply Now: 070 724 5818
📢 Part-Time Social Media Executive (කාන්තා) අවශ්‍යයි
සමාගම: Onclicks Mobile
වැටුප: රු. 50,000/- (මාසික)
රැකියා වගකීම්:
Facebook, TikTok, Instagram සහ YouTube Shorts සඳහා දිනකට වීඩියෝ 3ක් අවම වශයෙන් නිර්මාණය කර පළ කිරීම.
සමාගමේ Social Media පිටු නිරන්තරයෙන් යාවත්කාලීන කිරීම.
Posts සඳහා ආකර්ෂණීය Captions සහ Content සකස් කිරීම.
අවශ්‍ය අවස්ථාවලදී Customer Messages සහ Comments වලට ප්‍රතිචාර දැක්වීම.
අලුත් Social Media Trends සහ Viral Content Ideas සොයා ගැනීම.
Promotions, Offers සහ Product Launches සඳහා Marketing Team සමඟ වැඩ කිරීම.
අවශ්‍ය සුදුසුකම්:
කාන්තා අයදුම්කරුවන්ට ප්‍රමුඛත්වය.
CapCut, Canva, Facebook, Instagram සහ TikTok පිළිබඳ මූලික දැනුම.
නිර්මාණශීලී හා ක්‍රියාශීලී පුද්ගලයෙකු විය යුතුය.
දෛනික Content Targets සපුරාලීමට හැකියාව තිබිය යුතුය.
Social Media Management අත්දැකීම් තිබේ නම් අමතර වාසියකි.
📍 ස්ථානය: Battaramulla (Part-Time)
💰 වැටුප: රු. 50,000/-
📞 අයදුම් කරන්න:  070 724 5818
✨ Join Onclicks Mobile and help us create viral content every day! 🚀📱",,
https://ikman.lk/en/ad/social-media-creator-colombo,"IN HOUSE CREATIVE ROLE:
📍 Location: Colombo 3
We’re looking for a talented Social Media Executive/Manager who is also a Photographer/Videographer +  Editor to join our team and bring our signature content to life. Under the guidance of our Creative Director, you’ll be responsible for shooting + editing short form, multi-camera photographs and videos, ensuring they align with the Open Door Policy style and storytelling.
Who We’re Looking For
You’re an experienced photographer and videographer with a passion for high-quality storytelling/how-to content. You have a keen eye for detail, pacing, and visual storytelling, and you thrive in a fast-paced, creative environment. While this role is primarily on-site, there is some flexibility for remote work—as long as deadlines are met.
Key Responsibilities
Shoot and edit short-form, multi-camera videos for social channels
Work closely with the Creative Director to execute the vision of each brief
Maintain high attention to detail, ensuring seamless edits and engaging storytelling
Meet consistent deadlines while keeping the brand’s style and quality intact
Requirements
✅ Proven experience editing how-to videos and multi-camera shoots
✅ Expertise in Adobe + other editing software
✅ Strong sense of storytelling, pacing, and attention to detail
✅ Ability to take creative feedback and work collaboratively
Why Join Us?
Be part of an ambitious and creative environment in a top Colombo restaurant
Opportunity to learn and develop under an experienced creative team",,
https://ikman.lk/en/ad/digital-marketing-assistant-manager-colombo-1,"We're Hiring!
Digital Marketing Assistant Manager
Requirements
✅ Minimum 3+ years of experience in Marketing, Digital Marketing, or E-Commerce Operations.
✅ Strong understanding of marketing strategies, brand management, and customer engagement.
✅ Experience in planning, executing, and monitoring marketing campaigns.
✅ Knowledge of social media platforms, digital marketing tools, and e-commerce operations.
✅ Excellent communication, leadership, and team management skills.
✅ Strong analytical, problem-solving, and organizational abilities.
✅ Ability to work in a fast-paced and results-oriented environment.
Key Responsibilities
* Develop and implement marketing strategies to drive business growth.",,
https://ikman.lk/en/ad/social-media-sales-executive-colombo-6,"🚀 WE ARE HIRING: Social Media Marketing Executive at Toy Mart! 🚀
Are you obsessed with TikTok trends, Instagram Reels, and creating thumb-stopping video content? We are looking for a creative storyteller to take our premium toy brand to the next level!
🎨 What You'll Do:
Script, shoot, and edit high-quality short-form videos (Reels, TikToks, Shorts) featuring our premium toy collections and ride-ons.
Capture authentic, live action on our showroom floor.
Plan creative campaigns to highlight new arrivals and exclusive deals.
✨ What We're Looking For:
Proven experience in social media content creation or digital marketing.
Advanced mobile video editing skills (CapCut, InShot, etc.).
Confident, creative, and up-to-date with the latest social media algorithms.
A strong portfolio demonstrating your video editing and creative style.
🎁 What’s In It For You?
Competitive salary package.
A fun, vibrant, and unique work environment.
Creative freedom to test bold, cinematic concepts.
📩 How to Apply:
Send your CV and a link to your portfolio/sample video edits via WhatsApp to:
📲 0722412101
Join the Toy Mart team and let's make marketing fun! 🙌✨",,
https://ikman.lk/en/ad/influencers-colombo,"🎉 Calling All Influencers! 🎉
Partner with Toy Mart Sri Lanka!
Are you a content creator who loves engaging audiences and creating exciting content? We want to work with you!
Toy Mart Sri Lanka is looking for passionate influencers to showcase our amazing range of toys, games, collectibles, and family products across social media platforms.
What We're Looking For:
✅ Instagram Creators
✅ TikTok Influencers
✅ YouTube Content Creators
✅ Facebook & Social Media Personalities
✅ Family, Parenting, Lifestyle & Toy Review Creators
What You'll Get:
🎁 Free products for review and promotion
💰 Paid collaboration opportunities
📈 Long-term brand partnerships
🌟 Exposure through Toy Mart Sri Lanka's growing community
Requirements:
* Active and engaged social media audience
* Creative content creation skills
* Professional and authentic brand representation
Interested?
Send us:
📧 Your social media profiles
📊 Audience statistics (followers, engagement rates)
🎥 Examples of previous collaborations
Join us in bringing joy, fun, and excitement to families across Sri Lanka!
**Apply Today and Become a Toy Mart Sri Lanka Brand Partner!**
📩 Contact us/ WhatsApp: 0722412104
#ToyMartSriLanka #InfluencerWanted #BrandAmbassador #SriLankaInfluencers #ContentCreators #CollaborateWithUs",,
https://ikman.lk/en/ad/e-commerce-marketing-assistant-colombo,"Category: Sales & Marketing
Employer: Watsans.lk
Job Role: E-Commerce Marketing Assistant
Job Type: Full Time
Salary: Rs. 40,000 - 50,000 (above )
Required Education: G.C.E. Advanced Level (Commerce Stream candidates will have an added advantage)
Required Experience: 0 Years (Freshers are encouraged to apply)
Application Deadline: 2026/07/15
E-Commerce Marketing Assistant (Male / Female)
If you meet the following qualifications, this is your opportunity to join Watsans.lk, one of Sri Lanka's leading online retailers of authentic beauty, personal care, health, and wellness products, located in Colombo 06 (Wellawatte).
Qualifications
• Must have successfully completed G.C.E. Advanced Level (A/L).
• Candidates who appeared for A/L in the Commerce Stream will have an added advantage.
• Age between 18 and 25 years.
• Applicants residing in areas with easy access to Wellawatte such as Nugegoda, Dehiwala, Ratmalana, Bambalapitiya, Mount Lavinia, and surrounding areas are preferred.
• Excellent communication and interpersonal skills.
• Ability to communicate in Sinhala, Tamil, and English will be considered an added qualification.
• Passion for customer service and digital marketing.
• Strong interest in beauty, skincare, personal care, and wellness products.
• Knowledge of Facebook, Instagram, TikTok, and other social media platforms will be an added advantage.
• Basic computer literacy and willingness to learn e-commerce operations.
Key Responsibilities
• Provide friendly, accurate, and professional customer service via phone, email, WhatsApp, and social media channels.
• Respond to customer inquiries and resolve customer complaints efficiently.
• Assist customers in selecting suitable products based on their needs.
• Coordinate with internal departments to process and prepare customer orders.
• Assist in managing website content, product listings, and promotional campaigns.
• Support social media marketing activities and customer engagement initiatives.
• Contribute to the growth and success of Watsans.lk's e-commerce operations.
Benefits
• Attractive salary package.
• Opportunity to learn and build a career in E-Commerce and Digital Marketing.
• Exposure to beauty, skincare, personal care, and wellness products.
• Opportunities to work closely with the company's Social Media and Marketing Team.
• Internal promotion and career growth opportunities.
• Friendly and professional working environment.
How to Apply
Send your updated CV to:
watsans244@gmail.com / sales@watsans.lk
Please mention ""E-Commerce Marketing Assistant"" in the subject line of your email.",,
https://ikman.lk/en/ad/social-media-live-presenter-kandy,"**Job Title: Social Media Live Presenter **
**Company:** Kandula Modern Homes
**Location:** Kandy Area
### Job Description
Kandula Modern Homes is looking for a confident and energetic **Social Media Live Presenter** to join our team. The ideal candidate will host Facebook Live, TikTok Live, and other social media presentations to promote our furniture, electronics, and home appliance products.
### Responsibilities
* Host live sessions on Facebook, TikTok, and other social media platforms
* Present products and explain their features and benefits
* Engage with customers and answer inquiries during live broadcasts
* Promote special offers, new arrivals, and seasonal campaigns
* Assist in creating social media content and marketing campaigns
### Requirements
* Excellent communication and presentation skills
* Confident and comfortable in front of the camera
* Basic knowledge of social media platforms
* Previous experience in sales, presenting, or content creation is an added advantage
* Male or Female candidates are welcome to apply
* Applicants from the Kandy area are preferred
### Benefits
* Attractive Salary + Performance Incentives
* Career Growth Opportunities
* Training & Development Programs
* Friendly Working Environment
* Company Trips & Team Events
### Contact Details
📞 **Call / WhatsApp:  070 400 7744
📧 Email: kandulamodernhomes@gmail.com
**Apply now and become the face of Kandula Modern Homes on social media!** 🎤📱✨",,
https://ikman.lk/en/ad/social-media-manager-colombo-30,"සමාජ මාධ්‍ය කළමනාකරු / Social Media Manager තනතුර සඳහා බඳවා ගැනීම්
අපගේ ආයතනයේ ඩිජිටල් ප්‍රතිරූපය තවත් ඉහළ නැංවීම සඳහා නිර්මාණශීලී, වගකීම් සහිත සහ නව අදහස් ඉදිරිපත් කළ හැකි Social Media Manager කෙනෙකු අප සොයයි.
ඔබගේ වගකීම්:
• Facebook, Instagram, TikTok ඇතුළු සමාජ මාධ්‍ය ගිණුම් කළමනාකරණය කිරීම
• Creative content ideas, campaigns සහ social media strategies සැලසුම් කිරීම
• Posts, reels, videos සඳහා content planning සහ coordination කිරීම
• Social media trends හඳුනාගෙන brand growth සඳහා භාවිතා කිරීම
• Audience engagement සහ online presence වැඩිදියුණු කිරීම
අප බලාපොරොත්තු වන්නේ:
• Social media management පිළිබඳ අත්දැකීම්
• Creative thinking සහ excellent communication skills
• Content creation පිළිබඳ අවබෝධය
• නව trends ඉක්මනින් ඉගෙන ගැනීමේ හැකියාව
ඔබ නිර්මාණශීලීව සිතන, digital world එක තුළ brand එකක් ගොඩනැගීමට උනන්දුවක් ඇති අයෙක් නම්, ඔබ අප සමඟ එක්වීමට සුදුසුම පුද්ගලයා විය හැකියි.
ඔබගේ CV එක සහ පෙර නිර්මාණ/portfolio අප වෙත යොමු කරන්න.
ඔබගේ අයදුම්පත (CV) සහ ඔබ විසින් මීට පෙර නිම කරන ලද නිර්මාණ කිහිපයක් (Portfolio/Samples) 0760810461 අංකයට WhatsApp කරන්න.",,
https://ikman.lk/en/ad/female-vacancy-gampaha-colombo-area-gampaha,"WE ARE HIRING 🔥 Digital Marketing Influencer - Female
Full-Time  / Part-Time | work from home or office
අපි හොයන්නේ කවුද?
Camera එකට බය නැති, Creative කෙනෙක් වෙන්න ඕන 📸
ඔයා ගාව තියෙන්න ඕන:
Social Media වලට Content හදන්න පුලුවන් - Video + Photo
කතා කරන, Present කරන Confidence එක
Trends ගැන දන්නවා + Audience එක engage කරන්න දන්නවා
අලුත් Ideas + Team එකත් එක්ක වැඩ කරන්න කැමති
Job එකේ කරන්න තියෙන්නේ:
Brands වලට Creative Content හදන එක
Followers ලා එක්ක Engage වෙලා Brand එක Grow කරන එක
Campaigns Plan කරලා Execute කරන එක
Apply කරන විදිහ:
CV + ඔයාගේ Insta/TikTok/FB Profile link එවන්න
📩 WhatsApp 0707909037",,
https://ikman.lk/en/ad/social-media-coordinator-matara,"💼 𝐏𝐎𝐒𝐈𝐓𝐈𝐎𝐍 : Social Media Coordinator
📍 Weligama
King Cell Holdings
💠 𝐑𝐄𝐐𝐔𝐈𝐑𝐄𝐌𝐄𝐍𝐓𝐒 :
【~】✪ Must possess a Certificate or Diploma in Graphic Design, Digital Marketing, Web Developing, or equivalent.
【~】✪ Minimum 1–2 years of experience in a similar capacity.
【~】✪ Proficiency with required desktop publishing tools, including Photoshop, CorelDRAW, InDesign, Illustrator, After Effects, and Premiere Pro.
【~】✪ Comprehensive understanding of Digital Marketing, Advertisements, and Website Developing.
【~】✪ A strong and creative eye for visual composition.
【~】✪ Knowledge and capability in Video Editing software would be an added advantage.
💠 𝐂𝐀𝐍𝐃𝐈𝐃𝐀𝐓𝐄 𝐏𝐑𝐎𝐅𝐈𝐋𝐄 :
【~】✪ Creative and technically skilled professional with a background in Graphic Design, Digital Marketing, or Web Development.
【~】✪ Experienced (1–2 years) in social media coordination and content creation.
【~】✪ Proficient in industry-standard design and editing software.
【~】✪ Strong understanding of digital marketing strategies and audience engagement.
【~】✪ Visually creative with excellent design composition skills.
【~】✪ Video editing capabilities are a distinct advantage.
【~】✪ Self-motivated, detail-oriented, and able to work independently.
💠 𝐑𝐄𝐒𝐏𝐎𝐍𝐒𝐈𝐁𝐈𝐋𝐈𝐓𝐈𝐄𝐒 :
【~】✪ Create and design social media content including Posts, Stories, and Advertisements.
【~】✪ Manage and monitor all Social Media Platforms and the Website for the Company.
【~】✪ Design and update website graphics and banners.
【~】✪ Develop and create content and campaign ideas according to Social Media Brand guidelines.
【~】✪ Recommend and optimize the Company’s content calendar to improve audience engagement.
💠 𝐉𝐎𝐁 𝐏𝐑𝐎𝐅𝐈𝐋𝐄 :
【~】✪ Full-time role based in Weligama.
【~】✪ Responsible for managing the company's social media presence and visual branding.
【~】✪ Create engaging content across all digital platforms.
【~】✪ Ensure brand consistency across all visual and digital communications.
【~】✪ Drive audience engagement through strategic content planning and execution.
✅ 𝐁𝐄𝐍𝐄𝐅𝐈𝐓𝐒 :
【~】✪ We offer an attractive remuneration package & incentives that are above market standards for the suitable candidate.
✅ 𝐇𝐎𝐖 𝐓𝐎 𝐀𝐏𝐏𝐋𝐘 ✍️ :
If you feel you are the right individual for the above position, then apply via ""𝗔𝗽𝗽𝗹𝘆 𝗡𝗼𝘄"" of this advert.
【~】✪ Please forward your CV to: Jobs.kingcell@gmail.com
【~】✪ Use the same vacancy name as the subject title for better visibility of your email.
[ 𝐖𝐄 𝐇𝐈𝐆𝐇𝐋𝐘 𝐈𝐍𝐅𝐎𝐑𝐌 𝐀𝐋𝐋 𝐓𝐇𝐄 𝐂𝐀𝐍𝐃𝐈𝐃𝐀𝐓𝐄𝐒 𝐓𝐎 𝐌𝐄𝐍𝐓𝐈𝐎𝐍 𝐀 𝐕𝐀𝐋𝐈𝐃 𝐌𝐎𝐁𝐈𝐋𝐄 𝐍𝐔𝐌𝐁𝐄𝐑 & 𝐈𝐓 𝐈𝐒 𝐂𝐎𝐌𝐏𝐔𝐋𝐒𝐎𝐑𝐘 𝐓𝐎 𝐀𝐓𝐓𝐀𝐂𝐇 𝐘𝐎𝐔𝐑 𝐂𝐕 𝐁𝐘 𝐔𝐏𝐃𝐀𝐓𝐈𝐍𝐆 𝐘𝐎𝐔𝐑 ""𝗜𝗞𝗠𝗔𝗡 𝗥𝗘𝗦𝗨𝗠𝗘"" ]
＃📳 𝓒𝓸𝓷𝓽𝓪𝓬𝓽 : 077 421 20 23
＃ 📧 𝐸𝓂𝒶𝒾𝓁: Jobs.kingcell@gmail.com",,
https://ikman.lk/en/ad/social-media-coordinator-cum-graphic-designer-matara-2,"💼 𝐏𝐎𝐒𝐈𝐓𝐈𝐎𝐍 : Social Media Coordinator cum Graphic Designer
📍 Weligama
King Cell Holdings
💠 𝐑𝐄𝐐𝐔𝐈𝐑𝐄𝐌𝐄𝐍𝐓𝐒 :
【~】✪ Must possess a Certificate or Diploma in Graphic Design, Digital Marketing, Web Developing, or equivalent.
【~】✪ Minimum 1–2 years of experience in a similar capacity.
【~】✪ Proficiency with required desktop publishing tools, including Photoshop, CorelDRAW, InDesign, Illustrator, After Effects, and Premiere Pro.
【~】✪ Comprehensive understanding of Digital Marketing, Advertisements, and Website Developing.
【~】✪ A strong and creative eye for visual composition.
【~】✪ Knowledge and capability in Video Editing software would be an added advantage.
💠 𝐂𝐀𝐍𝐃𝐈𝐃𝐀𝐓𝐄 𝐏𝐑𝐎𝐅𝐈𝐋𝐄 :
【~】✪ Creative and technically skilled professional with a background in Graphic Design, Digital Marketing, or Web Development.
【~】✪ Experienced (1–2 years) in social media coordination and content creation.
【~】✪ Proficient in industry-standard design and editing software.
【~】✪ Strong understanding of digital marketing strategies and audience engagement.
【~】✪ Visually creative with excellent design composition skills.
【~】✪ Video editing capabilities are a distinct advantage.
【~】✪ Self-motivated, detail-oriented, and able to work independently.
💠 𝐑𝐄𝐒𝐏𝐎𝐍𝐒𝐈𝐁𝐈𝐋𝐈𝐓𝐈𝐄𝐒 :
【~】✪ Create and design social media content including Posts, Stories, and Advertisements.
【~】✪ Manage and monitor all Social Media Platforms and the Website for the Company.
【~】✪ Design and update website graphics and banners.
【~】✪ Develop and create content and campaign ideas according to Social Media Brand guidelines.
【~】✪ Recommend and optimize the Company’s content calendar to improve audience engagement.
💠 𝐉𝐎𝐁 𝐏𝐑𝐎𝐅𝐈𝐋𝐄 :
【~】✪ Full-time role based in Weligama.
【~】✪ Responsible for managing the company's social media presence and visual branding.
【~】✪ Create engaging content across all digital platforms.
【~】✪ Ensure brand consistency across all visual and digital communications.
【~】✪ Drive audience engagement through strategic content planning and execution.
✅ 𝐁𝐄𝐍𝐄𝐅𝐈𝐓𝐒 :
【~】✪ We offer an attractive remuneration package & incentives that are above market standards for the suitable candidate.
✅ 𝐇𝐎𝐖 𝐓𝐎 𝐀𝐏𝐏𝐋𝐘 ✍️ :
If you feel you are the right individual for the above position, then apply via ""𝗔𝗽𝗽𝗹𝘆 𝗡𝗼𝘄"" of this advert.
【~】✪ Please forward your CV to: Jobs.kingcell@gmail.com
【~】✪ Use the same vacancy name as the subject title for better visibility of your email.
[ 𝐖𝐄 𝐇𝐈𝐆𝐇𝐋𝐘 𝐈𝐍𝐅𝐎𝐑𝐌 𝐀𝐋𝐋 𝐓𝐇𝐄 𝐂𝐀𝐍𝐃𝐈𝐃𝐀𝐓𝐄𝐒 𝐓𝐎 𝐌𝐄𝐍𝐓𝐈𝐎𝐍 𝐀 𝐕𝐀𝐋𝐈𝐃 𝐌𝐎𝐁𝐈𝐋𝐄 𝐍𝐔𝐌𝐁𝐄𝐑 & 𝐈𝐓 𝐈𝐒 𝐂𝐎𝐌𝐏𝐔𝐋𝐒𝐎𝐑𝐘 𝐓𝐎 𝐀𝐓𝐓𝐀𝐂𝐇 𝐘𝐎𝐔𝐑 𝐂𝐕 𝐁𝐘 𝐔𝐏𝐃𝐀𝐓𝐈𝐍𝐆 𝐘𝐎𝐔𝐑 ""𝗜𝗞𝗠𝗔𝗡 𝗥𝗘𝗦𝗨𝗠𝗘"" ]
＃📳 𝓒𝓸𝓷𝓽𝓪𝓬𝓽 : 077 421 20 23
＃ 📧 𝐸𝓂𝒶𝒾𝓁: Jobs.kingcell@gmail.com",,
https://ikman.lk/en/ad/social-media-manager-kandy,"We are looking for a reliable Social Media Manager to manage several Facebook and YouTube accounts.
Duties include:
Creating and posting content
Managing multiple social media accounts
Uploading and managing YouTube videos
Replying to messages and comments
Increasing followers and engagement
Preparing a posting schedule",,
https://ikman.lk/en/ad/digital-marketing-executive-colombo-429,"Job Description:
Develop creative concepts, designs, and layouts for digital and print media
Design engaging social media content, including graphics and videos
Lead and support creative ideas for campaigns and promotions
Edit and enhance images, videos, and other visual content when required
Stay updated with current design trends, tools, and AI-based creative technologies
Requirements:
Diploma in Graphic Designing, Advertising, or Marketing from a recognized institute
Certification in AI development will be considered an added advantage
Minimum 3 years of experience in creative designing
Proficiency in Adobe Photoshop, Illustrator, and related design tools
Strong creativity, attention to detail, and visual communication skills
Apply Now
outsource@humanresources.lk
0702802000",,
https://ikman.lk/en/ad/digital-marketing-intern-colombo,"📢 We're Hiring – Digital Marketing Intern
Join our growing team and kick-start your career in digital marketing!
📌 Position
Digital Marketing Intern
✅ Requirements
• Basic knowledge of Digital Marketing
• Basic Graphic Design and Editing Skills
• Ability to manage social media pages
• Creative thinking and willingness to learn
• Good communication skills
💼 Responsibilities
• Create and schedule social media content
• Perform basic photo and video editing
• Assist with digital marketing campaigns
• Monitor page engagement and customer interactions
💰 Salary
Rs. 40,000 – Rs. 50,000 per month
📩 How to Apply
Send your CV to: propertylanka.com@gmail.com
📞 Contact
+94 70 311 1111
Join us and gain valuable hands-on experience in the digital marketing industr",,
https://ikman.lk/en/ad/social-media-executive-female-kurunegala,"》ඇතුගල්පුරවරයේ ප්‍රධාන පෙලේ විදේශ රැකියා ආයතනයක හදිසි රැකියා ඇබෑර්තු
💼 𝐏𝐎𝐒𝐈𝐓𝐈𝐎𝐍 : Social Media Executive (Female)
💼 Job Responsibilities
✔ Manage and maintain social media platforms including Facebook, Instagram, TikTok & YouTube
✔ Create engaging and creative digital content
✔ Plan and execute social media marketing campaigns
✔ Monitor social media performance and audience engagement
✔ Work efficiently to meet deadlines and targets
☞  කුරුණෑගල අවටින් විශේෂයි
ඔබගේ අයදුම්පත පහත ඊමේල් ලිපිනයට යොමු කරන්න
alazab2325@gmail.com
වැඩි විස්තර  :
📱 0741883185 / 0751202570
Al Azab International
No. 03, 2nd Floor, YMBA building,
Bodhiraja Mw,
Kurunegala",,
https://ikman.lk/en/ad/social-media-executive-needed-to-our-printing-shop-in-nugegoda-colombo,"We need a creative social media handler, tiktok, facebook, instagram",,
https://ikman.lk/en/ad/social-media-content-creator-kandy,"📢 Vacancy – Social Media Content Creator
Kandula Digital Marketing Team
Are you creative, confident, and passionate about social media? Join the Kandula Digital Marketing Team and help create engaging content that reaches thousands of customers every day!
🎯 Job Responsibilities
Create attractive social media content for Facebook, TikTok, Instagram, and YouTube.
Design promotional posts, banners, and advertisements.
Create and edit short-form videos (Reels, TikToks, Shorts).
Present products and promotions through Facebook & TikTok Live sessions.
Develop creative content ideas and follow current social media trends.
Work closely with the marketing team to increase brand awareness and customer engagement.
✅ Requirements
Age between 25 – 40 years.
Good knowledge of Adobe Photoshop & Illustrator.
Experience in social media content creation and video editing.
Confident personality with good communication skills.
Ability to present on Facebook Live and TikTok Live.
Creative mindset and ability to work independently.
🎁 Benefits
Attractive Salary Package
Performance-Based Incentives
Career Growth Opportunities
Training & Development Programs
Friendly Working Environment
Company Tours & Team Events
📍 Location
Kandula Digital Marketing Team
📩 Apply Now
Send your CV and portfolio before 30th June 2026.
📞 070 66 22 813
📱 WhatsApp: 070 66 22 813
Be the creative voice behind the Kandula brand! 🚀",,
https://ikman.lk/en/ad/digital-marketing-executive-kegalle-2,"💼 𝐏𝐎𝐒𝐈𝐓𝐈𝐎𝐍 :
Digital Marketing Executive
📍 𝐋𝐎𝐂𝐀𝐓𝐈𝐎𝐍 :
Nicstop Computers, 221, Main Street, Kegalle
💠 𝐑𝐄𝐐𝐔𝐈𝐑𝐄𝐌𝐄𝐍𝐓𝐒 :
【~】• 1 – 3 years experience preferred
【~】• Trainees are welcome to apply
【~】• Good knowledge in digital marketing & social media
【~】• Creative and communication skills preferred
💰 𝐒𝐀𝐋𝐀𝐑𝐘 :
【~】• Negotiable
📲 𝐇𝐎𝐖 𝐓𝐎 𝐀𝐏𝐏𝐋𝐘 :
Apply via “Apply Now” or contact directly for more details.
＃𝓒𝓸𝓷𝓽𝓪𝓬𝓽 : 77 777 5884
＃𝐸𝓂𝒶𝒾𝓁 :  niroshanrsm@yahoo.com",,
https://ikman.lk/en/ad/social-media-executive-colombo-103,,,
https://ikman.lk/en/ad/content-creator-bambalapitiya-colombo-1,"🎬 WE'RE HIRING – CONTENT CREATOR
📍 Location: Bambalapitiya (On-Site)
🏢 Company: THE GARAGE CLOTHING
Are you a creative storyteller with a passion for fashion and social media? Join our team as a Content Creator and help bring our brand to life!
✅ Requirements:
Male or Female candidates can apply
Proven experience in content creation
Strong photography and videography skills
Knowledge of social media platforms and trends
Creative mindset with attention to detail
Ability to create engaging photo and video content
🎯 Responsibilities:
Create content for social media platforms
Capture product photos and videos
Develop creative campaign ideas
Work closely with the marketing team
Stay updated with the latest digital trends
💼 Position: Full-Time
📍 Work Location: Bambalapitiya Branch (On-Site)
Join THE GARAGE CLOTHING and be part of a fast-growing fashion brand!
📞 Call/WhatsApp: 074 124 0536",,
https://ikman.lk/en/ad/content-creator-bambalapitiya-colombo,"🎬 WE'RE HIRING – CONTENT CREATOR
📍 Location: Bambalapitiya (On-Site)
🏢 Company: THE GARAGE CLOTHING
Are you a creative storyteller with a passion for fashion and social media? Join our team as a Content Creator and help bring our brand to life!
✅ Requirements:
Male or Female candidates can apply
Proven experience in content creation
Strong photography and videography skills
Knowledge of social media platforms and trends
Creative mindset with attention to detail
Ability to create engaging photo and video content
🎯 Responsibilities:
Create content for social media platforms
Capture product photos and videos
Develop creative campaign ideas
Work closely with the marketing team
Stay updated with the latest digital trends
💼 Position: Full-Time
📍 Work Location: Bambalapitiya Branch (On-Site)
Join THE GARAGE CLOTHING and be part of a fast-growing fashion brand!
📞 Call/WhatsApp: 074 124 0536",,
https://ikman.lk/en/ad/digital-marketing-assistant-manager-colombo,"💼 𝐏𝐎𝐒𝐈𝐓𝐈𝐎𝐍 : DIGITAL MARKETING ASSISTANT MANAGER
💠 𝐑𝐄𝐐𝐔𝐈𝐑𝐄𝐌𝐄𝐍𝐓𝐒 : | # 💠 𝐂𝐀𝐍𝐃𝐈𝐃𝐀𝐓𝐄 𝐏𝐑𝐎𝐅𝐈𝐋𝐄 :
【~】✪ Minimum 3+ years of experience in Marketing, Digital Marketing, or E-Commerce Operations.
【~】✪ Strong understanding of marketing strategies, brand management, and customer engagement.
【~】✪ Experience in planning, executing, and monitoring marketing campaigns.
【~】✪ Knowledge of social media platforms, digital marketing tools, and e-commerce operations.
【~】✪ Excellent communication, leadership, and team management skills.
【~】✪ Strong analytical, problem-solving, and organizational abilities.
【~】✪ Ability to work in a fast-paced and results-oriented environment.
💠 𝐑𝐄𝐒𝐏𝐎𝐍𝐒𝐈𝐁𝐈𝐋𝐈𝐓𝐈𝐄𝐒 : | # 💠 𝐉𝐎𝐁 𝐏𝐑𝐎𝐅𝐈𝐋𝐄 :
【~】✪ Develop and implement marketing strategies to drive business growth.
【~】✪ Plan, execute, and monitor marketing campaigns across multiple channels.
【~】✪ Manage brand presence and customer engagement initiatives.
【~】✪ Oversee e-commerce operations and digital marketing tools.
【~】✪ Analyze campaign performance and optimize for results.
【~】✪ Lead and coordinate with internal teams to ensure seamless execution.
✅ 𝐁𝐄𝐍𝐄𝐅𝐈𝐓𝐒 :
【~】✪ We offer an attractive remuneration package & incentives that are above market standards for the suitable candidate.
✅ 𝐇𝐎𝐖 𝐓𝐎 𝐀𝐏𝐏𝐋𝐘 ✍️ :
If you feel you are the right individual for the above position, then apply via ""𝗔𝗽𝗽𝗹𝘆 𝗡𝗼𝘄"" of this advert.
[ 𝐖𝐄 𝐇𝐈𝐆𝐇𝐋𝐘 𝐈𝐍𝐅𝐎𝐑𝐌 𝐀𝐋𝐋 𝐓𝐇𝐄 𝐂𝐀𝐍𝐃𝐈𝐃𝐀𝐓𝐄𝐒 𝐓𝐎 𝐌𝐄𝐍𝐓𝐈𝐎𝐍 𝐀 𝐕𝐀𝐋𝐈𝐃 𝐌𝐎𝐁𝐈𝐋𝐄 𝐍𝐔𝐌𝐁𝐄𝐑 & 𝐈𝐓 𝐈𝐒 𝐂𝐎𝐌𝐏𝐔𝐋𝐒𝐎𝐑𝐘 𝐓𝐎 𝐀𝐓𝐓𝐀𝐂𝐇 𝐘𝐎𝐔𝐑 𝐂𝐕 𝐁𝐘 𝐔𝐏𝐃𝐀𝐓𝐈𝐍𝐆 𝐘𝐎𝐔𝐑 ""𝗜𝗞𝗠𝗔𝗡 𝗥𝗘𝗦𝗨𝗠𝗘"" ]
＃📳 𝓒𝓸𝓷𝓽𝓪𝓬𝓽 : 077 007 0373
＃ 📧 𝐸𝓂𝒶𝒾𝓁: dilanslm@signature.lk",,
https://ikman.lk/en/ad/digital-marketing-influencer-female-colombo,"WE ARE HIRING – Digital Marketing Influencer (Female)
📍 Position: Digital Marketing Influencer
📍 Type: Full-Time / Part-Time
We are looking for a creative and confident female Digital Marketing Influencer to join our team.
Requirements:
• Create engaging and creative content for social media
• Strong communication and presentation skills
• Confident in front of camera
• Good understanding of digital marketing trends
• Ability to build audience engagement
• Creative mindset with fresh ideas
• Team player with positive attitude
Responsibilities:
• Create video and photo content
• Promote brand awareness across social platforms
• Plan and execute content campaigns
• Engage with online audiences and followers
• Support marketing and promotional activities
📩 Apply Now
Send your CV + portfolio/social media links",,
https://ikman.lk/en/ad/digital-marketing-executive-colombo-427,"💼 𝐏𝐎𝐒𝐈𝐓𝐈𝐎𝐍 :  Digital Marketing executives
💠 𝐑𝐄𝐐𝐔𝐈𝐑𝐄𝐌𝐄𝐍𝐓𝐒 : | # 💠 𝐂𝐀𝐍𝐃𝐈𝐃𝐀𝐓𝐄 𝐏𝐑𝐎𝐅𝐈𝐋𝐄 :
【~】✪ School leavers, Interns, Trainees, or Retirees may apply for the above posts.
【~】✪ Full-time or Part-time arrangements can be considered for some positions.
【~】✪ Retired service personnel are welcome to apply.
💠 𝐑𝐄𝐒𝐏𝐎𝐍𝐒𝐈𝐁𝐈𝐋𝐈𝐓𝐈𝐄𝐒 : | # 💠 𝐉𝐎𝐁 𝐏𝐑𝐎𝐅𝐈𝐋𝐄 :
【~】✪ Roles vary by position; on-the-job training will be provided for trainee roles.
✅ 𝐁𝐄𝐍𝐄𝐅𝐈𝐓𝐒 :
【~】✪ We offer an attractive remuneration package & incentives that are above market standards for the suitable candidate.
【~】✪ Accommodation / Lodging will be provided for some positions.
✅ 𝐇𝐎𝐖 𝐓𝐎 𝐀𝐏𝐏𝐋𝐘 ✍️ :
If you feel you are the right individual for the above position, then apply via ""𝗔𝗽𝗽𝗹𝘆 𝗡𝗼𝘄"" on this advert.
[ 𝐖𝐄 𝐇𝐈𝐆𝐇𝐋𝐘 𝐈𝐍𝐅𝐎𝐑𝐌 𝐀𝐋𝐋 𝐂𝐀𝐍𝐃𝐈𝐃𝐀𝐓𝐄𝐒 𝐓𝐎 𝐌𝐄𝐍𝐓𝐈𝐎𝐍 𝐀 𝐕𝐀𝐋𝐈𝐃 𝐌𝐎𝐁𝐈𝐋𝐄 𝐍𝐔𝐌𝐁𝐄𝐑 & 𝐓𝐇𝐀𝐓 𝐈𝐓 𝐈𝐒 𝐂𝐎𝐌𝐏𝐔𝐋𝐒𝐎𝐑𝐘 𝐓𝐎 𝐀𝐓𝐓𝐀𝐂𝐇 𝐘𝐎𝐔𝐑 𝐂𝐕 𝐁𝐘 𝐔𝐏𝐃𝐀𝐓𝐈𝐍𝐆 𝐘𝐎𝐔𝐑 ""𝗜𝗞𝗠𝗔𝗡 𝗥𝗘𝗦𝗨𝗠𝗘"" ]
Please apply with your Expected Salary and contact details.
＃📧 𝐸𝓂𝒶𝒾𝓁 : ceo@worldexpcmb.com , afa.wexp@yahoo.com
World Express CMB Ltd
No 80 Muhandiram Road, (Near Liberty Plaza)
Colombo 3.
Tel: 0112342807
Website: www.worldexpresscmb.com",,
https://ikman.lk/en/ad/marketing-executive-battaramulla-colombo-11,"Digital Marketing
Job Title: Marketing Executive – Digital Marketing, Social Media & Marketing
Location: Battaramulla
Employment Type: Full-Time
About the Role
We are looking for a creative, energetic, and results-driven Marketing Executive to join our team. The ideal candidate should have a passion for digital marketing, social media management, content creation, and online audience engagement.
Key Responsibilities
Manage and update company social media platforms (Facebook, Instagram, TikTok, LinkedIn, YouTube, etc.)
Create engaging posts, reels, stories, and promotional content
Design basic graphics using Canva or similar tools
Edit and upload videos for social media and YouTube
Plan and schedule content calendars
Respond to messages, comments, and customer inquiries
Assist with digital advertising campaigns (Meta Ads, Google Ads)
Generate leads through social media and online platforms
Monitor campaign performance and prepare reports
Stay updated with the latest digital marketing trends
Requirements
Basic knowledge of Digital Marketing and Social Media Management
Familiarity with Facebook, Instagram, TikTok, LinkedIn, and YouTube
Experience with Canva, CapCut, Photoshop, or similar tools is an advantage
Good communication and content-writing skills
Creative mindset with attention to detail
Ability to work independently and as part of a team
Willingness to learn and grow in the marketing field
Preferred Qualifications
Previous experience in marketing, social media management, or content creation
Knowledge of Meta Business Suite and social media analytics
Basic understanding of paid advertising campaigns
Benefits
✅ Attractive salary package
✅ Friendly and professional work environment
✅ Training and career development opportunities
✅ Opportunity to work on exciting marketing projects
How to Apply
Interested candidates are invited to send their updated CV to sameeramahathanthrige@gmail.com or WhatsApp 0774171178
Join our team and help us grow our digital presence while building your marketing career! 🚀",,
https://ikman.lk/en/ad/social-media-expert-colombo-1,"WE ARE HIRING – SOCIAL MEDIA EXPERT / CONTENT CREATOR 🎥
A PLUS Eco (PVT) LTD
We are looking for a creative and passionate Social Media Expert / Content Creator to join our team and help grow our brands across digital platforms.
Requirements:
✔ Experience managing Facebook, Instagram, TikTok, YouTube, and LinkedIn
✔ Knowledge of Canva, Photoshop, Illustrator, CapCut, Premiere Pro, or similar tools
✔ Strong photography and videography skills
✔ Ability to create engaging content, reels, and promotional videos
✔ Excellent communication and creative thinking skills
✔ Previous experience in digital marketing will be an added advantage
Responsibilities:
🔹 Create and manage social media content for all company brands
🔹 Design graphics, advertisements, and promotional materials
🔹 Produce and edit photos, videos, reels, and short-form content
🔹 Manage social media campaigns and online engagement
🔹 Monitor performance and suggest growth strategies
🔹 Support marketing activities and brand development
Benefits:
✅ Attractive salary package + performance incentives
✅ Career growth opportunities
✅ Hands-on experience with multiple brands and industries
✅ Friendly and innovative work environment
✅ EPF/ETF benefits
📍 Location: Athurugiriya
🕘 Working Hours: 9.00 AM – 6.00 PM
📞 Contact: 071 726 0469
# Website -  www.apluseco.lk
📧 Send your CV and portfolio today
rohithacrown@gmail.com
Work with A PLUS Eco, A PLUS Solar, A PLUS Eco DRIVE, and A PLUS Streetwear to create content that inspires and drives results!",,
https://ikman.lk/en/ad/content-creator-and-presenter-female-gampaha,"Female Content Creator & Presenter (Mobile Shop) - NIttambuwa
නිට්ටඹුව නගරයේ පිහිටි Sawana Cellular ජංගම දුරකථන ආයතන සදහා දක්ෂ Female Content Creator / Presenter කෙනෙකු වහාම අවශ්‍ය කර තිබේ.
කරන්න තිබෙන වැඩ
⭐ අපගේ දුරකථන සහ උපාංග (Phones & Accessories) වෙනුවෙන් promotional videos නිර්මාණය කිරීම.
⭐ TikTok, Reels සහ Facebook සඳහා ආකර්ෂණීය කෙටි වීඩියෝ (Short Videos) සෑදීම.
⭐ නිෂ්පාදන පිළිබඳ විස්තර සහ අදහස් ඉතා පැහැදිලිව සහ විශ්වාසයෙන් යුතුව කැමරාව ඉදිරියේ ඉදිරිපත් කිරීම.
සුදුසුකම්:
🔴 ගැහැණු ළමුන් සඳහා පමණි.
🔴 වයස අවුරුදු 18–25 අතර විය යුතුයි
🔴 කැමරාව ඉදිරියේ විශ්වාසයෙන් පෙනී සිටීමේ හැකියාව සහ කඩිසර, සුහදශීලී පෙනුම/ගතිගුණ තිබීම.
🔴 මූලික ඉංග්‍රීසි දැනුම සහ Social Media (TikTok/Instagram) පිළිබඳ මූලික දැනුම.
🔴 වීඩියෝ පටිගත කිරීම, upload කිරීම සහ Social Media හැසිරවීම පිළිබඳ මූලික දැනුම.
ප්‍රතිලාභ:
💡ආකර්ෂණීය වැටුපක්.
💡ඉතා සුහදශීලී වැඩ පරිසරයක්.
⚫Full-Time ස්ථිර රැකියාවකි.
💬 Call Now -  070 603 7332
📍 Sawana Cellular Paradise
No.17/B, New Super Market, Nittambuwa.
-----------------------------------------------------------------------------------------------------
Female Content Creator & Presenter (Mobile Shop) - Nittambuwa
Sawana Cellular in Nittambuwa city is looking for a talented and creative Female Content Creator / Presenter immediately.
Responsibilities:
⭐ Recording promotional videos for our mobile phones and accessories.
⭐ Creating attractive short videos for TikTok, Reels, and Facebook.
⭐ Presenting product reviews and ideas clearly and confidently in front of the camera.
Requirements & Qualifications:
🔴 For Females only.
🔴 Age must be between 18–25 years.
🔴 Ability to appear confidently in front of the camera with an active, friendly look and personality.
🔴 Basic English knowledge and basic knowledge of Social Media (TikTok/Instagram).
🔴 Basic knowledge of video recording, uploading, and managing Social Media.
Benefits:
💡 Attractive Salary Package.
💡 Very friendly working environment.
⚫ This is a Full-Time permanent job.
💬 Call Now - 070 603 7332
📍 Sawana Cellular Paradise
No.17/B, New Super Market, Nittambuwa.",,
https://ikman.lk/en/ad/social-media-presenter-females-only-kurunegala,"Social Media Executive
If you are good looking you can apply
We will give you Traning how to promote our brand
Contact Praveen 0704555050",,
https://ikman.lk/en/ad/digital-marketer-colombo-1,"# 💼 𝐏𝐎𝐒𝐈𝐓𝐈𝐎𝐍 : Digital Marketer cum Receptionist for a salon
𝐑𝐄𝐐𝐔𝐈𝐑𝐄𝐌𝐄𝐍𝐓𝐒 :  1-2 Experienced Employees
Luxury Ladies salon in colombo 5
# 💠 𝐑𝐄𝐒𝐏𝐎𝐍𝐒𝐈𝐁𝐈𝐋𝐈𝐓𝐈𝐄𝐒 :
We are seeking a proactive and organized Digital Marketer cum Receptionist to manage our social media presence, handle customer inquiries, and support front-desk operations. The ideal candidate will be responsible for engaging with customers online and over the phone, creating social media content, and ensuring smooth day-to-day communication with clients and visitors.
Digital Marketing & Social Media
Manage and maintain company social media accounts (Facebook, Instagram, TikTok, LinkedIn, etc.).
Create, schedule, and publish engaging content including posts, stories, reels, and promotional campaigns.
Respond promptly to social media messages, comments, and customer inquiries.
Monitor social media performance and provide regular reports on engagement and growth.
Coordinate with management to promote products, services, events, and special offers.
Assist with basic graphic design, photography, and video content creation.
Reception & Customer Service
Answer incoming phone calls professionally and direct them to the appropriate departments.
Handle customer inquiries via phone, WhatsApp, email, and social media platforms.
Welcome and assist visitors, clients, and guests.
Schedule appointments and maintain calendars as required.
✅ 𝐁𝐄𝐍𝐄𝐅𝐈𝐓𝐒 :
【~】✪ salary -  basic salary 60,000 - 80,000
and excellent opportunities for career development is on offer for the correct candidate.
Location at narahenpita colombo 5
# ✅ 𝐇𝐎𝐖 𝐓𝐎 𝐀𝐏𝐏𝐋𝐘 ✍️ :
If you feel you are the right individual for the above position, then apply via ""𝗔𝗽𝗽𝗹𝘆 𝗡𝗼𝘄 "" of this advert.
[ 𝐖𝐄 𝐇𝐈𝐆𝐇𝐋𝐘 𝐈𝐍𝐅𝐎𝐑𝐌 𝐀𝐋𝐋 𝐓𝐇𝐄 𝐂𝐀𝐍𝐃𝐈𝐃𝐀𝐓𝐄𝐒 𝐓𝐎 𝐌𝐄𝐍𝐓𝐈𝐎𝐍 𝐀 𝐕𝐀𝐋𝐈𝐃 𝐌𝐎𝐁𝐈𝐋𝐄 𝐍𝐔𝐌𝐁𝐄𝐑 & 𝐈𝐓 𝐈𝐒 𝐂𝐎𝐌𝐏𝐔𝐋𝐒𝐎𝐑𝐘 𝐓𝐎 𝐀𝐓𝐓𝐀𝐂𝐇 𝐘𝐎𝐔𝐑 𝐂𝐕 𝐁𝐘 𝐔𝐏𝐃𝐀𝐓𝐈𝐍𝐆 𝐘𝐎𝐔𝐑 ""𝗜𝗞𝗠𝗔𝗡 𝗥𝗘𝗦𝗨𝗠𝗘"" ]
＃📳 📞 𝓒𝓸𝓷𝓽𝓪𝓬𝓽  | 𝐖𝐡𝐚𝐭𝐬𝐀𝐩𝐩 : 0789176306
＃ 📧 𝐸𝓂𝒶𝒾𝓁 : Seherasamath@hotmail.com
# 🌐 𝓦𝓮𝓫 :
# 📪 𝓐𝓭𝓭𝓻𝓮𝓼𝓼 : narahenpita, colombo 5",,
https://ikman.lk/en/ad/digital-marketer-colombo,"# 💼 𝐏𝐎𝐒𝐈𝐓𝐈𝐎𝐍 : Digital Marketer cum Receptionist for a salon
𝐑𝐄𝐐𝐔𝐈𝐑𝐄𝐌𝐄𝐍𝐓𝐒 :  1-2 Experienced Employees
Luxury Ladies salon in colombo 5
# 💠 𝐑𝐄𝐒𝐏𝐎𝐍𝐒𝐈𝐁𝐈𝐋𝐈𝐓𝐈𝐄𝐒 :
We are seeking a proactive and organized Digital Marketer cum Receptionist to manage our social media presence, handle customer inquiries, and support front-desk operations. The ideal candidate will be responsible for engaging with customers online and over the phone, creating social media content, and ensuring smooth day-to-day communication with clients and visitors.
Digital Marketing & Social Media
Manage and maintain company social media accounts (Facebook, Instagram, TikTok, LinkedIn, etc.).
Create, schedule, and publish engaging content including posts, stories, reels, and promotional campaigns.
Respond promptly to social media messages, comments, and customer inquiries.
Monitor social media performance and provide regular reports on engagement and growth.
Coordinate with management to promote products, services, events, and special offers.
Assist with basic graphic design, photography, and video content creation.
Reception & Customer Service
Answer incoming phone calls professionally and direct them to the appropriate departments.
Handle customer inquiries via phone, WhatsApp, email, and social media platforms.
Welcome and assist visitors, clients, and guests.
Schedule appointments and maintain calendars as required.
✅ 𝐁𝐄𝐍𝐄𝐅𝐈𝐓𝐒 :
【~】✪ salary -  basic salary 60,000 - 80,000
and excellent opportunities for career development is on offer for the correct candidate.
Location at narahenpita colombo 5
# ✅ 𝐇𝐎𝐖 𝐓𝐎 𝐀𝐏𝐏𝐋𝐘 ✍️ :
If you feel you are the right individual for the above position, then apply via ""𝗔𝗽𝗽𝗹𝘆 𝗡𝗼𝘄 "" of this advert.
[ 𝐖𝐄 𝐇𝐈𝐆𝐇𝐋𝐘 𝐈𝐍𝐅𝐎𝐑𝐌 𝐀𝐋𝐋 𝐓𝐇𝐄 𝐂𝐀𝐍𝐃𝐈𝐃𝐀𝐓𝐄𝐒 𝐓𝐎 𝐌𝐄𝐍𝐓𝐈𝐎𝐍 𝐀 𝐕𝐀𝐋𝐈𝐃 𝐌𝐎𝐁𝐈𝐋𝐄 𝐍𝐔𝐌𝐁𝐄𝐑 & 𝐈𝐓 𝐈𝐒 𝐂𝐎𝐌𝐏𝐔𝐋𝐒𝐎𝐑𝐘 𝐓𝐎 𝐀𝐓𝐓𝐀𝐂𝐇 𝐘𝐎𝐔𝐑 𝐂𝐕 𝐁𝐘 𝐔𝐏𝐃𝐀𝐓𝐈𝐍𝐆 𝐘𝐎𝐔𝐑 ""𝗜𝗞𝗠𝗔𝗡 𝗥𝗘𝗦𝗨𝗠𝗘"" ]
＃📳 📞 𝓒𝓸𝓷𝓽𝓪𝓬𝓽  | 𝐖𝐡𝐚𝐭𝐬𝐀𝐩𝐩 : 0789176306
＃ 📧 𝐸𝓂𝒶𝒾𝓁 : Seherasamath@hotmail.com
# 🌐 𝓦𝓮𝓫 :
# 📪 𝓐𝓭𝓭𝓻𝓮𝓼𝓼 : narahenpita, colombo 5",,
https://ikman.lk/en/ad/video-making-content-creator-colombo,"▁ ▂ ▄ ▅ ▆ ▇ █ 🇱‌🇺‌🇽‌🇺‌🇷‌🇾‌🇽‌ █ ▇ ▆ ▅ ▄ ▂ ▁
𝗪𝗲 𝗮𝗿𝗲 𝗛𝗜𝗥𝗜𝗡𝗚!
Join our Team
➺ Open Position :
🎨 𝗩𝗶𝗱𝗲𝗼 𝗠𝗮𝗸𝗶𝗻𝗴 𝗖𝗼𝗻𝘁𝗲𝗻𝘁 𝗖𝗿𝗲𝗮𝘁𝗼𝗿
𝐌𝐮𝐬𝐭 𝐡𝐚𝐯𝐞 𝐞𝐱𝐩𝐞𝐫𝐢𝐞𝐧𝐜𝐞 𝐢𝐧:
➺ Video shooting
➺ Reels/TikTok-style content creation
➺ Basic video editing
➺ Creative storytelling
➺ Social media trends
➺ Working with a camera or smartphone
𝗔𝗣𝗣𝗟𝗬 𝗡𝗢𝗪
for more information
075 800 1264
WhatsApp Us your CV to: 075 800 1264",,
https://ikman.lk/en/ad/call-center-officer-female-work-from-home-colombo,"දුරකථන ඇමතුම් මධ්‍යස්ථාන නිලධාරීන්  ( Online Call Centre Executive - Female )
අපගේ දුරකථන ඇමතුම් අංශයේ පාරිභෝගික සේවා කටයුතු සඳහා පුහුණු / නුපුහුණු සේවිකාවන් අවශ්‍යය කර ඇත.
ඉක්මණින් බඳවා ගැනීම් කරනු ලැබේ.
අවශ්‍යය සුදුසුකම්,
වයස අවු 18 - 30 අතර,
පාරිභෝගික සේවා හෝ දුරකථන ඇමතුම් අංශයක අත්දැකීම් සහිත වීම වඩාත් සුදුසු වේ,
අ.පො.ස (සා/පෙළ) සමත් විය යුතුය,
සාමාන්‍යය පරිගණක දැනුම (Microsoft Office , Excel ),
අ.පො.ස (උ/පෙළ) සමත් වී තීබීම වඩාත් සුදුසු වේ,
ආකර්ශනීය වැටුප්.  සතිපතා ගෙවීම්
නිවසේ සිට Online වැඩ කල හැක.
දිවයින පුරා බදවා ගැනීම් සිදුකෙරේ
අයදුම් කිරීමට මෙම  0710423806 අංකයට ඔබගේ CV එක Whatsapp කරන්න.
We are looking for energetic individuals (female) for our Driver (Call Center) operations.
Passed the G. C. E. O/L examination  Good Communication skills in Sinhala and English  Previous experience in similar position is an added advantage  Job Responsibilities
• Driver Confirmation through voice calls
• Data recording + Analyzing  Candidate Should Have
• Basic IT knowledge (Microsoft Excel, Word, Basic internet and Email)
• Fluency in Sinhala, English
• Previous work experience in a similar role would be an added advantage.
You can apply by 0710423806 send the CV to the number mentioned via Whatsapp.",,
https://ikman.lk/en/ad/social-media-activator-colombo,"📍 Location
Pettah, Colombo
💼 Position
Social Media Activator
📋 Requirements
✔️ Good knowledge of Social Media Marketing
✔️ Knowledge of Online Marketing and Digital Promotion
✔️ Proficiency in Microsoft Excel
✔️ Creative thinking and content creation skills
✔️ Good communication and interpersonal skills
✔️ Ability to work independently and as part of a team
🎯 Key Responsibilities
Manage and grow the company's social media platforms
Create engaging content and promotional campaigns
Monitor online customer interactions and inquiries
Support digital marketing activities and brand awareness campaigns
Prepare and maintain marketing reports using Microsoft Excel
📞 Apply Now
Call: 077 742 4048",,
https://ikman.lk/en/ad/social-media-management-colombo,"Manage all the social media platforms and company website, creating innovative videos, and  pictures , this job is that commission base",,
https://ikman.lk/en/ad/digital-marketing-executive-puttalam-1,"*Hiring: Digital Marketing Officer – Social Media + Lead Gen*
Growth-focused company looking for a creative + results-driven Digital Marketing Officer.
*Role*:
1. *Social Media*: Handle Instagram, Facebook, LinkedIn, etc. Create engaging posts, reels, stories + content calendars
2. *Content Creation*: Copywriting, basic graphics/video editing for posts & ads
3. *Lead Generation*: Find + connect with foreign buyers/clients. Email outreach, LinkedIn prospecting, B2B platforms
4. *Reporting*: Track performance, engagement, leads + monthly reports
*Must Have*:
- Fluent in English + 1 other language [mention: Hindi/Spanish/Arabic/etc]
- Proven skills in social media management & post creation
- Experience with B2B lead gen / finding international buyers is a big plus
- Canva/CapCut/Photoshop + Meta Ads/Google Ads basics
*Qualities*: Creative, self-starter, good communication, target-oriented
*Location*: madurankuliya,puttalam
*Type*: Full-time
*Salary*: 100000+commission per order
Apply: Send CV + portfolio/links of posts you’ve created + languages spoken to [WhatsApp-0771664322
Only serious applicants with relevant experience.",,
https://ikman.lk/en/ad/social-media-digital-growth-manager-colombo-3,"About AKARA
AKARA is a growing luxury real estate brand focused on how premium apartments are marketed, presented, and discovered online.
We’re not looking for someone to simply post content.We’re looking for someone who can build and manage a strong digital foundation that supports brand visibility, inbound demand, and long-term growth.
If you enjoy building structure around creativity, improving systems, and connecting digital work to real business outcomes, this role will suit you well.
*The Mission*
You will lead and scale AKARA’s digital presence across social media and the website and help turn it into a reliable, well-structured growth channel.
This is a hands-on leadership role combining strategy, execution, and team coordination.
*Key Responsibilities*
1. Social Media Leadership
* Own AKARA’s presence across Instagram, TikTok, Facebook, LinkedIn, and YouTube
* Plan and execute follower and engagement growth strategies (organic + paid support)
* Ensure content builds trust, supports the brand, and generates inquiries
* Define and manage content pillars: listings, lifestyle, education, behind-the-scenes, brand stories
* Track performance using clear metrics (reach, engagement, leads, conversions)
2. Content Strategy & Execution
* Lead content planning, ideation, and direction
* Maintain consistency in quality, tone, and messaging
* Work closely with video editors, designers, and photographers
* Convert property listings into strong, engaging digital content
* Stay updated on trends and adapt what fits the brand (not copy-paste trends)
3. Team & Workflow Management
* Coordinate content creators, designers, video editors, and external partners
* Set clear workflows, calendars, and basic SOPs
* Manage timelines, approvals, and quality control
* Ensure smooth execution from idea to publishing
4. Website, SEO & SEM Oversight
* Guide website content and structure to support lead generation
* Coordinate SEO basics (on-page, content optimization, local SEO)
* Oversee SEM / Google Ads coordination with specialists or agencies
* Ensure social, ads, and website work together as one funnel
5. Digital Improvement & Process Optimization
* Identify gaps or inefficiencies in current digital workflows
* Recommend and implement better tools, automations, or processes
* Improve coordination between marketing, sales, and operations
* Help move digital marketing from manual execution to scalable systems
* Approach digital growth with a business mindset, not just a marketing one
*You’re a Good Fit If You*
Have 3–5+ years of hands-on experience in digital marketing or social media
Have worked on growing brands, not just maintaining accounts
Understand how content, platforms, and data connect to business results
Are comfortable leading people, vendors, and processes
Have working knowledge of SEO, SEM, analytics, and websites
Are structured, proactive, and comfortable taking ownership
Can balance strategy with day-to-day execution
📩 Apply with examples of brands or accounts you’ve worked on and the growth you were responsible .
apply through ""Apply Now"" on this advert or send your CV to hr@akaraapartments.lk or WhatsApp to +94 77 663 5926.",,
https://ikman.lk/en/ad/social-media-executive-colombo-101,"📢 WE ARE HIRING
🎯 Position:Social Media Executive
🏢 Employer: Sala Enterprises – Nugegoda
🔹 Job Type: Full-Time
⏰ Working Hours: 8.00 a.m. – 5.00 p.m.
💼 Job Responsibilities
✔ Manage and maintain social media platforms including Facebook, Instagram, TikTok, LinkedIn & YouTube
✔ Create engaging and creative digital content
✔ Plan and execute social media marketing campaigns
✔ Monitor social media performance and audience engagement
✔ Work efficiently to meet deadlines and targets
🎓 Requirements
✔ Minimum 1 year of work experience in Digital Marketing or Social Media Management
✔ Degree / Diploma in Marketing or Graphic Design
✔ Creative thinking and strong communication skills
✔ Graphic Design skills will be considered an added advantage
✔ Ability to work responsibly and meet deadlines consistently
💰 Salary Range
Rs. 50,000 – Rs. 100,000 per month
📩 Apply Via
📧 Email: Harshani@salaent.com
📱 Phone / WhatsApp: 0772270023
📍 Location: Nugegoda
Join our growing team and build your career in digital marketing with Sala Enterprises!
📢 අප සමඟ එක්වන්න – රැකියා අවස්ථාවක්!
🎯 තනතුර : Digital Marketing / Social Media Executive
🏢 ආයතනය : Sala Enterprises – නුගේගොඩ
🕒 රැකියා වර්ගය : Full-Time
⏰ සේවා වේලාව : පෙ.ව. 8.00 සිට ප.ව. 5.00 දක්වා
💼 රැකියා වගකීම්:
✔ Facebook, Instagram, TikTok, LinkedIn සහ YouTube ඇතුළු Social Media Platforms කළමනාකරණය කිරීම
✔ නිර්මාණශීලී සහ ආකර්ෂණීය Digital Content නිර්මාණය කිරීම
✔ Social Media Marketing Campaign සැලසුම් කිරීම හා ක්‍රියාත්මක කිරීම
✔ Audience Engagement සහ Social Media Performance නිරීක්ෂණය කිරීම
✔ නියමිත ඉලක්ක සහ කාලසීමා අනුව කාර්යක්ෂමව වැඩ කිරීම
🎓 අවශ්‍ය සුදුසුකම්:
✔ Digital Marketing හෝ  Social Media Management ක්ෂේත්‍රයේ අවම වශයෙන් වසර 1ක පළපුරුද්ද
✔ Marketing හෝ  Graphic Design සම්බන්ධ Degree / Diploma සුදුසුකම
✔ නිර්මාණශීලී සිතුවිලි සහ හොඳ සන්නිවේදන කුසලතා
✔ Graphic Design දැනුම අමතර සුදුසුකමක් ලෙස සැලකේ
✔ වගකීමෙන් සහ නියමිත කාලසීමාවන් තුළ වැඩ කිරීමේ හැකියාව
💰 මාසික වැටුප
රු. 50,000 – 100,000 දක්වා
📩 අයදුම් කිරීමට:
📧 Email : Harshani@salaent.com
📱 Phone / WhatsApp : 077 227 0023
📍 ස්ථානය : නුගේගොඩ
✨ Digital Marketing ක්ෂේත්‍රයේ ඔබගේ වෘත්තීය ගමන නව මට්ටමකට ගෙනයන්න Sala Enterprises සමඟ එක්වෙන්න!
📢 நாங்கள் ஆட்களைத் தேடுகிறோம்
🎯 பதவி: டிஜிட்டல் மார்க்கெட்டிங் / சமூக ஊடக நிர்வாகி
🏢 நிறுவனம்: சலா எண்டர்பிரைசஸ் – நுவகொட
🔹 பணி வகை: முழுநேரம்
⏰ வேலை நேரம்: காலை 8.00 மணி – மாலை 5.00 மணி
💼 பணிப் பொறுப்புகள்
✔ ஃபேஸ்புக், இன்ஸ்டாகிராம், டிக்டாக், லிங்க்ட்இன் மற்றும் யூடியூப் உள்ளிட்ட சமூக ஊடகத் தளங்களை நிர்வகித்தல் மற்றும் பராமரித்தல்
✔ ஈர்க்கக்கூடிய மற்றும் ஆக்கப்பூர்வமான டிஜிட்டல் உள்ளடக்கத்தை உருவாக்குதல்
✔ சமூக ஊடக சந்தைப்படுத்தல் பிரச்சாரங்களைத் திட்டமிட்டு செயல்படுத்துதல்
✔ சமூக ஊடக செயல்திறன் மற்றும் பார்வையாளர் ஈடுபாட்டைக் கண்காணித்தல்
✔ காலக்கெடு மற்றும் இலக்குகளை அடைய திறமையாகப் பணியாற்றுதல்
🎓 தகுதிகள்
✔ டிஜிட்டல் மார்க்கெட்டிங் அல்லது சமூக ஊடக மேலாண்மையில் குறைந்தபட்சம் 1 வருட பணி அனுபவம்
✔ மார்க்கெட்டிங் அல்லது கிராஃபிக் டிசைனில் பட்டம் / டிப்ளமோ
✔ ஆக்கப்பூர்வமான சிந்தனை மற்றும் வலுவான தகவல் தொடர்புத் திறன்கள்
✔ கிராஃபிக் டிசைன் திறன்கள் கூடுதல் தகுதியாகக் கருதப்படும்
✔ பொறுப்புடன் பணியாற்றி, காலக்கெடுவை சீராகப் பூர்த்தி செய்யும் திறன்
💰 சம்பள வரம்பு
ரூ. 50,000 – ரூ. மாதம் 100,000
📩 விண்ணப்பிக்க வேண்டிய வழி
📧 மின்னஞ்சல்: Harshani@salaent.com
📱 தொலைபேசி / வாட்ஸ்அப்: 0772270023
📍 இடம்: நுவகொட
வளர்ந்து வரும் எங்கள் குழுவில் இணைந்து, சலா எண்டர்பிரைசஸ் மூலம் டிஜிட்டல் மார்க்கெட்டிங்கில் உங்கள் தொழில் வாழ்க்கையை உருவாக்குங்கள்!",,
https://ikman.lk/en/ad/digital-marketing-executive-colombo-424,"We are looking for a creative and energetic Digital Marketing Executive to join our team.
Responsibilities
Manage social media platforms (Facebook, Instagram, TikTok, LinkedIn)
Create and schedule marketing content
Handle online advertisements and promotions
Respond to customer inquiries and messages
Develop branding and marketing strategies
Prepare marketing reports and campaign updates
Coordinate with design and sales teams
Requirements
Experience in digital marketing and social media management
Good communication skills in English (Sinhala/Tamil will be an advantage)
Knowledge of Canva, Meta Ads, and basic video editing
Creative thinking and teamwork skills
Ability to work independently
Benefits
Attractive salary package
Friendly working environment
Career growth opportunities
📍 Location: Colombo 06
Whatsapp your CV to: +94777705710
email: jiacity@yahoo.com",,
https://ikman.lk/en/ad/digital-marketing-assistant-colombo-2,"🚀 WE’RE HIRING – DIGITAL MARKETING ASSISTANT!
Join our creative team and help grow our brand online. We’re looking for an energetic and creative individual who is passionate about social media and digital marketing.
📍 Location: Kottawa
✅ Responsibilities:
• Create and manage content for Facebook, Instagram & TikTok
• Post stories and engaging social media updates regularly
• Manage and grow our social media pages
• Create attractive photo & video content
• Run and monitor paid advertisements
• Analyze performance and prepare reports
🎯 Requirements:
• Basic knowledge of digital marketing
• Creativity and good communication skills
• Familiar with social media platforms
• Team player with a positive attitude
💼 What We Offer:
• Friendly working environment
• Career growth opportunities
• Training and development
• Competitive salary
📩 Apply Now via WhatsApp
📞 075 052 7507",,
https://ikman.lk/en/ad/social-media-executive-colombo-99,"Job Duties
Creating and publishing engaging content across social media platforms.
Supporting the planning and execution of social media campaigns.
Monitoring social media trends, platform updates and competitor activity.
Tracking and analysing performance to improve engagement and campaign results.
Working with internal teams to ensure consistent brand messaging.
Contributing to content calendars and creative campaign ideas.
Required Qualifications
Degree in Marketing, Business Management, Digital Media or a related field.
Minimum 1 year of experience in social media or digital marketing.
Good understanding of social media platforms, content formats and engagement strategies.
Familiarity with analytics tools and content scheduling platforms.
Strong communication skills with fluency in Sinhala and English (Tamil is an added advantage).
Well organized with the ability to manage multiple tasks and meet deadlines.
Creative mindset with a passion for digital content and storytelling.",,
https://ikman.lk/en/ad/digital-marketing-and-seo-colombo,"📢 WE ARE HIRING – Digital Marketing Executive
🏢 Company:U&T International
📍 Location:No. 273, Havelock Road, Colombo 06
🕒 Job Type:Full-Time
💰 Salary:Negotiable based on experience
💻Position:Digital Marketing Executive
We are looking for a creative and energetic individual to manage digital marketing activities and handle our company website for our mobile phone & electronics showroom.
🔧 Responsibilities:
• Manage Facebook, Instagram, TikTok & other social media pages
• Create attractive posts, reels, banners & promotional content
• Handle online advertisements and boost campaigns
• Update and maintain the company website
• Upload new products, prices & promotions to the website
• Handle SEO and website content updates
• Reply to customer inquiries and manage online engagement
• Support showroom promotions and branding activities
• Basic photography/videography for products
Required Skills:
• Good knowledge of social media marketing
• website handling knowledge
• Experience with Canva or Adobe design tools
• Ability to create engaging content and captions
• Creative mindset with new marketing ideas
• Good communication skills
✨ Extra Advantages
• Video editing skills
• Experience in electronics/mobile phone industry
• TikTok content creation experience
We Are Looking For:
• Self-motivated and responsible person
• Passion for technology & digital trends
• Ability to work independently and meet deadlines
• Friendly and energetic personality
📩 How to Apply:
Send your CV & portfolio to:
📧 uandt.2018@gmail.com
📱 WhatsApp: 0777812680
🚀Join U&T International and grow with the latest mobile & tech trends!",,
https://ikman.lk/en/ad/digital-marketing-assistant-male-colombo,,,
https://ikman.lk/en/ad/social-media-marketing-executive-female-colombo,"We are looking for a creative, energetic, and responsible female candidate to join our team as a Social Media Marketing Executive.
🔹 Responsibilities:
• Manage Facebook, Instagram, and TikTok marketing campaigns
• Create engaging social media posts, reels, and short videos
• Create AI-generated videos and promotional content
• Record and edit videos for marketing purposes
• Reply to comments, messages, and customer inquiries on social media platforms
• Plan and schedule social media content
• Support branding and digital marketing activities
• Monitor social media engagement and audience growth
• Handle day-to-day social media marketing responsibilities
🔹 Requirements:
• Age between 18 – 40 years
• Minimum qualification: Passed G.C.E. A/L
• Bachelor’s Degree or Diploma in IT, Digital Marketing, Multimedia, or equivalent is preferred
• Good knowledge of Facebook, Instagram, and TikTok platforms
• Basic video editing and content creation skills
• Creative thinking and good communication skills
• Ability to work independently and responsibly",,
https://ikman.lk/en/ad/graphic-designer-kurunegala-kurunegala-27,"🎨 GRAPHIC DESIGNER
රැකියා ඇබෑර්තු
කුරුණෑගල ප්‍රදේශයේ පිහිටි ප්‍රසිද්ධ පෞද්ගලික ආයතනයක Graphic Designer තනතුර සඳහා රැකියා ඇබෑර්තු ඇත
📌 සුදුසුකම්
✔️ වයස අවුරුදු 18 – 35 අතර වීම
✔️ Graphic Designing ක්ෂේත්‍රය පිළිබඳ පාඨමාලාවක් හදාරා තිබීම
✔️ පුහුණු / නුපුහුණු ගැහැණු හා පිරිමි දෙපාර්ශ්වයටම අයදුම් කළ හැක
✔️ පළපුරුද්ද ඇති අය සඳහා විශේෂ ප්‍රමුඛතාවය
💰 ආකර්ෂණීය වැටුපක්
🤝 සුහදශීලී හා ආරක්ෂිත  සේවා පරිසරයක්
🕗 සේවා කාලය : උදෑසන 8.00 – සවස 5.00
🌙 ඉරිදා සහ පොහොය දින නිවාඩු
📞 වැඩි විස්තර සඳහා අමතන්න
☎️ 070 463 6235
📲 ඔබගේ අයදුම්පත්‍රය WhatsApp කරන්න
📱 076 966 4065",,
https://ikman.lk/en/ad/digital-marketing-executive-colombo-423,"💼 Job Opportunity – Digital Marketing Executive
We are looking for a creative and results-driven Digital Marketing Executive to join our team.
Address - 100,Pepiliyana Road,Nedimala, Dehiwala
🔹 Job Role
Digital Marketing Executive
🔹 Job Type
Full-time
🔹 Working Hours
• Weekdays: 8:30 AM – 5:00 PM
• Saturdays: 8:30 AM – 1:00 PM
🔹 Benefits
• EPF / ETF
• Annual Bonus
• Medical Insurance
• Sales Commission
🔹 Requirements
• Minimum 6 months work experience
• Proficiency in Adobe Photoshop, Illustrator, or similar design software
• Good computer knowledge
• Ability to read and write in English
• Male / Female candidates can apply
🔹 Application Method
Phone Calls / WhatsApp
📞 Contact Numbers
071 91 92 815
071 93 92 815
071 59 00 060
🏢 Employer
GRANT TECH HOLDINGS (PVT) LTD
⏳ Application Deadline: Immediate",,
https://ikman.lk/en/ad/showroom-content-creator-kandy,"Content creator -We are seeking a creative and dynamic Content Creator to join our team. You will be responsible for conceptualizing, producing, and managing high-quality content across multiple platforms (social media, website, YouTube, blogs, etc.) to engage our audience, build brand awareness, and drive business goals. The ideal candidate is a storyteller with strong visual and writing skills who stays updated with the latest digital trends.
Time- 8am to 5pm
CCTV Operator -We are looking for a vigilant and detail-oriented CCTV Operator to join our security team. You will monitor live and recorded footage from multiple CCTV cameras to ensure the safety and security of premises, staff, visitors, and assets. The role involves detecting suspicious activities, responding to incidents in real-time, and maintaining accurate records while complying with all relevant laws and data protection regulations.
Time - 7.30am to 3pm and 12pm to 7.30pm",,
https://ikman.lk/en/ad/digital-marketing-executives-colombo-21,"Digital Marketing Executives
We are a reputed educational Institute located within & outside the countries & we promote professional & academic qualifications & conduct tuition classes for the same..
We are looking for Talented Digital Marketing Executives for Business Development
The candidate should be young & dynamic school leavers & should have a good command of English & passion for the career.
Relevant qualifications & experience are essential.  Trainees can also apply under Young Talent Development Scheme.  An attractive package will be given to right candidates.
To be a part of a team please send your CV to
Email: hr.ramford@yahoo.com        Website: ramford.global.com
Mobile: 0740045632 / 0750519875     Whatsapp: 0740045632 / 0750519875
Address: 18, 3/1, Shrubbery Garden, Colombo 04 (Opposite Vishnu Residencies – 50 meters from Galle Road)",,
https://ikman.lk/en/ad/social-media-marketing-and-graphic-designiner-gampaha,"Grab the chance to grow with the Total Solution Team,
We are looking for a Social Media Marketing individual to join our team having a passion in the field.
Fluency in all three languages will be an advantage.
Working days - 25 days in a month
Time - 9.00 to 18:00
Strong communication & multitasking expected.
You will be expected to:
- Social media management (Facebook, Instagram, TikTok)
-Analyzing marketing campaign performances
-Determining posting frequency on social media
-Responding to comments and replies
-Building a strong connection between customers and the business
-Creating high-quality content
-Creating visual elements for social media posts, content marketing, and other marketing purposes
Address - 431, Kandy Road, Peliyagoda
Forward Your Cv's : Chathurangakasmeera931@gmail.com
Contact to apply : 0717006419",,
https://ikman.lk/en/ad/digital-marketing-web-developer-and-social-media-executive-colombo,"🚀 We Are Hiring – Digital Marketing & Web Developer & Social Media Executive (Should know SEO )
Company: Univision Pvt Ltd
Location: Ratmalana, Sri Lanka
Job Type: Full-Time
Salary: 35000/- (Negotiable based on experience)
💻 Position: Web Developer & Social Media Handler
We are looking for a creative and energetic individual who can handle both website development and social media management for our growing business.
🔧 Responsibilities:
Develop and maintain company websites
Manage social media pages (Facebook, Instagram, LinkedIn, etc.)
Create engaging posts, banners, and digital content
Handle basic SEO and website updates
Support digital marketing activities
Coordinate with technical team for online projects
⭐ Required Skills:
Experience in HTML, CSS, JavaScript, WordPress or similar platforms
Strong knowledge of social media management
Good design sense (Canva/Adobe basic skills preferred)
Ability to create engaging online content
Basic understanding of SEO and digital marketing
🌟 Extra Advantage (Preferred but not mandatory):
Mobile App Development skills (Android / iOS / Flutter / React Native)
UI/UX design knowledge
Video editing skills for social media content
🎯 We Are Looking For:
Creative mindset
Self-motivated and responsible person
Ability to work independently and meet deadlines
Passion for technology and digital trends
📩 How to Apply:
Send your CV and portfolio to: info@univision.lk
Or WhatsApp: 0777776617",,
https://ikman.lk/en/ad/marketing-manager-colombo-431,"💼 𝐏𝐎𝐒𝐈𝐓𝐈𝐎𝐍 : Marketing Manager
📍 Touch of Gold – Gold-Coated Jewelry Retail (Colombo 03)
💠 𝐑𝐄𝐐𝐔𝐈𝐑𝐄𝐌𝐄𝐍𝐓𝐒 :
【~】✪ Minimum 3–5 years of experience in Marketing or Brand Management
【~】✪ Experience in retail, fashion, jewelry, or luxury products will be an added advantage
【~】✪ Strong knowledge of social media and digital marketing platforms
【~】✪ Excellent communication, leadership, and organizational skills
【~】✪ Creative thinking with strong business understanding
💠 𝐂𝐀𝐍𝐃𝐈𝐃𝐀𝐓𝐄 𝐏𝐑𝐎𝐅𝐈𝐋𝐄 :
【~】✪ Passionate, creative, and result-oriented marketing professional
【~】✪ Strong business acumen with creative thinking abilities
【~】✪ Proactive leader capable of driving brand growth
【~】✪ Ability to work collaboratively with sales and showroom teams
💠 𝐑𝐄𝐒𝐏𝐎𝐍𝐒𝐈𝐁𝐈𝐋𝐈𝐓𝐈𝐄𝐒 :
【~】✪ Develop and execute effective marketing strategies to increase sales and brand awareness
【~】✪ Manage digital marketing campaigns, social media platforms, and promotional activities
【~】✪ Plan showroom promotions, seasonal campaigns, and customer engagement programs
【~】✪ Coordinate branding, advertising, and content creation activities
【~】✪ Analyze market trends and competitor activities to support business growth
【~】✪ Work closely with sales and showroom teams to achieve company targets
💠 𝐉𝐎𝐁 𝐏𝐑𝐎𝐅𝐈𝐋𝐄 :
【~】✪ Full-time position – Marketing Manager
【~】✪ Company: Touch of Gold (Gold-Coated Jewelry Retail)
【~】✪ Location: Colombo 03
【~】✪ Lead marketing operations and strengthen brand presence in the retail jewelry industry
✅ 𝐁𝐄𝐍𝐄𝐅𝐈𝐓𝐒 :
【~】✪ We offer an attractive remuneration package & incentives that are above market standards for the suitable candidate.
【~】✪ Attractive salary package
【~】✪ Career growth opportunities
【~】✪ Professional working environment
✅ 𝐇𝐎𝐖 𝐓𝐎 𝐀𝐏𝐏𝐋𝐘 ✍️ :
If you feel you are the right individual for the above position, then apply via ""Apply Now"" of this advert.
[ 𝐖𝐄 𝐇𝐈𝐆𝐇𝐋𝐘 𝐈𝐍𝐅𝐎𝐑𝐌 𝐀𝐋𝐋 𝐓𝐇𝐄 𝐂𝐀𝐍𝐃𝐈𝐃𝐀𝐓𝐄𝐒 𝐓𝐎 𝐌𝐄𝐍𝐓𝐈𝐎𝐍 𝐀 𝐕𝐀𝐋𝐈𝐃 𝐌𝐎𝐁𝐈𝐋𝐄 𝐍𝐔𝐌𝐁𝐄𝐑 & 𝐈𝐓 𝐈𝐒 𝐂𝐎𝐌𝐏𝐔𝐋𝐒𝐎𝐑𝐘 𝐓𝐎 𝐀𝐓𝐓𝐀𝐂𝐇 𝐘𝐎𝐔𝐑 𝐂𝐕 𝐁𝐘 𝐔𝐏𝐃𝐀𝐓𝐈𝐍𝐆 𝐘𝐎𝐔𝐑 ""𝗜𝗞𝗠𝗔𝗡 𝗥𝗘𝗦𝗨𝗠𝗘"" ]
📳 𝓒𝓸𝓷𝓽𝓪𝓬𝓽 :
076 676 5882
📧 𝐸𝓂𝒶𝒾𝓁 :
hr@touchofgoldjewelry.com",,
https://ikman.lk/en/ad/content-creator-male-colombo-2,"CONTENT CREATOR (MALE)
✅ ප්‍රධාන වගකීම්:
🔹 සමාජ මාධ්‍ය, Paid Ads, Landing Pages සහ Marketing Campaigns සඳහා නිර්මාණාත්මක අදහස් හා සංකල්ප සොයාගැනීම, සැලසුම් කිරීම සහ සංවර්ධනය කිරීම.
🔹 Canva, CapCut සහ අනෙකුත් Digital Tools භාවිතා කරමින් සමාජ මාධ්‍ය සඳහා ආකර්ෂණීය Static Designs සහ Short-form Videos නිර්මාණය කිරීම.
🔹 දැන්වීම්, සමාජ මාධ්‍ය පෝස්ට් සහ ප්‍රවර්ධන අන්තර්ගත සඳහා පැහැදිලි හා ආකර්ෂණීය Copy Writing කිරීම.
🔹 සියලු නිර්මාණාත්මක අන්තර්ගතයන් සමාගමේ Brand Identity, Tone සහ Positioning සමඟ අනුකූලව පවත්වාගෙන යාම.
🔹 CTR, Engagement, Conversions වැනි Content Performance විශ්ලේෂණය කර Campaign Results අනුව Creatives optimize කිරීම.
✅ අවශ්‍ය සුදුසුකම්:
🔹 Content Creator, Graphic Designer හෝ Creative Specialist වැනි නිර්මාණාත්මක භූමිකාවක අවම වශයෙන් වසර 2ක පළපුරුද්ද සහ ශක්තිමත් Portfolio එකක් තිබීම.
🔹 Canva, CapCut සහ Social Media Content Creation Tools පිළිබඳ දැනුම සහ ප්‍රායෝගික හැකියාව.
🔹 Digital Marketing, Content Strategy සහ Audience Engagement පිළිබඳ හොඳ අවබෝධයක්.
🔹Ideation, Design සහ Content Optimization සඳහා AI Tools භාවිතා කිරීමේ හැකියාව.
🔹 Marketing, Communications, Design හෝ සම්බන්ධ ක්ෂේත්‍රයක අධ්‍යාපන පසුබිමක් තිබීම (අනිවාර්ය වේ).",,
https://ikman.lk/en/ad/digital-marketing-manager-gampaha,"Job location -kadawatha
Employer - LVGTP Campus
Required education - skill for office work
Age-18 to 45(Females )
Duties- computer typing , excel sheet
Video editng and upload them in you tube
Service time-  8 a.m to 5p.m(six days per week ) one day leave per week with poyaday leave.
Salary -40000/                                whatsapp your CV to 0775593102.
For further details call- 0766140086
කඩවත ගුරුපුහුනු සරසවියක සේවය සදහා ඩිජිටල් මාකටින් පිලිබද දැනුමැති වයස 18-45 අතර කාන්තා /පිරිමි අවශ්‍යයි.
සේවා කාර්යයන්-
1) Face Book page එක පවත්වාගෙන යාම සහ එය update කිරීම.
2)සමාජ මාද්‍යජාල(social media platform ) තුළ දැන්වීම් (posts) ප්‍රවර්ධනය .
3)You tube channel එකක් පවත්වාගෙන යාමේ හැකියාව .
4) You tube සදහා video edit කර upload කිරීම.
5) FB posts සහTiktok posts වැඩි ප්‍රචාරනයක් ලැබෙන පරිදි boost කිරීම.
වැටුප  -40000/=
සේවා කාලය - පෙ.ව 8 සවස 05
සතියකට  දින 6 යක සේවය .සතියකට දින 01 නිවාඩු ලැබෙන අතර පෝය දින නිවාඩු හිමිවේ.
ඉහත සදහන් කාර්යයන් හොදින් කල හැකි අය job application Whatsapp කරන්න. 0775593102 . වැඩි විස්තර සදහා 0766140086",,
https://ikman.lk/en/ad/graphic-designer-colombo-3374,"Job Title: Graphic Designer
Location: Colombo 05 (Onsite)
Gender: Male or Female
Job Summary:
We are looking for a Graphic Designer to handle both visual content creation and communication tasks. The ideal candidate should be creative, detail-oriented, and capable of managing multiple projects while maintaining brand consistency.
Key Responsibilities:
Create high-quality digital and print marketing materials
Design engaging social media content, including graphics and videos
Manage and coordinate internal and external communications
Oversee creative projects and liaise with vendors to ensure timely delivery
Requirements:
Diploma in Graphic Design, Marketing, or a related field
Minimum of 5 years of relevant experience
Strong working knowledge of design tools such as Adobe software, Canva, and CapCut
Good communication and interpersonal skills
Skills & Competencies:
Creative thinking and strong visual sense
Basic photography or videography knowledge is an advantage
Ability to manage time and meet deadlines
Team collaboration and coordination skills
How to Apply:
Call: 0702802000
Email: outsource@humanresources.lk",,
https://ikman.lk/en/ad/digital-marketing-executive-colombo-422,"Job Title: Digital Marketing Executive
Location: Colombo 05 (Onsite)
Gender: Male or Female
Job Summary:
We are looking for a s Digital Marketing Executive to handle both visual content creation and communication tasks. The ideal candidate should be creative, detail-oriented, and capable of managing multiple projects while maintaining brand consistency.
Key Responsibilities:
Create high-quality digital and print marketing materials
Design engaging social media content, including graphics and videos
Manage and coordinate internal and external communications
Oversee creative projects and liaise with vendors to ensure timely delivery
Requirements:
Diploma in Graphic Design, Marketing, or a related field
Minimum of 5 years of relevant experience
Strong working knowledge of design tools such as Adobe software, Canva, and CapCut
Good communication and interpersonal skills
Skills & Competencies:
Creative thinking and strong visual sense
Basic photography or videography knowledge is an advantage
Ability to manage time and meet deadlines
Team collaboration and coordination skills
How to Apply:
Call: 0702802000
Email: outsource@humanresources.lk",,
https://ikman.lk/en/ad/digital-marketing-vacancy-kurunegala,"Digital marketing knoladge,social media market,video edit,(optional -AI knoladge.",,
https://ikman.lk/en/ad/sncaark-nilldhaarii-kurunnaaegl-kurunegala,"කුරුණෑගල, රිදීගම, මාවතගම, කුලියපිටිය ප්‍රදේශවල ආරක්ෂක මෙහෙයුම් කළමනාකරණය කිරීම සඳහා කුරුණෑගල ශාඛාවට සංචාරක නිළධාරී සොයමින් සිටිමු
රාජකාරි
1) අවම හිඟයන් සහ පැමිණිලි සහිතව අද දවසේ ආරක්ෂක මෙහෙයුම හැසිරවීම
2) ආරක්ෂක නිලධාරීන් බඳවා ගැනීමේ හැකියාව සහ බඳවා ගැනීමේ වැඩසටහන සංවිධානය කිරීම
3) ආරක්ෂක කාර්ය මණ්ඩලය පුහුණු කිරීම සඳහා පුහුණු වැඩසටහන් සිදු කිරීම
4) ගනුදෙනුකරුවන් හැසිරවීම සහ ආරක්ෂක රැස්වීම්වලට සහභාගී වීම.
5) නව ව්‍යාපාර අලෙවි කිරීම සහ නව ව්‍යාපාර ව්‍යාපාර සංවිධානය කිරීම
6) ආරක්ෂක කාර්ය මණ්ඩලයේ සුභසාධනය, ආහාර සහ නවාතැන් පහසුකම් අධීක්ෂණය කිරීම
7) ශාඛා කාර්යාලයේ සාමාන්‍ය පරිපාලනය හැසිරවීම.
සුදුසුකම්
1) විශ්‍රාමික යුධ / නාවික / ගුවන් හමුදා නිලධරයෙකු වීම.
2) ප්‍රසන්න පෞරුෂයක් සහ ඉංග්‍රීසි භාෂාව පිළිබඳ සාමාන්‍ය දැනුමක් තිබිය යුතුය
3) වලංගු රිය පැදවීමේ සහ රියදුරු බලපත්‍රයක් තිබිය යුතුය
4) පරිගණක සාක්ෂරතාවය අමතර වාසියකි
5) වයස අවුරුදු 55 ට අඩු විය යුතුය",,
https://ikman.lk/en/ad/raatrii-aarkssk-nildhaarii-colombo,"iCanMall ආයතනය සඳහා වගකීමෙන් හා විනයෙන් යුතුව කටයුතු කළ හැකි රාත්‍රී ආරක්ෂක නිලධාරියෙකු අවශ්‍ය වේ.
සේවා කාලය:
රාත්‍රී 8.00 සිට පෙරවරු 8.00 දක්වා
මාසික නිවාඩු:
දින 3ක්
ප්‍රධාන වගකීම්:
• සුපිරි වෙළඳසැල සහ මෝල් පරිශ්‍රයේ රාත්‍රී ආරක්ෂක මුර සංචාර සිදු කිරීම
• සුපිරි වෙළඳසැල, ගබඩාව, පිවිසුම්, වාහන නැවැත්වීමේ ස්ථානය සහ අවට පරිශ්‍රය නිරීක්ෂණය කිරීම
• සොරකම්, දේපළ හානි, අනවසර ඇතුළුවීම් සහ වෙනත් ආරක්ෂක අවදානම් වැළැක්වීම
• දොර ජනෙල්, විදුලිය, ජලය, ගිනි ආරක්ෂණ පහසුකම් සහ CCTV පද්ධති පරීක්ෂා කිරීම
• රාත්‍රී කාලයේ සේවකයන් හා අමුත්තන්ගේ පැමිණීම් සහ පිටවීම් සටහන් තබා ගැනීම
• අසාමාන්‍ය හෝ හදිසි තත්ත්වයන් වහාම කළමනාකාරීත්වයට දැනුම් දීම
අපේක්ෂිත සුදුසුකම්:
• ශාරීරිකව සෞඛ්‍ය සම්පන්න, වගකීමෙන් හා විනයෙන් කටයුතු කළ හැකි අයෙකු වීම
• රාත්‍රී සේවයට සූදානම් වීම
• රාජකාරී කාලය තුළ නිදා නොගැනීම හා සේවා ස්ථානයෙන් ඉවත් නොවීම
• පෙර ආරක්ෂක සේවා පළපුරුද්ද ඇති අයට විශේෂ අවස්ථාව
• අපරාධ වාර්තාවක් නොමැති අතර ආයතනික නීතිරීති පිළිපැදීමට කැමැත්ත තිබීම
අයදුම් කිරීමට:
ඔබගේ CV එක WhatsApp මඟින් 078 500 0184 අංකයට හෝ
විද්‍යුත් තැපෑලෙන් ican@icanlk.com වෙත යොමු කරන්න.",,
https://ikman.lk/en/ad/aarkssk-nilldhaariin-colombo,"👮‍♂️ ආරක්ෂක නිළධාරීන්(SO/LSO)
⛳️ සේවා ස්ථානය - ගල්කිස්ස
✨️ වැටුප් - පැය 12 සේවා මුරය, සේවා මුර 40ක් පමණ සිදු කළ හැකිය.
🔹 පැය 12 සඳහා - Day 2,200/= , Night 2,400/=
✨️ මාසිකව රු 80,000 - 90,000 අතර වැටුපක් ගන්න පුලුවන්
✅ ප්‍රතිලාභ :
🏠️ නවාතැන් සපයනවා
✨️ සේවක සුබසාධක අරමුදල මඟින් ණය පහසුකම්
✨️ නොමිලේ නිල ඇඳුම්
✨️ EPF/ETF සඳහා දායකත්වය
✨️ පාරිතෝෂික දීමනා
✅ සම්මුක පරීක්ෂණ සඳහා
⏩ වයස 30ට වැඩි - 58ට අඩු පිරිමි සහ ගැහැණු නිළධාරීන් නුගේගොඩ ලයිසියම් පාසල වෙත උදේ 9ත් හවස 4ත් අතර පැමිණෙන්න.
♻️ රැගෙන ආ යුතු ලියකියවිලි :
🔹 උප්පැන සහතිකයේ පිටපතක්
🔹 ජා/හැ පත හා එහි පිටපතක්
🔹 බැංකු පොතෙහි පිටපතක්
🔹 ග්‍රාමසේවක සහතිකයේ පිටපතක්
වැඩි විස්තර සඳහා කතා කරන්න.
📞 0774791038 | 0772318544",,
https://ikman.lk/en/ad/security-personnel-colombo-1,"SECURITY PERSONNEL
Those with Military / Police background will be preferred.
Age below 50, Minimum of 3 years’ experience in Private Sector Preferred.
Kindly forward your complete resume to reach us within 10 days.
Manager,
Penguin Toys & Novelties (Pvt) Ltd,
2nd Floor, Penguin Center,
106-2/1, Prince Street, Colombo-11.
Email : info@penguintoys.lk",,
https://ikman.lk/en/ad/security-peliyagoda-gampaha,"පෑලියගොඩ ගබඩාවක් සඳහා ආරක්ෂක නිලධාරීන් වහාම අවශ්‍යයි
විස්තරය (Description):
පෑලියගොඩ ප්‍රදේශයේ පිහිටි අපගේ ප්‍රධාන ගබඩාව සඳහා වහාම ක්‍රියාත්මක වන පරිදි ආරක්ෂක නිලධාරීන් අවශ්‍ය කර තිබේ.
සුදුසුකම් සහ ප්‍රතිලාභ:
• වයස් සීමාව: වයස අවුරුදු 40 ත් 60 ත් අතර (පිරිමි).
• වැටුප: රු. 50,000/- (ස්ථාවර සහ අනෙකුත් දීමනා ඇතුළුව).
• නවාතැන්: නොමිලේ නවාතැන් පහසුකම් සැපයෙනු ලැබේ.
• ආහාර: ආහාර වේල් සඳහා අමතර දීමනා (Meal Allowance) හිමිවේ.
කාර්යශූර, විශ්වාසවන්ත සහ වගකීමෙන් යුතුව කටයුතු කළ හැකි අයදුම්කරුවන් වහාම අමතන්න.
👉 අයදුම් කිරීමට සහ වැඩි විස්තර සඳහා දැන්ම අමතන්න:
0777386287",,
https://ikman.lk/en/ad/security-officer-kandy-13,"Walk-in Interviews – Security Officers
Join Dynasty Residence, Sri Lanka’s premier luxury riverfront apartment project in Kandy.
We are committed to redefining luxury living with innovation, quality, and exceptional service.
---
### 📌 Position
- **Security Officer** (Male)
💰 Salary: LKR 50,000
📝 Key Responsibilities
- Ensure safety and security of residents and property.
- Monitor premises and control access points.
- Respond to emergencies and maintain discipline.
- Collaborate with management to uphold service standards.
---
### 🎓 Candidate Profile
- Age: Below 50 years.
- **Mandatory:** Previous service in **Sri Lanka Army, Air Force, Navy, or Police**.
- Strong discipline, integrity, and communication skills.
- Ability to work under pressure and in team environments.
📅 Interview Details
- **Date:** 20th – 30th June 2025
- **Time:** 10.00 AM – 4.00 PM
- **Venue:** 51/2 Srimath Kudarathwatta Mawatha, Kandy
---
📞 Contact Information
- Mobile: +94 77 441 8559
- Email: **dhanushka@dynastyresidence.com**",,
https://ikman.lk/en/ad/aarkssk-nildhaarii-tntur-security-staff-sndhaa-aebaaertu-colombo,"කොළඹ 04 උසස් අධ්‍යාපන ආයතනයක ආරක්ෂක නිලධාරී තනතුර සඳහා සේවකයින්(පිරිමි) බදවා ගනු ලැබේ.
- අවුරුදු 65ට අඩු
- පැය 24 හෝ පැය 12 වැඩමුර
- නවාතැන් පහසුකම් නැත
- මනා සෞඛ්‍ය තත්ත්වයකින් යුතු
වැටුප 80000 (පලපුරැද්ද අනුව සාකච්ඡා කළ හැකිය)
වැඩි විස්තර සඳහා අමතන්න - 0722615087",,
https://ikman.lk/en/ad/security-day-gampaha-1,"ආරක්ෂක නිලධාරීන් අවශ්යයි
අප ආයතනය සඳහා වගකීම් සහගත, විශ්වාසවන්ත හා ක්රියාශීලී ආරක්ෂක නිලධාරීන් බඳවා ගැනේ.
සුදුසුකම්:
•	වයස අවුරුදු 35 – 55 අතර විය යුතුය.
•	ආරක්ෂක සේවයේ පළපුරුද්දක් තිබීම අමතර සුදුසුකමකි.
•	ශාරීරික හා මානසික සෞඛ්යයෙන් යුක්ත විය යුතුය.
•	යහපත් චරිතයකින් යුතු විය යුතුය.
•	දිවා  මුර සේවයේ නිරත වීමට හැකියාව තිබිය යුතුය.
වගකීම්:
•	ආයතනික දේපළ හා සේවකයින්ගේ ආරක්ෂාව තහවුරු කිරීම.
•	පැමිණීම් හා පිටවීම් නිරීක්ෂණය කිරීම.
•	සැකසහිත ක්රියාකාරකම් වාර්තා කිරීම.
•	ආරක්ෂක නීති හා ක්රියා පටිපාටි අනුගමනය කිරීම.
අප ලබා දෙන්නේ:
•	ආකර්ෂණීය වැටුප
•	අතිකාල දීමනා
•	ආහාර පහසුකම් (අදාළ නම්)
•	EPF / ETF සහ අනෙකුත් ප්රතිලාභ
අයදුම් කිරීමට දැන්ම අමතන්න.
📞 දුරකථන: 074-0328491 / 076-1486421",,
https://ikman.lk/en/ad/security-officer-colombo-268,"🔐 Security Officer Vacancies – Piliyandala Area
A leading private company located in Piliyandala is currently recruiting qualified and responsible individuals for the following security positions.
📌 Available Positions
- Officer in Charge (OIC)
- Senior Security Officer (SSO)
- Lady Security Officer (LSO)
📋 Requirements
- Age between 30 – 55 years
- Must be physically fit
- Minimum educational qualification: G.C.E. (O/L) pass
- Prior experience in the Tri-Forces (Army / Navy / Air Force) or security services will be considered an added advantage
💼 Employment Type
- Permanent employment
🎁 Benefits
- Attractive salary package
- Free uniform provided
📞 Contact for More Details
070 225 19 41 | 071 68 68 113
==============================
🔐 ආරක්ෂක නිලධාරී ඇබෑර්තු – පිළියන්දල ප්‍රදේශය
පිළියන්දල පිහිටි ප්‍රමුඛ පෙළේ පෞද්ගලික සමාගමක් සඳහා සුදුසුකම් ලත් සහ වගකිවයුතු පුද්ගලයින් පහත සඳහන් ආරක්ෂක තනතුරු සඳහා බඳවා ගනු ලැබේ.
📌 පවතින තනතුරු
- භාර නිලධාරී (OIC)
- ජ්‍යෙෂ්ඨ ආරක්ෂක නිලධාරී (SSO)
- ආරක්ෂක නිලධාරිනී (LSO)
📋 අවශ්‍යතා
- වයස: අවුරුදු 30 – 55 ත් අතර
- යහපත් ශාරීරික සෞඛ්‍යයකින් යුක්ත වීම
- අවම අධ්‍යාපන සුදුසුකම: අ.පො.ස. (සාමාන්‍ය පෙළ) සමත්
- ත්‍රිවිධ හමුදාවේ (යුධ / නාවික / ගුවන්) හෝ ආරක්ෂක සේවාවන්හි පූර්ව පළපුරුද්ද අමතර සුදුසුකමක් ලෙස සලකනු ලැබේ.
💼 රැකියා ස්වභාවය
- ස්ථිර රැකියා
🎁 වරප්‍රසාද / ප්‍රතිලාභ
- ආකර්ෂණීය වැටුප් පැකේජයක්
- නොමිලේ නිල ඇඳුම් සැපයීම
📞 වැඩිදුර තොරතුරු සඳහා අමතන්න
070 225 19 41 | 071 68 68 113",,
https://ikman.lk/en/ad/aarkssk-nilldhaariniyn-glkiss-colombo,"👮‍♂️ආරක්ෂක නිළධාරිනියන් අවශ්‍යව ඇත.
📌️ ගල්කිස්ස
✨️  උදෑසන 7.30 සිට සවස 6 දක්වා.
✨️ මාසිකව ආකර්ශනිය වැටුපක් ලබා ගත හැක.
වැඩි විස්තර සඳහා කතා කරන්න.
📞 0774791038 | 0772318544
✨️ සම්මුක පරීක්ෂණ සඳහා  වයස 58ට අඩු  අය අමතන්න.",,
https://ikman.lk/en/ad/aarkssk-nilldhaariyeku-glkiss-colombo,"👮‍♂️ආරක්ෂක නිළධාරියෙකු  අවශ්‍යව ඇත.
📌️ ගල්කිස්ස
✨️  පැය 12 සේවා මුරය, සේවා මුර 45ක් පමණ සිදු කළ හැකිය.
🔹 පැය 12 සඳහා - Day 2,200/= | Night 2,200/=
✨️ මාසිකව ආකර්ශනිය වැටුපක් ලබා ගත හැක.
වැඩි විස්තර සඳහා කතා කරන්න.
📞 0774791038 | 0772318544
✨️ සම්මුක පරීක්ෂණ සඳහා  වයස 58ට අඩු  අය අමතන්න.
⏩ වයස 58ට අඩු  අය අමතන්න.",,
https://ikman.lk/en/ad/securityday-gampaha,"ආරක්ෂක නිලධාරීන් අවශ්යයි
අප ආයතනය සඳහා වගකීම් සහගත, විශ්වාසවන්ත හා ක්රියාශීලී ආරක්ෂක නිලධාරීන් බඳවා ගැනේ.
සුදුසුකම්:
•	වයස අවුරුදු 35 – 55 අතර විය යුතුය.
•	ආරක්ෂක සේවයේ පළපුරුද්දක් තිබීම අමතර සුදුසුකමකි.
•	ශාරීරික හා මානසික සෞඛ්යයෙන් යුක්ත විය යුතුය.
•	යහපත් චරිතයකින් යුතු විය යුතුය.
•	දිවා  මුර සේවයේ නිරත වීමට හැකියාව තිබිය යුතුය.
වගකීම්:
•	ආයතනික දේපළ හා සේවකයින්ගේ ආරක්ෂාව තහවුරු කිරීම.
•	පැමිණීම් හා පිටවීම් නිරීක්ෂණය කිරීම.
•	සැකසහිත ක්රියාකාරකම් වාර්තා කිරීම.
•	ආරක්ෂක නීති හා ක්රියා පටිපාටි අනුගමනය කිරීම.
අප ලබා දෙන්නේ:
•	ආකර්ෂණීය වැටුප
•	අතිකාල දීමනා
•	ආහාර පහසුකම් (අදාළ නම්)
•	EPF / ETF සහ අනෙකුත් ප්රතිලාභ
අයදුම් කිරීමට දැන්ම අමතන්න.
📞 දුරකථන: 074-0328491 / 076-1486421",,
https://ikman.lk/en/ad/security-officer-male-and-female-colombo,,,status_410
https://ikman.lk/en/ad/aarkssk-nilldhaarii-raekiyaa-glkiss-colombo,"ආරක්ෂක නිළධාරී රැකියා 👮‍♂️
📌️ගල්කිස්ස
✨️ වැටුප් - පැය 12 සේවා මුරය, සේවා මුර 45ක් පමණ සිදු කළ හැකිය.
🔹 පැය 12 සඳහා - Day 2,200/= | Night 2,200/=
✨️ මාසිකව රු 80,000 - 90,000 අතර වැටුපක් ගන්න පුලුවන්
වැඩි විස්තර සඳහා කතා කරන්න.
📞 0774791038 | 0772318544
✨️ සම්මුක පරීක්ෂණ සඳහා
⏩ වයස 58ට අඩු  අය නුගේගොඩ ලයිසියම් පාසල වෙත උදේ 9ත් හවස 4ත් අතර පැමිණෙන්න",,
https://ikman.lk/en/ad/aarkssk-nilldhaariini-raekiyaa-glkiss-colombo,"ආරක්ෂක නිළධාරීනි  රැකියා 👮‍♂️
📌️ගල්කිස්ස
✨️ වැටුප් - පැය 12 සේවා මුරය, සේවා මුර 45ක් පමණ සිදු කළ හැකිය.
🔹 පැය 12 සඳහා -  2,200/=  (7.00AM - 7.00PM)
✨️ සම්මුක පරීක්ෂණ සඳහා
⏩ වයස 58ට අඩු  අය නුගේගොඩ ලයිසියම් පාසල වෙත උදේ 9ත් හවස 4ත් අතර පැමිණෙන්න.
වැඩි විස්තර සඳහා කතා කරන්න.
📞 0774791038 | 0772318544",,
https://ikman.lk/en/ad/aarkssk-nildhaariin-nildhaariniyn-colombo-3,"# 💼 තනතුර :  ආරක්ෂක නිලධාරීන් / නිලධාරිනියන් - Security (Male/Female) - වයස අවුරුදු 18-50
# 💠 සුදුසුකම් :
【~】✪ අදාළ කාර්යය සඳහා පුහුණුව ලත් හෝ අත්දැකීම් ඇති පුද්ගලයින් වීම (නුපුහුණු අයද සලකා බලයි).
【~】✪ අදාළ රැකියාව සඳහා නියමිත වයස් සීමාව තුළ පසුවීම.
【~】✪ වගකීම් සහගතව වැඩ කළ හැකි වීම.
# 💠 රැකියාවේ කාර්ය භාරය :
【~】✪ ආරක්ෂක නිලධාරීන් - පරිශ්‍ර ආරක්ෂාව සැලසීම.
# ✅ ප්‍රතිලාභ :
【~】✪ රු. 60,000/- ට වැඩි ආකර්ශනීය වැටුපක් සහ අනෙකුත් වරප්‍රසාද රැසක් පිරිනැමේ.
【~】✪ නවාතැන් සහ ප්‍රවාහන පහසුකම් නොමිලේ.
【~】✪ ආකර්ෂණීය වැටුප් හා දීමනා / ETF / EPF / වාර්ෂික ප්‍රසාද දීමනා.
# ✅ ඉල්ලුම් කළ යුතු ආකාරය :
【~】✪ සම්මුඛ පරීක්ෂණය සඳහා ජීව දත්ත පත්‍රිකාව, ජාතික හැඳුනුම්පත, අධ්‍යාපන සහතිකපත්, උප්පැන්න සහතිකය, ග්‍රාමසේවා සහතිකය රැගෙන පහත සඳහන් ලිපිනයට කෙළින්ම පැමිණෙන්න.
【~】✪ සම්මුඛ පරීක්ෂණය දෙහිවල ශාඛාවේදී (සතියේ දිනවල පෙ.ව. 10.00 සිට ප.ව. 1.00 දක්වා) පවත්වනු ලැබේ.
【~】✪ ඉහත තනතුරු සඳහා සුදුසුම පුද්ගලයා ඔබ නම්, මෙම දැන්වීමේ ""Apply for this job"" හරහා හෝ කෙළින්ම පැමිණ අයදුම් කරන්න.
# 📳 දුරකථන අංකය(න්) :
【~】✪ 011 2 710 076
【~】✪ 071 450 3010
【~】✪ 077 220 7377
(විමසීම්: පෙ.ව. 10.00 සිට ප.ව. 6.00 අතර අමතන්න)
# 📧 ඊ-මේල් ලිපිනය :
【~】✪ kandydehiwala@kandyselection.lk
# 📪 ලිපිනය :
【~】✪ විලාසිතා ලොව අංක 01 KANDY - දෙහිවල ශාඛාව,
【~】✪ අංක 1644, ගාලු පාර, දෙහිවල.",,
https://ikman.lk/en/ad/aarkssk-nildhaariin-nildhaariniyn-colombo-2,"# 💼 තනතුර :  ආරක්ෂක නිලධාරීන් / නිලධාරිනියන් - Security (Male/Female) - වයස අවුරුදු 18-50
# 💠 සුදුසුකම් :
【~】✪ අදාළ කාර්යය සඳහා පුහුණුව ලත් හෝ අත්දැකීම් ඇති පුද්ගලයින් වීම (නුපුහුණු අයද සලකා බලයි).
【~】✪ අදාළ රැකියාව සඳහා නියමිත වයස් සීමාව තුළ පසුවීම.
【~】✪ වගකීම් සහගතව වැඩ කළ හැකි වීම.
# 💠 රැකියාවේ කාර්ය භාරය :
【~】✪ ආරක්ෂක නිලධාරීන් - පරිශ්‍ර ආරක්ෂාව සැලසීම.
# ✅ ප්‍රතිලාභ :
【~】✪ රු. 60,000/- ට වැඩි ආකර්ශනීය වැටුපක් සහ අනෙකුත් වරප්‍රසාද රැසක් පිරිනැමේ.
【~】✪ නවාතැන් සහ ප්‍රවාහන පහසුකම් නොමිලේ.
【~】✪ ආකර්ෂණීය වැටුප් හා දීමනා / ETF / EPF / වාර්ෂික ප්‍රසාද දීමනා.
# ✅ ඉල්ලුම් කළ යුතු ආකාරය :
【~】✪ සම්මුඛ පරීක්ෂණය සඳහා ජීව දත්ත පත්‍රිකාව, ජාතික හැඳුනුම්පත, අධ්‍යාපන සහතිකපත්, උප්පැන්න සහතිකය, ග්‍රාමසේවා සහතිකය රැගෙන පහත සඳහන් ලිපිනයට කෙළින්ම පැමිණෙන්න.
【~】✪ සම්මුඛ පරීක්ෂණය දෙහිවල ශාඛාවේදී (සතියේ දිනවල පෙ.ව. 10.00 සිට ප.ව. 1.00 දක්වා) පවත්වනු ලැබේ.
【~】✪ ඉහත තනතුරු සඳහා සුදුසුම පුද්ගලයා ඔබ නම්, මෙම දැන්වීමේ ""Apply for this job"" හරහා හෝ කෙළින්ම පැමිණ අයදුම් කරන්න.
# 📳 දුරකථන අංකය(න්) :
【~】✪ 011 2 710 076
【~】✪ 071 450 3010
【~】✪ 077 220 7377
(විමසීම්: පෙ.ව. 10.00 සිට ප.ව. 6.00 අතර අමතන්න)
# 📧 ඊ-මේල් ලිපිනය :
【~】✪ kandydehiwala@kandyselection.lk
# 📪 ලිපිනය :
【~】✪ විලාසිතා ලොව අංක 01 KANDY - දෙහිවල ශාඛාව,
【~】✪ අංක 1644, ගාලු පාර, දෙහිවල.",,
https://ikman.lk/en/ad/aarkssk-nilldhaarii-pirimi-gampaha-1,"🛡️ ආරක්ෂක නිලධාරීන් (Security Officers) අවශ්‍යයි
අප ආයතනයේ ආරක්ෂාව, විනය සහ විශ්වාසනීය සේවාව පවත්වාගෙන යාම සඳහා වගකීම් සහගත, අවංක සහ කැපවීමෙන් සේවය කිරීමට කැමති ආරක්ෂක නිලධාරීන් බඳවා ගැනේ.
මෙය ස්ථාවර රැකියාවක් සොයන, වගකීම් සහිතව සේවය කිරීමට කැමති පුද්ගලයින් සඳහා කදිම අවස්ථාවකි.
📌 සුදුසුකම්
✔️ වයස අවුරුදු 45 – 55 අතර විය යුතුය.
✔️ ආරක්ෂක සේවයේ හෝ සමාන ක්ෂේත්‍රයක පළපුරුද්දක් තිබේ නම් අමතර වාසියක් වේ.
✔️ ශාරීරික හා මානසික සෞඛ්‍යයෙන් යුක්ත විය යුතුය.
✔️ අවංක, විශ්වාසවන්ත සහ යහපත් චරිතයකින් යුතු විය යුතුය.
✔️ ආයතනික නීති හා ක්‍රියාපටිපාටි අනුගමනය කිරීමට කැමැත්ත සහ හැකියාව තිබිය යුතුය.
✔️ දිවා මුර සේවයේ නිරත වීමට හැකියාව තිබිය යුතුය.
✔️ හදිසි අවස්ථාවන්හිදී වගකීමෙන් ක්‍රියා කළ හැකි විය යුතුය.
📌 ප්‍රධාන වගකීම්
🔹 ආයතනයේ දේපළ, ගොඩනැගිලි සහ සේවකයින්ගේ ආරක්ෂාව තහවුරු කිරීම.
🔹 ආයතනයට පැමිණෙන සහ පිටවන පුද්ගලයින් නිරීක්ෂණය කිරීම හා වාර්තා තබා ගැනීම.
🔹 රාජකාරි කාලය තුළ ආරක්ෂක පරීක්ෂණ සහ නිරීක්ෂණ කටයුතු සිදු කිරීම.
🔹 සැකසහිත හෝ අසාමාන්‍ය ක්‍රියාකාරකම් වහාම වාර්තා කිරීම.
🔹 ආයතනයේ ආරක්ෂක නීති, ක්‍රියාපටිපාටි සහ මාර්ගෝපදේශ අනුගමනය කිරීම.
🔹 අවශ්‍ය අවස්ථාවලදී අමුත්තන්ට සහ සේවකයින්ට සහාය ලබා දීම.
🎯 අපි සොයන්නේ වගකීම, විශ්වාසය සහ කැපවීම අගය කරන පුද්ගලයින්ය.
ඔබට ස්ථාවර රැකියාවක්, ගෞරවනීය සේවා පරිසරයක් සහ දිගුකාලීන රැකියා අවස්ථාවක් අවශ්‍ය නම්, අදම අප හා සම්බන්ධ වන්න.
📞 දැන්ම අමතන්න: 077 768 4408
🛡️ ඔබගේ අත්දැකීම් සහ වගකීම්භාවය අපගේ ශක්තියයි. අපගේ කණ්ඩායමට අදම එක්වන්න!",,
https://ikman.lk/en/ad/avi-aarkssk-nildhaariin-armed-guard-mhrgm-colombo,"# තනතුර :  අවි ආරක්ෂක නිලධාරීන්  (ARMED GUARD) – මහරගම (Maharagama)
=========================
මහරගම ප්‍රදේශය- රන් ණය මධ්‍යස්ථානයක් සදහා ආරක්ෂක නිලධාරීන් අවශ්‍ය වේ
තනතුර : (Armed Guard)
~ නවාතැන් පහසුකම් , සහන මිලට ආහාර
# ප්‍රතිලාභ :
ආකර්ශනීය වැටුපක් සහ අනෙකුත් වරප්‍රසාද රැසක් පිරිනැමේ.
වැටුප මසකට රු. 65,000 / = සිට ඉහළට
# ඉල්ලුම් කළ යුතු ආකාරය :
# ඉල්ලුම් කළ යුතු ආකාරය :
ඉහත තනතුර සඳහා සුදුසූම පුද්ගලයා ඔබ නම්, මෙම දැන්වීමේ ""Apply for this job"" හි සඳහන් දුරකථන අංකය හරහා අයඳුම් කරන්න.
වැඩි විස්තර සඳහා මෙම දැන්වීමේ ""Apply for this job"" හි සඳහන් දුරකථන අංකය හරහා විමසන්න.",,
https://ikman.lk/en/ad/aarkssk-nildhaariin-nildhaariniyn-colombo-1,"# 💼 තනතුර :  ආරක්ෂක නිලධාරීන් / නිලධාරිනියන් - Security (Male/Female) - වයස අවුරුදු 18-50
# 💠 සුදුසුකම් :
【~】✪ අදාළ කාර්යය සඳහා පුහුණුව ලත් හෝ අත්දැකීම් ඇති පුද්ගලයින් වීම (නුපුහුණු අයද සලකා බලයි).
【~】✪ අදාළ රැකියාව සඳහා නියමිත වයස් සීමාව තුළ පසුවීම.
【~】✪ වගකීම් සහගතව වැඩ කළ හැකි වීම.
# 💠 රැකියාවේ කාර්ය භාරය :
【~】✪ ආරක්ෂක නිලධාරීන් - පරිශ්‍ර ආරක්ෂාව සැලසීම.
# ✅ ප්‍රතිලාභ :
【~】✪ රු. 60,000/- ට වැඩි ආකර්ශනීය වැටුපක් සහ අනෙකුත් වරප්‍රසාද රැසක් පිරිනැමේ.
【~】✪ නවාතැන් සහ ප්‍රවාහන පහසුකම් නොමිලේ.
【~】✪ ආකර්ෂණීය වැටුප් හා දීමනා / ETF / EPF / වාර්ෂික ප්‍රසාද දීමනා.
# ✅ ඉල්ලුම් කළ යුතු ආකාරය :
【~】✪ සම්මුඛ පරීක්ෂණය සඳහා ජීව දත්ත පත්‍රිකාව, ජාතික හැඳුනුම්පත, අධ්‍යාපන සහතිකපත්, උප්පැන්න සහතිකය, ග්‍රාමසේවා සහතිකය රැගෙන පහත සඳහන් ලිපිනයට කෙළින්ම පැමිණෙන්න.
【~】✪ සම්මුඛ පරීක්ෂණය දෙහිවල ශාඛාවේදී (සතියේ දිනවල පෙ.ව. 10.00 සිට ප.ව. 1.00 දක්වා) පවත්වනු ලැබේ.
【~】✪ ඉහත තනතුරු සඳහා සුදුසුම පුද්ගලයා ඔබ නම්, මෙම දැන්වීමේ ""Apply for this job"" හරහා හෝ කෙළින්ම පැමිණ අයදුම් කරන්න.
# 📳 දුරකථන අංකය(න්) :
【~】✪ 011 2 710 076
【~】✪ 071 450 3010
【~】✪ 077 220 7377
(විමසීම්: පෙ.ව. 10.00 සිට ප.ව. 6.00 අතර අමතන්න)
# 📧 ඊ-මේල් ලිපිනය :
【~】✪ kandydehiwala@kandyselection.lk
# 📪 ලිපිනය :
【~】✪ විලාසිතා ලොව අංක 01 KANDY - දෙහිවල ශාඛාව,
【~】✪ අංක 1644, ගාලු පාර, දෙහිවල.",,
https://ikman.lk/en/ad/security-officer-gampaha-50,"Laksela Super Trade Centre
Kiribathgoda
Age 40 - 65
Salary 60,000/- +",,
https://ikman.lk/en/ad/aarkssk-nilldhaarii-raekiyaa-paepiliyaan-colombo,"ආරක්ෂක නිළධාරී රැකියා 👮‍♂️
වැඩි විස්තර සඳහා කතා කරන්න.
📞 0774791038 | 0772318544
📌️පැපිලියාන
✨️ වැටුප් - පැය 12 සේවා මුරය, සේවා මුර 45ක් පමණ සිදු කළ හැකිය.
🔹 පැය 12 සඳහා - Day 2,200/= | Night 2,200/=
✨️ මාසිකව රු 80,000 - 90,000 අතර වැටුපක් ගන්න පුලුවන්
🏠️ නවාතැන් සපයනවා
✨️ සම්මුක පරීක්ෂණ සඳහා
⏩ වයස 58ට අඩු පිරිමි අය නුගේගොඩ ලයිසියම් පාසල වෙත උදේ 9ත් හවස 4ත් අතර පැමිණෙන්න.
උප්පැන්න සහතිකය, ජ/හැ, බැංකු පොත පිටපත් රැගෙන එන්න..",,
https://ikman.lk/en/ad/security-day-gampaha,"ආරක්ෂක නිලධාරීන් අවශ්යයි
අප ආයතනය සඳහා වගකීම් සහගත, විශ්වාසවන්ත හා ක්රියාශීලී ආරක්ෂක නිලධාරීන් බඳවා ගැනේ.
සුදුසුකම්:
•	වයස අවුරුදු 35 – 55 අතර විය යුතුය.
•	ආරක්ෂක සේවයේ පළපුරුද්දක් තිබීම අමතර සුදුසුකමකි.
•	ශාරීරික හා මානසික සෞඛ්යයෙන් යුක්ත විය යුතුය.
•	යහපත් චරිතයකින් යුතු විය යුතුය.
•	දිවා  මුර සේවයේ නිරත වීමට හැකියාව තිබිය යුතුය.
වගකීම්:
•	ආයතනික දේපළ හා සේවකයින්ගේ ආරක්ෂාව තහවුරු කිරීම.
•	පැමිණීම් හා පිටවීම් නිරීක්ෂණය කිරීම.
•	සැකසහිත ක්රියාකාරකම් වාර්තා කිරීම.
•	ආරක්ෂක නීති හා ක්රියා පටිපාටි අනුගමනය කිරීම.
අප ලබා දෙන්නේ:
•	ආකර්ෂණීය වැටුප
•	අතිකාල දීමනා
•	ආහාර පහසුකම් (අදාළ නම්)
•	EPF / ETF සහ අනෙකුත් ප්රතිලාභ
අයදුම් කිරීමට දැන්ම අමතන්න.
📞 දුරකථන: 074-0328491 / 076-1486421",,
https://ikman.lk/en/ad/cctv-monitoring-colombo-1,"Position: CCTV Monitoring
Work Location: Sumathi Holdings Head Office – Bambalapitiya
Would you like to work in the CCTV division of our organization? If so, send us your application today.
Required Qualifications:
🔹 Passed G.C.E. Ordinary Level Examination.
🔹 School leavers above 18 years of age can also apply.
🔹 Both trained and untrained candidates can apply.
🔹 Should be able to work according to shift schedules.
Job Responsibilities:
🔹 Monitoring the CCTV camera systems of the company branches.
Working Hours:
7.00 a.m. – 5.00 p.m.
5.00 p.m. – 3.00 a.m.
🔹 Join us and start a stable career with a high monthly salary of up to Rs. 70,000/-!
To apply, send a message to the WhatsApp numbers below or email your completed CV to jobs@sumathi.com today.
👉 “CCTV Monitoring”
📲 WhatsApp: 071 090 4545 / 0705704235",,
https://ikman.lk/en/ad/aarkssk-nilldhaarii-pirimi-colombo,"NCG Express ආයතනය සඳහා ආරක්ෂක නිළධාරීන් බඳවා ගැනේ 👮‍♂️
⛳️ සේවා ස්ථාන - පැපිලියාන
📌️ පැපිලියාන
✨️ වැටුප් - පැය 12 සේවා මුරය, සේවා මුර 40ක් පමණ සිදු කළ හැකිය.
🔹 පැය 12 සඳහා - 2,200/=
✨️ ඇඳුම (Uniform) - සුදු කමීසය හා කලු කලිසම (VIP Kit)
🏠️ නවාතැන් සපයනවා
✨️ සම්මුක පරීක්ෂණ සඳහා
🔹 සම්මුඛ පරීක්‍ෂණ පැවැත්වෙන දිනය  : සෑම සතියේ දිනකම උදේ 9.00 සිට සවස 4.30 දක්වා,
🔹 සම්මුඛ පරීක්‍ෂණ පැවැත්වෙන වේලාව :  උදේ 9.00 සිට 4.30 දක්වා
📌 සම්මුඛ පරීක්‍ෂණය පැවැත්වෙන ස්ථානය : නුගේගොඩ ලයිසියම් ජාත්‍යන්තර පාසල වෙත පැමිණෙන්න.
♻️ රැගෙන ආ යුතු ලියකියවිලි :
🔹 උප්පැන සහතිකයේ පිටපතක්
🔹 ජා/හැ පත හා එහි පිටපතක්
🔹 බැංකු පොතෙහි පිටපතක්
වැඩි විස්තර සඳහා කතා කරන්න.
📞 0774791038 | 0772318544",,
https://ikman.lk/en/ad/security-officer-matara-6,"ආරක්ෂක නිලධා රීන් (03) වහා ම බඳවා ගැ නේ
වැ ලිගම පිහිටි ප්‍රමුඛ පෙ ළේ වෙ රළබඩ Boutique Villa Bougainvillea සං චා රක නවා තැ න්
ආයතනය සඳහා ආරක්ෂක නිලධා රීන් තිදෙ නෙ කු (03) වහා ම බඳවා ගනු ලැ බේ .
වැ ටුප සහ ප්‍රතිලා භ:
• මා සික වැ ටුප රු. 50,000/=
• EPF / ETF හිමිකම්
• නිල ඇඳුම් (Uniforms) සපයනු ලැ බේ
• ස්ථා වර හා දිගුකා ලීන රැකියා අවස්ථා ව
සේ වා කාලසටහන:
• පැ ය 12 මුර සේ වය, • මසකට දිවා මුර 10 ක්, • මසකට රා ත්‍රී මුර 10 ක, • මසකට නිවා ඩු දින
10 ක්
අපේ ක්ෂිත සුදුසුකම්:
• ආරක්ෂක, හමුදා , නා වික, ගුවන් හමුදා හෝ පො ලිස් ක්ෂේ ත්‍රයේ පළපුරුද්ද තිබීම වා සියකි
• වගකීම් සහගත, විනයගරුක සහ විශ්වා සවන්ත අයෙ කු විය යුතුය
• ශා රීරික හා මා නසික වශයෙ න් යහපත් සෞ ඛ්‍ය තත්ත්වයක් තිබිය යුතුය
• මූලික ඉං ග්‍රීසි දැ නුම වා සියකි
රැකියා වගකීම්:
• හෝ ටල් පරිශ්‍රයේ ආරක්ෂා ව සහ අධීක්ෂණය
• දිවා හා රා ත්‍රී මුර සං චා ර (Patrolling) සිදු කිරීම
• CCTV පද්ධති නිරීක්ෂණය
• රා ත්‍රී මුර කා ලයේ දී නවීන ඉලෙ ක්ට්‍රො නික Patrol Monitoring System භා විතා කර නියමිත
Check Points හරහා මුර සං චා ර සටහන් කිරීම
• අමුත්තන් හා කා ර්ය මණ්ඩලයට අවශ්‍ය සහා ය ලබා දීම
• දෛ නික ආරක්ෂක වා ර්තා පවත්වා ගෙ න යා ම
උනන්දුවක් දක්වන අයදුම්කරුවන් තම අයදුම්පත සමඟ, සේ වා නිර්දේ ශ සඳහා සම්බන්ධ
කරගත හැ කි පුද්ගලයන් දෙ දෙ නෙ කුගේ නම් හා සම්බන්ධතා විස්තරද ඉදිරිපත් කළ යුතුය.
. hemakumara@gmail.com or WhatsApp +94 76 618 87 88",,
https://ikman.lk/en/ad/aarkssk-nildhaariin-nildhaariniyn-colombo,"# 💼 තනතුර : ආරක්ෂක නිලධාරීන් / නිලධාරිනියන්
නුගේගොඩ ශාඛාව (විලාසිතා ලොව අංක 01 KANDY) සඳහා පහත සඳහන් තනතුරු සඳහා  බඳවා ගැනීම් සිදු කෙරේ.
**රෙදිපිළි ප්‍රදර්ශනාගාරය සහ KANDY Cellular සඳහා:**
ආරක්ෂක නිලධාරීන් / නිලධාරිනියන් - Security (Male/Female)
# 💠 සුදුසුකම් :
【~】✪ ආරක්ෂක නිලධාරීන්/නිලධාරිනියන්: වයස අවුරුදු 18 – 50 අතර
# ✅ ප්‍රතිලාභ :
=======================
ආකර්ශනීය වැටුපක් සහ අනෙකුත් වරප්‍රසාද රැසක් පිරිනැමේ.
- රු. 60,000/- ට වැඩි ආකර්ෂණීය වැටුප්
- නවාතැන් සහ ප්‍රවාහන පහසුකම් නොමිලේ
- ETF / EPF
- වාර්ෂික ප්‍රසාද දීමනා
- ආකර්ෂණීය දීමනා
# ✅ ඉල්ලුම් කළ යුතු ආකාරය :
=======================
ඉහත තනතුර සඳහා සුදුසූම පුද්ගලයා ඔබ නම්, මෙම දැන්වීමේ ""Apply for this job"" හරහා අයදුම් කරන්න.
එසේත් නැතිනම් සම්මුඛ පරීක්ෂණ සඳහා පහත ලිපිනයට සතියේ දිනවල පෙ.ව. 10.00 සිට ප.ව. 1.00 දක්වා පැමිණෙන්න.
**සම්මුඛ පරීක්ෂණය සඳහා අවශ්‍ය දෑ:**
- ජීව දත්ත පත්‍රිකාව (CV)
- ජාතික හැඳුනුම්පත
- අධ්‍යාපන සහතිකපත්
- උප්පැන්න සහතිකය
- ග්‍රාම සේවා සහතිකය
# 📳 දුරකථන අංකය :
=======================
**Kandy Selection:** 074 230 5589 / 0112 816 980 / 071 590 6481
**Kandy Cellular:** 071 934 4904 / 0112 816 986
(පෙ.ව. 10.00 සිට ප.ව. 6.00 අතර අමතන්න)
# 📧 ඊ-මේල් ලිපිනය :
=======================
kandynugegoda@kandyselection.lk
# 📪 ලිපිනය :
=======================
300, හයිලෙවල් පාර, නුගේගොඩ
(Kandy Selection - විලාසිතා ලොව අංක 01)",,
https://ikman.lk/en/ad/security-officers-kandy,"රැකියා ඇබෑර්තුව
තනතුර: ආරක්ෂක නිලධාරී / ජ්‍යෙෂ්ඨ ආරක්ෂක නිලධාරී
#රැකියා වර්ගය
* පූර්ණ කාලීන (Full-Time)
* පැය 12ක සේවා මුර ක්‍රමය
* මසකට සේවා මුර 21ක්
#වැටුප
* රු. 50,000/- සිට ඉහළට
#ප්‍රධාන වගකීම්
* නේවාසිකයන්, අමුත්තන් සහ දේපළවල ආරක්ෂාව තහවුරු කිරීම.
* ප්‍රවේශ පාලන ක්‍රමවේද සහ අමුත්තන්ගේ ලියාපදිංචි කිරීම.
* පරිශ්‍රයේ නිරන්තර ආරක්ෂක සෝදිසි කිරීම් සිදු කිරීම.
* හදිසි අවස්ථා සහ ආරක්ෂක සිදුවීම්වලදී කඩිනමින් ක්‍රියා කිරීම.
* දෛනික ආරක්ෂක වාර්තා හා සිදුවීම් වාර්තා පවත්වාගෙන යාම.
* නේවාසිකයන් හා අමුත්තන් සමඟ වෘත්තීයමය හා ගෞරවාන්විත සම්බන්ධතාවයක් පවත්වා ගැනීම.
* විශේෂ අමුත්තන් (VIP) සහ විශේෂ උත්සව සඳහා ආරක්ෂක සහාය සැපයීම.
📍 සේවා ස්ථානයට පහසුවෙන් පැමිණිය හැකි මහනුවර හා අවට ප්‍රදේශවල පදිංචි අපේක්ෂකයින්ට විශේෂ ප්‍රමුඛතාව හිමිවේ.
#සුදුසුකම්
* වයස අවුරුදු 35 සිට 50 දක්වා වන කාන්තා අපේක්ෂිකාවන්.
* පහත සඳහන් ආයතනවල සේවා පළපුරුද්ද තිබිය යුතුය:
* ශ්‍රී ලංකා යුද හමුදාව / නාවික හමුදාව / ගුවන් හමුදාව
* ශ්‍රී ලංකා පොලීසිය
* රාජ්‍යතාන්ත්‍රික (Diplomatic) ආරක්ෂක සේවා
* VIP ආරක්ෂක සේවා
* රාජ්‍ය හෝ පෞද්ගලික අංශයේ සේවයෙන් නීත්‍යානුකූලව විශ්‍රාම ලබා ඇති කාන්තා අපේක්ෂිකාවන් පමණක් අයදුම් කළ යුතුය.
### අමතර සුදුසුකම්
* සංචාරක ක්ෂේත්‍රයේ හෝ හෝටල් කර්මාන්තයේ පළපුරුද්දක් තිබීම විශේෂ වාසියක් වේ.
* සුඛෝපභෝගී නේවාසික සංකීර්ණ, හෝටල් හෝ සේවා නිවාස ආරක්ෂාව පිළිබඳ පළපුරුද්ද.
* ප්‍රථමාධාර හෝ හදිසි ප්‍රතිචාර පුහුණුවක් තිබීම.
* මූලික පරිගණක දැනුම.
#අවශ්‍ය පුද්ගලික ගුණාංග
* විනයගරුක හා වගකීම් සහගත වීම.
* අවංකභාවය සහ වෘත්තීය ආකල්පය.
* හදිසි අවස්ථාවලදී කාර්යක්ෂමව කටයුතු කිරීමේ හැකියාව.
* හොඳ සන්නිවේදන හා මහජන සම්බන්ධතා කුසලතා. (ඉංග්‍රීසි භාෂාවෙන් කථන හා ලිඛිත සන්නිවේදන හැකියාවක් තිබීම අමතර සුදුසුකමක් ලෙස සලකනු ලැබේ.)
#සේවා ස්ථානය
Dynasty Residence Kandy
51/2 Srimath Kudarathwatta Mawatha, Kandy
අයදුම් කිරීම
සුදුසුකම් සපුරාලන අපේක්ෂකයින් තම ජීවදත්ත පත්‍රිකාව (CV) සහ අදාළ සේවා සහතික සමඟ අයදුම්පත් ඉදිරිපත් කරන ලෙස කාරුණිකව දන්වා සිටිමු.
077 441 8559",,
https://ikman.lk/en/ad/aarkssk-nilldhaarii-kurunnaaegl-kurunegala,"ආරක්ෂක නිළධාරී රැකියා 👮‍♂️-කුරුණෑගල
⛳️ සේවා ස්ථාන
📌️ කුරුණෑගල
✨️ වැටුප් - පැය 12 සේවා මුරය, සේවා මුර 40ක් පමණ සිදු කළ හැකිය.
🔹 පැය 12 සඳහා - 2,200/=
✨️ මාසිකව රු 80,000 - 90,000 අතර වැටුපක් ගන්න පුලුවන්
🏠️ නවාතැන් සපයනවා
✨️ සම්මුක පරීක්ෂණ සඳහා
⏩ වයස 58ට අඩු පිරිමි අය නුගේගොඩ ලයිසියම් පාසල වෙත උදේ 9ත් හවස 4ත් අතර පැමිණෙන්න.
උප්පැන්න සහතිකය, ජ/හැ, බැංකු පොත පිටපත් රැගෙන එන්න..
වැඩි විස්තර සඳහා කතා කරන්න.
📞 0774791038 | 0773269779",,
https://ikman.lk/en/ad/aarkssk-nilldhaarii-paandur-kalutara-1,"ආරක්ෂක නිළධාරී රැකියා 👮‍♂️-පානදුර
⛳️ සේවා ස්ථාන -පානදුර
📌️ පානදුර
✨️ වැටුප් - පැය 12 සේවා මුරය, සේවා මුර 45ක් පමණ සිදු කළ හැකිය.
🔹 පැය 12 සඳහා - 2,200/=
✨️ මාසිකව රු 80,000 - 90,000 අතර වැටුපක් ගන්න පුලුවන්
🏠️ නවාතැන් සපයනවා
✨️ සම්මුක පරීක්ෂණ සඳහා
⏩ වයස 58ට අඩු පිරිමි අය නුගේගොඩ ලයිසියම් පාසල වෙත උදේ 9ත් හවස 4ත් අතර පැමිණෙන්න.
උප්පැන්න සහතිකය, ජ/හැ, බැංකු පොත පිටපත් රැගෙන එන්න..
වැඩි විස්තර සඳහා කතා කරන්න.
📞 0774791038 | 0772318544",,
https://ikman.lk/en/ad/aarkssk-nilldhaarii-vttl-gampaha-1,"ආරක්ෂක නිළධාරී රැකියා 👮‍♂️
⛳️ සේවා ස්ථාන -වත්තල
📌️ වත්තල
✨️ වැටුප් - පැය 12 සේවා මුරය, සේවා මුර 45ක් පමණ සිදු කළ හැකිය.
🔹 පැය 12 සඳහා - 2,200/=
✨️ මාසිකව රු 80,000 - 90,000 අතර වැටුපක් ගන්න පුලුවන්
🏠️ නවාතැන් සපයනවා
✨️ සම්මුක පරීක්ෂණ සඳහා
⏩ වයස 58ට අඩු පිරිමි අය නුගේගොඩ ලයිසියම් පාසල වෙත උදේ 9ත් හවස 4ත් අතර පැමිණෙන්න.
උප්පැන්න සහතිකය, ජ/හැ, බැංකු පොත පිටපත් රැගෙන එන්න.. 👮‍♂️
වැඩි විස්තර සඳහා කතා කරන්න.
📞 0774791038 | 0772318544",,
https://ikman.lk/en/ad/aarkssk-nilldhaarii-nugeegodd-colombo,"ආරක්ෂක නිළධාරී රැකියා 👮‍♂️
වැඩි විස්තර සඳහා කතා කරන්න.
📞 0774791038 | 0773269779
⛳️ සේවා ස්ථාන -
📌️ නුගේගොඩ
✨️ වැටුප් - පැය 12 සේවා මුරය, සේවා මුර 45ක් පමණ සිදු කළ හැකිය.
🔹 පැය 12 සඳහා - 2,200/= |
✨️ මාසිකව රු 80,000 - 90,000 අතර වැටුපක් ගන්න පුලුවන්
🏠️ නවාතැන් සපයනවා
✨️ සම්මුක පරීක්ෂණ සඳහා
⏩ වයස 58ට අඩු පිරිමි අය නුගේගොඩ ලයිසියම් පාසල වෙත උදේ 9ත් හවස 4ත් අතර පැමිණෙන්න.
උප්පැන්න සහතිකය, ජ/හැ, බැංකු පොත පිටපත් රැගෙන එන්න..",,
https://ikman.lk/en/ad/knnisstt-aarkssk-nildhaariin-divaa-kaalyee-raajkaariy-pmnni-kollmb-07-colombo,"# තනතුර : කණිෂ්ට  ආරක්ෂක නිලධාරීන්  – කොළඹ 07 ( Colombo - 07)
=========================
තනතුර : (JSO) - (දිවා කාලයේ රාජකාරිය පමණි)
කොළඹ 07 පිහිටි  - ප්‍රමුඛ ජාත්‍යන්තර පාසලක් සදහා ආරක්ෂක නිලධාරීන් අවශ්‍ය වේ
තනතුර : (LSO)
~ නවාතැන් පහසුකම් , සහන මිලට ආහාර
# ප්‍රතිලාභ :
•	ආකර්ශනීය වැටුපක් සහ අනෙකුත් වරප්‍රසාද රැසක් පිරිනැමේ.
•	නොමිලේ නවාතැන් පහසුකම්
•	වාර්ෂික සහ ද්විවාර්ෂික වැටුප් වර්ධක
•	EPF / ETF , වෛද්‍ය , සුභසාධන, පහසුකම්
•	වැටුප මසකට රු. 60,000 / = සිට ඉහළට
•	පැය 12 ක සේවා මුරයක්මු සඳහා Rs. 2,000/=
# ඉල්ලුම් කළ යුතු ආකාරය :
ඉහත තනතුර සඳහා සුදුසූම පුද්ගලයා ඔබ නම්, මෙම දැන්වීමේ ""Apply for this job"" හි සඳහන් දුරකථන අංකය හරහා අයඳුම් කරන්න.
වැඩි විස්තර සඳහා මෙම දැන්වීමේ ""Apply for this job"" හි සඳහන් දුරකථන අංකය හරහා විමසන්න.
Tel. No – 0740118579 / 0772862177 / 0772384498 / 0112580536",,
https://ikman.lk/en/ad/kaantaa-aarkssk-nildhaariin-lso-kollmb-07-colombo,"කොළඹ 07 පිහිටි  - ප්‍රමුඛ ජාත්‍යන්තර පාසලක් සදහා ආරක්ෂක නිලධාරීන් අවශ්‍ය වේ
තනතුර : (LSO)
~ නවාතැන් පහසුකම් , සහන මිලට ආහාර
# ප්‍රතිලාභ :
•	ආකර්ශනීය වැටුපක් සහ අනෙකුත් වරප්‍රසාද රැසක් පිරිනැමේ.
•	නොමිලේ නවාතැන් පහසුකම්
•	වාර්ෂික සහ ද්විවාර්ෂික වැටුප් වර්ධක
•	EPF / ETF , වෛද්‍ය , සුභසාධන, පහසුකම්
•	වැටුප මසකට රු. 45,000 / = සිට ඉහළට
•	පැය 12 ක සේවා මුරයක්මු සඳහා Rs. 1900/=
# ඉල්ලුම් කළ යුතු ආකාරය :
ඉහත තනතුර සඳහා සුදුසූම පුද්ගලයා ඔබ නම්, මෙම දැන්වීමේ ""Apply for this job"" හි සඳහන් දුරකථන අංකය හරහා අයඳුම් කරන්න.
වැඩි විස්තර සඳහා මෙම දැන්වීමේ ""Apply for this job"" හි සඳහන් දුරකථන අංකය හරහා විමසන්න.",,
https://ikman.lk/en/ad/doorman-colombo-2,"Doorman – Ninewells Hospital
🏥 Ninewells Hospital
📍 නාරාහේන්පිට, කොළඹ 05
සුදුසුකම්
වයස අවුරුදු 20 – 45 අතර
හොඳ පෞරුෂත්වය හා සන්නිවේදන හැකියාව
රෝහල් හෝ ආරක්ෂක සේවා පළපුරුද්ද තිබේ නම් අමතර සුදුසුකමක් වේ
රෝස්ටර් පදනම මත සේවය කිරීමට හැකියාව
රෝගීන් හා අමුත්තන් සමඟ මිත්‍රශීලීව කටයුතු කිරීමේ හැකියාව
ප්‍රධාන වගකීම්
රෝහලට පැමිණෙන රෝගීන් හා අමුත්තන් පිළිගැනීම
ප්‍රධාන දොරටුවේ ආරක්ෂාව සහ විධිමත් පාලනය
රෝගීන්ට හා අමුත්තන්ට අවශ්‍ය මාර්ගෝපදේශ ලබාදීම
රෝහල් නීති හා ආචාර පිළිපැදීම සහතික කිරීම",,
https://ikman.lk/en/ad/security-officer-for-hire-in-ambathale-delgoda-and-kirulapone-colombo,"ආරක්ෂක නිළධාරී - පිරිමි
පොලිතීන් නිෂ්පාදන ආයතනයක් වන අප ආයතනයේ අභ්‍යන්තර ආරක්ෂක නිළධාරී තනතුර සඳහා රැකියා අවස්ථා ඇත.
සුදුසුකම් :-
•	ත්‍රිවිධ හමුදා සේවා පළපුරුද්ද (විශ්‍රාමික හෝ නීත්‍යානුකූලව ඉවත් වූ) හෝ ක්ෂේත්‍රයේ පළපුරුද්ද තිබිය යුතුයි.
•	වයස අවු. 55ට අඩු මනා කායික හා මානසික සෞඛ්‍ය තත්වයකින් හෙබි විය යුතුයි.
•	ක්‍රියාශීලි හා ශක්තිමත් පෞරුෂයකින් මෙන්ම මනා විනයක් සහිතව හා විශ්වාසවන්තව කටයුතු කළ යුතුයි.
(ආහාර පාන, නවාතැන් පහසුකම් හා නිල ඇඳුම් සපයනු ලැබේ.)
අඹතලේ ,දෙල්ගොඩ හා කිරුලපන යන සේවා ස්ථාන සඳහා බඳවා ගනු ලැබේ.
දුරකථන අංක :- 077 008 4165
ඉහත දුරකථන අංකයට ඔබේ අයදුම්පත වට්ස්ඇප් (Whatsapp) කරන්න.
ලිපිනය :- Polydime Plastics කර්මාන්ත ශාලාව,
අංක 27, පරණ අඹතලේ පාර, මුල්ලේරියාව උතුර, අංගොඩ.",,
https://ikman.lk/en/ad/inventory-handling-officer-aarkssk-nildhaarii-hoo-nildhaariini-ex-army-colombo,"ආරක්ෂක නිලධාරී  හෝ  නිලධාරීනි  ---වයස අවුරුදු 55 ට අඩු
BAMBALAPITYA
💠 ලේඛන අනුව පැමිණෙන සහ පිටතට යන භාණ්ඩ පරීක්ෂා කිරීම..
💠 ඉන්වොයිස් සහ භාණ්ඩ ලැබුණු සටහන් අනුව ලැබුණු සහ නිකුත් කරන ලද සියලුම
භාණ්ඩවල වාර්තා සහ  බෙදා හැරීමේ සටහන් ආදිය නිසි ලෙස තබා ගැනීම සහ
💠 දෝෂ සහිත හෝ හානි වූ භාණ්ඩ හඳුනාගෙන සැපයුම්කරුවන්ට ආපසු ලබා දීම
💠 පාරිභෝගිකයින්ට ආචාර සහගතව සහ  විනීතව සහාය ලබා දීම
✅  අ.පො.ස. සාමාන්ය පෙළ සමත්. සාමාන්ය පෙළ
✅ සමාන තනතුරක වසර 01ක පළපුරුද්ද
✅ පාරිභෝගික ඉලෙක්ට්රොනික උපකරණ පිළිබඳ පූර්ව පළපුරුද්ද නිශ්චිත වාසියකි
✅  වයස අවුරුදු 55 ට අඩු කාන්තා හෝ පිරිමි විශ්රාමික හමුදා නිලධාරියෙකු හෝ
ඒ හා සමාන අයෙකු සඳහා ප්රමුඛතාවය
✅ දිගු වේලාවක් වැඩ කිරීමට කැමැත්ත
📧 අයදුම් කරන ආකාරය:
මෙම දැන්වීමේ දින සිට දින 14 ක් ඇතුළත, ඉහළින් පැහැදිලිව සඳහන් කර ඇති තනතුර සමඟ, ඥාතීන් නොවන නිර්දේශකයින් දෙදෙනෙකුගේ විස්තර සමඟ ඔබේ CV එක යවන්න.
කරුණාකර Ikman ද්වාරය හරහා අයදුම් කරන්න හෝ ඔබේ CV එක hr@dinapalagroup.com වෙත විද්යුත් තැපෑලෙන් එවන්න
Inventory Handling Officer    - Male or Female  below 55 Year
BAMBALAPITYA
💠Checking Incoming and outgoing goods as per documents..
💠Keeping records of all received and issued goods as per invoices and Goods Received Notes and Deliver notes etc.
💠Ensure timely dispatch of matrials.
💠Assist with in-store events and promotional displays.
💠Identify and return defective or damaged goods to suppliers.
💠Record all return transactions and maintain proper documentation
during dispatch of returned goods.
💠Greet customers, provide product information, and assist with
purchases and returns
f
✅Passed G.C.E. O/L
✅ 01–02 years of experience in a similar position
✅ Prior experience in consumer electronics is a definite advantage
✅ Strong communication, negotiation and interpersonal skills
✅ Willing to work long hours if required
📧 How to Apply:
Send your CV with the position mentioned clearly at the top, along with details of two non-related referees, within 14 days of this advertisement.   OR
You can either come for an walk interview o our Branch located at 📍  Dinapala Super Centre, No. 308, Galle Road, Bambalapitiya  during any week days after 11:00 a.m.
OR
Please apply through the Ikman portal  or  email your CV  to hr@dinapalagroup.com",,
https://ikman.lk/en/ad/security-officer-colombo-266,"කොළඹ පිහිටි ආයතනයක් සඳහා ආරක්ෂක නිලධාරීන් කඩිනමින්  බඳවා ගැනේ.
- වයස 45 ට අඩු
- උස අඩි 5 අඟල් 7 ට නො අඩු
- මුරයක් සඳහා වැටුප : 2300",,
https://ikman.lk/en/ad/inventory-handling-officer-nugegoda-colombo-1,"Dinapala Super Center - No.40, Nawala Road, Nugegoda
Inventory Handling Officer
💠Receive, inspect, and store goods properly.
💠Maintain inventory records and stock levels.
💠Ensure timely dispatch of materials.
💠Assist with in-store events and promotional displays.
💠Identify and return defective or damaged goods to suppliers.
💠Record all return transactions and maintain proper documentation during dispatch of returned goods.
💠Prepare documentation (CR, FN, FI, GRN, SRN) and prepare notes on reducing and
💠Greet customers, provide product information, and assist with purchases and returns
💠Maintain accurate records when receiving goods from customers for repair, and ensure proper documentation when dispatching the repaired goods back to the respective customers
💠Work at assigned Dinapala branches based on operational requirements.
✅Passed G.C.E. O/L
✅ 01–02 years of experience in a similar position
✅ Prior experience in consumer electronics is a definite advantage
✅ Strong communication, negotiation and interpersonal skills
✅ Willing to work long hours if required
📧 How to Apply:
Send your CV with the position mentioned clearly at the top, along with details of two non-related referees, within 14 days of this advertisement.
Please apply through the Ikman portal
SEND US YOUR CV
E-Mail Us
📧 hr.admin@dinapalagroup.com
VISIT OUR WEBSITE
🌐 www.dinapalagroup.lk",,
https://ikman.lk/en/ad/aarkssk-nilldhaa-rii-colombo,"ආරක්ෂක නිළධාරී රැකියා 👮‍♂️
වැඩි විස්තර සඳහා කතා කරන්න.
📞 0774791038 | 0772318544
⛳️ සේවා ස්ථාන -
📌️බොරැලස්ගමුව
✨️ වැටුප් - පැය 12 සේවා මුරය, සේවා මුර 45ක් පමණ සිදු කළ හැකිය.
🔹 පැය 12 සඳහා - Day 2,200/= | Night 2,400/=
✨️ මාසිකව රු 80,000 - 90,000 අතර වැටුපක් ගන්න පුලුවන්
🏠️ නවාතැන් සපයනවා
✨️ සම්මුක පරීක්ෂණ සඳහා
⏩ වයස 58ට අඩු පිරිමි අය නුගේගොඩ ලයිසියම් පාසල වෙත උදේ 9ත් හවස 4ත් අතර පැමිණෙන්න.
උප්පැන්න සහතිකය, ජ/හැ, බැංකු පොත පිටපත් රැගෙන එන්න..",,
https://ikman.lk/en/ad/security-officer-colombo-265,"ආරක්ෂක නිළධාරී රැකියා 👮‍♂️
වැඩි විස්තර සඳහා කතා කරන්න.
📞 0774791038 | 0772318544
⛳️ සේවා ස්ථාන -
📌️ ගල්කිස්ස
✨️ වැටුප් - පැය 12 සේවා මුරය, සේවා මුර 45ක් පමණ සිදු කළ හැකිය.
🔹 පැය 12 සඳහා - Day 2,200/= | Night 2,400/=
✨️ මාසිකව රු 80,000 - 90,000 අතර වැටුපක් ගන්න පුලුවන්
🏠️ නවාතැන් සපයනවා
✨️ සම්මුක පරීක්ෂණ සඳහා
⏩ වයස 58ට අඩු පිරිමි අය නුගේගොඩ ලයිසියම් පාසල වෙත උදේ 9ත් හවස 4ත් අතර පැමිණෙන්න.
උප්පැන්න සහතිකය, ජ/හැ, බැංකු පොත පිටපත් රැගෙන එන්න..",,
https://ikman.lk/en/ad/security-officer-kurunegala-6,"ආරක්ෂක නිළධාරී රැකියා 👮‍♂️
වැඩි විස්තර සඳහා කතා කරන්න.
📞 0774791038 | 0772318544
⛳️ සේවා ස්ථාන -
📌️ කුරුණෑගල
✨️ වැටුප් - පැය 12 සේවා මුරය, සේවා මුර 45ක් පමණ සිදු කළ හැකිය.
🔹 පැය 12 සඳහා - Day 2,200/= | Night 2,400/=
✨️ මාසිකව රු 80,000 - 90,000 අතර වැටුපක් ගන්න පුලුවන්
🏠️ නවාතැන් සපයනවා
✨️ සම්මුක පරීක්ෂණ සඳහා
⏩ වයස 58ට අඩු පිරිමි අය නුගේගොඩ ලයිසියම් පාසල වෙත උදේ 9ත් හවස 4ත් අතර පැමිණෙන්න.
උප්පැන්න සහතිකය, ජ/හැ, බැංකු පොත පිටපත් රැගෙන එන්න..
දිනෙන් දින අලුත්වන ආරක්ෂක අංශයේ රිකිය අවස්ථා පිලිබදව දන ගැනීම සඳහා එක්වන්න අපගේ Whatsapp සමුහයට
https://chat.whatsapp.com/GDpNbKCdWAI5KyOkSF2Mcf",,
https://ikman.lk/en/ad/aarkssk-nilldhaarii-anuraadhpur-anuradhapura,"ආරක්ෂක නිළධාරී රැකියා 👮‍♂️
වැඩි විස්තර සඳහා කතා කරන්න.
📞 0774791038 | 0772318544
⛳️ සේවා ස්ථාන -
📌️ අනුරාධපුර
✨️ වැටුප් - පැය 12 සේවා මුරය, සේවා මුර 45ක් පමණ සිදු කළ හැකිය.
🔹 පැය 12 සඳහා - 2,200/=
✨️ මාසිකව රු 80,000 - 90,000 අතර වැටුපක් ගන්න පුලුවන්
🏠️ නවාතැන් සපයනවා
✨️ සම්මුක පරීක්ෂණ සඳහා
⏩ වයස 58ට අඩු පිරිමි අය නුගේගොඩ ලයිසියම් පාසල වෙත උදේ 9ත් හවස 4ත් අතර පැමිණෙන්න.
උප්පැන්න සහතිකය, ජ/හැ, බැංකු පොත පිටපත් රැගෙන එන්න..",,
https://ikman.lk/en/ad/clerk-cum-lady-security-officer-lso-matara-matara-2,"Clerk Cum Lady Security Officer (LSO) - MATARA
A reputed GROUP OF Company urgently requires  Clerk Cum Lady Security Officer (LSO) -  for immediate recruitment.
Whatsapp your CV to: 0768517959
Age: Below 50 years.
Education:  Ordinary Level / A/Level
2 years experience in related field.
Computer knowledge added qualification.
Working days: Monday to Friday 8.30 am to 5.00 pm  and Saturday half a day
Monthly Salary: Basic Rs. 60,000/- - 65,000 + OT + Company benefits offered.
Please apply: cplanka@outlook.com
Whatsapp: 0768517959
Phone: 0774142103 / 0779647734",,
https://ikman.lk/en/ad/aarkssk-nilldhaarii-kurunegala-1,"බිංගිරිය පිහිටි කර්මාන්ත ශාලාවක් සඳහා වයස අවුරුදු 35 ත් -  50 ත් අතර පිරිමි  ආරක්ෂක නිළධාරීන්
✪ බිංගිරිය අවට පදිංචි මහත්වරුන් හට විශේෂ අවස්තා.
✪ ඉහල වැටුප් / දීමනා සහ වරප්‍රසාද 75,000- 80,000   නවාතැන් දෙනු නොලැබේ
✅ අයදුම් කළ යුතු ආකාරය :
♻️ ඉහත තනතුර සඳහා සුදුසූම පුද්ගලයා ඔබ නම්, ඔබගේ අයදුම්පත hrdinu4@gmail.com  ඊමේල් ලිපිනයට හෝ 0713537581  Whatsapp අංකයට එවන්න",,
https://ikman.lk/en/ad/security-officer-control-car-park-gampaha,,,
https://ikman.lk/en/ad/aarkssk-nilldhaariin-kddinmin-bdvaagnu-laebee-colombo-1,"හමීඩියා ආයතනය සදහා ආරක්ෂක නිළධාරීන් කඩිනමින් බදවාගනු ලැබේ.
සුදුසුකම් :
වයස අවු : 60ට අඩු
ත්‍රිවිධ හමුදාවේ හා පොලීසියේ විශ්‍රාමික නිලධාරින් විශේෂයෙන් සලකා බැලේ
වරප්‍රසාද :
ආරම්භක මුළු වැටුප රැ:60,000 සිට
EPF / ETF ගෙවීම්
අතීකාල දීමනා
වාර්ෂික නිළ ඇදුම් ලබාදීම
වා‍ර්ෂික සහ උත්සව ප්‍රසාද දීමනා
සුභසාධන පහසුකම්.
රුපියල් මිලියන 2ක ජිවීත රක්ෂණාවරණක්
සම්මුඛ පරීක්ශන : සතියේ දිනවල පෙ : ව 9.00 සිට ප:ව 4.00 දක්වා අපගේ ප්‍රධාන කාර්යාලයට පහත සහතිකපත් රැගෙන පැමිණෙන්න.
ග්‍රාම නිලධාරි සහතිකය
උප්පැන්න සහතිකය
සේවා සහතික
වැඩි විස්තර සදහා :  0772655807 / 0766235047",,
https://ikman.lk/en/ad/paatukaappu-uttiyookttr-yaalllppaannm-jaffna-1,"🟣பாதுகாப்பு உத்தியோகத்தர்
(பகல் நேரம் மற்றும் இரவு நேர பணி)
🟢 தகுதிகள்
➤ வயது வரம்பு : 35 – 60
➤ குறைந்தபட்ச கல்வித்தகுதி : G.C.E O/L தேர்ச்சி
➤ குற்றப் பின்னணி இல்லாதிருத்தல் அவசியம்
➤ நல்ல உடல் தகுதி மற்றும் ஒழுக்கம்
➤ ஓட்டுநர் திறன் விரும்பத்தக்கது.
(நோயாளர் காவு ஊர்தி)
விண்ணப்பிக்க & மேலதிக விபரங்களுக்கு
☎️ +94 212 255 157
📱 +94 703 086 831
📧 Greenmemorial2010@gmail.com
📍 Green Memorial Hospital,",,
https://ikman.lk/en/ad/security-officer-colombo-264,"👮‍♂️ ආරක්ෂක නිළධාරී රැකියා (SO)👮‍♂️
⛳ සේවා ස්ථාන - ගල්කිස්ස | නුගේගොඩ | වත්තල
✨️ වැටුප් - පැය 12 සේවා මුරය, සේවා මුර 45ක් පමණ සිදු කළ හැකිය.
🔹 පැය 12 සඳහා - 2,200/=
✨️ මාසිකව රු 80,000 - 90,000 අතර වැටුපක් ගන්න පුලුවන්
✅ අයදුම් කළ යුතු ආකාරය :
🔹 සම්මුඛ පරීක්‍ෂණ පැවැත්වෙන දිනය  : සෑම සතියේ දිනකම උදේ 9.00 සිට සවස 4.30 දක්වා,
🔹 සම්මුඛ පරීක්‍ෂණ පැවැත්වෙන වේලාව :  උදේ 9.00 සිට 4.30 දක්වා
📌 සම්මුඛ පරීක්‍ෂණය පැවැත්වෙන ස්ථානය : නුගේගොඩ ලයිසියම් ජාත්‍යන්තර පාසල වෙත පැමිණෙන්න.
✅ රැගෙන ආ යුතු ලියකියවිලි :
🔹උප්පැන සහතිකයේ පිටපත්
🔹ජා/හැ පත හා එහි පිටපතක්
🔹 බැංකු පොතෙහි පිටපතක්
☎️ වැඩි විස්තර දැනගැනීම සඳහා 0772318544 | 0774791038",,
https://ikman.lk/en/ad/security-need-in-kahathuduwa-colombo,"තනතුර : ආරක්ෂක නිලධාරි
කහතුඩුව පිහිටි කර්මාන්ත ශාලාවක් සදහා
🎗️සුදුසුකම් :
🎗️වයස අවුරුදු 28 සිට 55 දක්වා.
🎗️නිරෝගී පුද්ගලයකු විය යුතුය.
🎗️කැපවීම, විනය සහ වගකීම් සහගත බව තිබිය යුතුය.
🎗️ප්‍රතිලාභ :
එක් මුරයකට රු. 2000
ආහාර හා නවාතැන් සැපයේ.
🎗️ඉල්ලුම් කළ යුතු ආකාරය :
ඉහත තනතුර සඳහා අදම කතා කරන්න.
0767195635",,
https://ikman.lk/en/ad/night-security-guard-galle,"For Rockwall Boutique Hotel (Induruwa)
Position: Night Security Guard
VACANCY: Night Security Guard – Rockwall Boutique Hotel (Induruwa)
We are looking for a disciplined and reliable Security Guard for the Night Shift at Rockwall Boutique Hotel, Induruwa.
Requirements:
Previous experience in hotel security is preferred.
Benefits: Competitive salary + Service Charge and meals on duty provided.
To Apply:
Please call or WhatsApp immediately: 📞 076 183 1236 📞 077 738 8883",,
https://ikman.lk/en/ad/aarkssk-nilldhaarii-vttl-gampaha,"👮‍♂️ ආරක්ෂක නිළධාරී රැකියා (SO)👮‍♂️
⛳ සේවා ස්ථාන - වත්තල
✨️ වැටුප් - පැය 12 සේවා මුරය, සේවා මුර 45ක් පමණ සිදු කළ හැකිය.
🔹 පැය 12 සඳහා - 2,200/=
✨️ ඇඳුම (Uniform) - සුදු කමීසය හා කලු කලිසම (VIP Kit)
✨️ මාසිකව රු 80,000 - 90,000 අතර වැටුපක් ගන්න පුලුවන්
✅ අයදුම් කළ යුතු ආකාරය :
🔹 සම්මුඛ පරීක්‍ෂණ පැවැත්වෙන දිනය  : සෑම සතියේ දිනකම උදේ 9.00 සිට සවස 4.30 දක්වා,
🔹 සම්මුඛ පරීක්‍ෂණ පැවැත්වෙන වේලාව :  උදේ 9.00 සිට 4.30 දක්වා
📌 සම්මුඛ පරීක්‍ෂණය පැවැත්වෙන ස්ථානය : නුගේගොඩ ලයිසියම් ජාත්‍යන්තර පාසල වෙත පැමිණෙන්න.
✅ රැගෙන ආ යුතු ලියකියවිලි :
🔹උප්පැන සහතිකයේ පිටපත්
🔹ජා/හැ පත හා එහි පිටපතක්
🔹 බැංකු පොතෙහි පිටපතක්
☎️ වැඩි විස්තර දැනගැනීම සඳහා 0772318544 | 0774791038",,
https://ikman.lk/en/ad/aarkssk-nilldhaarii-colombo-6,"👮‍♂️ ආරක්ෂක නිළධාරී රැකියා (SO)👮‍♂️
⛳ සේවා ස්ථාන - නුගේගොඩ
✨️ වැටුප් - පැය 12 සේවා මුරය, සේවා මුර 45ක් පමණ සිදු කළ හැකිය.
🔹 පැය 12 සඳහා - 2,200/=
✨️ ඇඳුම (Uniform) - සුදු කමීසය හා කලු කලිසම (VIP Kit)
✨️ මාසිකව රු 80,000 - 90,000 අතර වැටුපක් ගන්න පුලුවන්
🏠️ නවාතැන් සපයනවා
✅ අයදුම් කළ යුතු ආකාරය :
🔹 සම්මුඛ පරීක්‍ෂණ පැවැත්වෙන දිනය  : සෑම සතියේ දිනකම උදේ 9.00 සිට සවස 4.30 දක්වා,
🔹 සම්මුඛ පරීක්‍ෂණ පැවැත්වෙන වේලාව :  උදේ 9.00 සිට 4.30 දක්වා
📌 සම්මුඛ පරීක්‍ෂණය පැවැත්වෙන ස්ථානය : නුගේගොඩ ලයිසියම් ජාත්‍යන්තර පාසල වෙත පැමිණෙන්න.
✅ රැගෙන ආ යුතු ලියකියවිලි :
🔹උප්පැන සහතිකයේ පිටපත්
🔹ජා/හැ පත හා එහි පිටපතක්
🔹 බැංකු පොතෙහි පිටපතක්
☎️ වැඩි විස්තර දැනගැනීම සඳහා 0772318544 | 0774791038",,
https://ikman.lk/en/ad/security-officer-piliyandala-colombo,"Security job vacancies in well known company
>  Both men and women are recruited
> Salary approximately rs 100,000
> To Colombo area
Contact –  0718485560",,
https://ikman.lk/en/ad/kaantaa-aarkssk-nildhaariniyn-colombo,"🚨 තනතුර - කාන්තා ආරක්ෂක නිලධාරිනියන් (LSO) 🚨
📍 සේවා ස්ථානය : මහරගම (හයිලෙවල් පාර ආසන්නයේ)
⏰ සේවා මුරය - 08:45 AM – 06.30 PM
🏦 EPF / ETF
👕 යුනිෆෝම් ලබාදේ
✨️ සේවක සුබසාධක අරමුදල මඟින් ණය පහසුකම්
✨️ පාරිතෝෂික දීමනා
✅ අයදුම් කළ යුතු ආකාරය :
✨️  සම්මුඛ පරීක්‍ෂණ පැවැත්වෙන දිනය  : සෑම සතියේ දිනකම උදේ 9.00 සිට සවස 4.30 දක්වා,
✨️ සම්මුඛ පරීක්‍ෂණ පැවැත්වෙන වේලාව :  උදේ 9.00 සිට 4.30 දක්වා
✨️ සම්මුඛ පරීක්‍ෂණය පැවැත්වෙන ස්ථානය  : නුගේගොඩ ලයිසියම් ජාත්‍යන්තර පාසල වෙත පැමිණෙන්න.
♻️ රැගෙන ආ යුතු ලියකියවිලි :
🔹උප්පැන සහතිකයේ පිටපත්
🔹ජා/හැ පත හා එහි පිටපතක්
🔹 බැංකු පොතෙහි පිටපතක්
☎️ වැඩි විස්තර දැනගැනීම සඳහා 0774791038  |  0772318544  |  0776398532",,
https://ikman.lk/en/ad/paatukaappu-uttiyookttr-yaalllppaannm-jaffna,"யாழ்ப்பாணத்தில் உள்ள பிரபலமான மருந்தகம் ஒன்றுக்கு பின்வரும் பதவிகளுக்கு ஊழியர்கள் தேவை.
🔮Security
பாதுகாப்பு உத்தியோகத்தர்
👉 ஆண்கள் மட்டும்
♦️குறித்த துறையில் முன்னனுபவம் இருத்தல் வேண்டும்.
💰சம்பளம் பேசி தீர்மானிக்கப்படும்.
📲தொடர்புகளுக்கு:
0752217661
தொடர்பு கொள்ள வேண்டிய நேரம் Monday - Saturday (9.00 am-6.00pm)",,
https://ikman.lk/en/ad/security-officer-rajagiriya-colombo,"🎯 JOB VACANCY
💼 SECURITY OFFICER
(රාජගිරිය)
📍 Location: රාජගිරිය
🏢 Company: ලස්සන ෆ්ලෝරා පෞද්ගලික සමාගම
🔎 අවශ්‍යතාවය | REQUIREMENT
රාජගිරිය ප්‍රදේශයේ අපගේ ආයතනය සඳහා විශ්වාසදායක, ක්‍රියාශීලී ආරක්ශක නිලධාරියෙකු අවශ්‍ය කර ඇත.
✅ BENEFITS | වරප්‍රසාද
✔ ආකර්ෂණීය වැටුප්
✔ දිරි දීමනා
✔ නිල ඇඳුම්
✔ නොමිලේ දිවා ආහාරය
✍️ HOW TO APPLY | අයදුම් කරන ආකාරය
ඔබ මෙම තනතුර සඳහා සුදුසු පුද්ගලයෙකු නම්,
👉 “Apply for this job” හරහා
📞 හෝ පහත දුරකථන අංක වලට අමතන්න
📳 CONTACT NUMBERS
☎ 076 562 8985
☎ 076 574 3927
☎ 077 313 0433
📍 ADDRESS
🏢 ලස්සන ෆ්ලෝරා පෞද්ගලික සමාගම
162/B, බුත්ගමුව පාර, කලපලුවාව
💡 Join our team and build a secure future with us!",,
https://ikman.lk/en/ad/aarkssk-nilldhaarii-gampaha,"👮‍♂️ ආරක්ෂක නිළධාරී රැකියා (SO)👮‍♂️
⛳ සේවා ස්ථාන - වත්තල
✨️ වැටුප් - පැය 12 සේවා මුරය, සේවා මුර 45ක් පමණ සිදු කළ හැකිය.
🔹 පැය 12 සඳහා - 2,200/=
✨️ ඇඳුම (Uniform) - සුදු කමීසය හා කලු කලිසම (VIP Kit)
✨️ මාසිකව රු 80,000 - 90,000 අතර වැටුපක් ගන්න පුලුවන්
✅ අයදුම් කළ යුතු ආකාරය :
🔹 සම්මුඛ පරීක්‍ෂණ පැවැත්වෙන දිනය  : සෑම සතියේ දිනකම උදේ 9.00 සිට සවස 4.30 දක්වා,
🔹 සම්මුඛ පරීක්‍ෂණ පැවැත්වෙන වේලාව :  උදේ 9.00 සිට 4.30 දක්වා
📌 සම්මුඛ පරීක්‍ෂණය පැවැත්වෙන ස්ථානය : නුගේගොඩ ලයිසියම් ජාත්‍යන්තර පාසල වෙත පැමිණෙන්න.
✅ රැගෙන ආ යුතු ලියකියවිලි :
🔹උප්පැන සහතිකයේ පිටපත්
🔹ජා/හැ පත හා එහි පිටපතක්
🔹 බැංකු පොතෙහි පිටපතක්
☎️ වැඩි විස්තර දැනගැනීම සඳහා 0772318544 | 0774791038",,
https://ikman.lk/en/ad/aarkssk-nilldhaarii-colombo-5,"👮‍♂️ ආරක්ෂක නිළධාරී රැකියා (SO)👮‍♂️
⛳ සේවා ස්ථාන - නුගේගොඩ
✨️ වැටුප් - පැය 12 සේවා මුරය, සේවා මුර 45ක් පමණ සිදු කළ හැකිය.
🔹 පැය 12 සඳහා - 2,200/=
✨️ ඇඳුම (Uniform) - සුදු කමීසය හා කලු කලිසම (VIP Kit)
✨️ මාසිකව රු 80,000 - 90,000 අතර වැටුපක් ගන්න පුලුවන්
🏠️ නවාතැන් සපයනවා
✅ අයදුම් කළ යුතු ආකාරය :
🔹 සම්මුඛ පරීක්‍ෂණ පැවැත්වෙන දිනය  : සෑම සතියේ දිනකම උදේ 9.00 සිට සවස 4.30 දක්වා,
🔹 සම්මුඛ පරීක්‍ෂණ පැවැත්වෙන වේලාව :  උදේ 9.00 සිට 4.30 දක්වා
📌 සම්මුඛ පරීක්‍ෂණය පැවැත්වෙන ස්ථානය : නුගේගොඩ ලයිසියම් ජාත්‍යන්තර පාසල වෙත පැමිණෙන්න.
✅ රැගෙන ආ යුතු ලියකියවිලි :
🔹උප්පැන සහතිකයේ පිටපත්
🔹ජා/හැ පත හා එහි පිටපතක්
🔹 බැංකු පොතෙහි පිටපතක්
☎️ වැඩි විස්තර දැනගැනීම සඳහා 0772318544 | 0774791038",,
https://ikman.lk/en/ad/quantity-surveyor-gampaha,"**Quantity Surveyor Job Description**
We are seeking a Quantity Surveyor to manage cost estimation, budgeting, and financial control of construction projects. Responsibilities include preparing BOQs, cost estimates, tender documents, and monitoring project budgets. The QS will evaluate subcontractor quotations, handle payments, valuations, and final accounts. Regular site visits and coordination with engineers and project managers are required. Candidates should have a QS qualification and 1–5 years experience. Strong analytical, negotiation, and Excel skills are essential. Employment is full-time and salary is negotiable.",,
https://ikman.lk/en/ad/civil-site-engineer-vavuniya,"JOB DESCRIPTION
🏗️Position :Civil Site Engineer
💼 Employment Type: Full-Time
📅 Experience Required: Minimum 1 Year
🎓 Education: Bachelor's Degree in Civil Engineering (BSc / B.E.)
📋 About the Role
We are looking for a motivated and detail-oriented Civil Site Engineer to join our construction team at our Vavuniya site. The successful candidate will support the planning, execution, and supervision of civil construction works on site, ensuring projects are completed on time, within budget, and to the required quality standards.
🛠️ Key Responsibilities
🔹 Supervise day-to-day site activities and ensure compliance with project drawings, specifications, and standards
🔹 Coordinate with contractors, subcontractors, and labour gangs to ensure smooth workflow
🔹 Monitor and inspect construction works including earthworks, foundations, concrete structures, drainage, and road works
🔹 Prepare and maintain site records including daily progress reports, material consumption logs, and inspection checklists
🔹 Assist in setting out and surveying works using levels, total stations, and other survey equipment
🔹 Liaise with the Project Manager and Consultant Engineers on technical matters
🔹 Review and interpret engineering drawings, BOQs, and project specifications
🔹 Ensure health, safety, and environmental (HSE) compliance on site at all times
🔹 Support the preparation of interim payment certificates, variation orders, and site instructions
🔹 Participate in site meetings and prepare meeting minutes as required
🔹 Track material deliveries and maintain inventory of construction materials on site
Qualifications & Requirements
🔹 Bachelor's Degree (BSc / B.E.) in Civil Engineering from a recognized university
🔹 Minimum 1 year of site experience in building construction, road works, or infrastructure projects
🔹 Working knowledge of AutoCAD; familiarity with MS Project or Primavera is an advantage
🔹 Ability to read and interpret engineering drawings and technical documents
🔹 Good understanding of standard construction methods and materials
🔹 Proficient in Microsoft Office (Word, Excel)
🔹 Strong communication skills in English; Tamil and/or Sinhala preferred (for Sri Lanka-based roles)
🔹 Willingness to work on-site in challenging environments
🔹 Valid driving licence preferred
🎁 What We Offer
✅ Competitive salary commensurate with experience
✅ Opportunity to work on diverse civil and building construction projects
✅ Professional growth and on-site mentoring
How to Apply
📧 Interested candidates may send their CV to: jeyasunjanconstruction@gmail.com
Or 🪀 WhatsApp: 077 314 4787
📌 Please mention ""Application – Civil Site Engineer"" in the subject line.",,
https://ikman.lk/en/ad/engineering-assistant-colombo-5-colombo,"💼 𝐏𝐎𝐒𝐈𝐓𝐈𝐎𝐍 : Engineering Assistant – Electrical
🏢 Maga Engineering (Pvt) Ltd – Sri Lanka's Leading Construction Company
📍 Location: Housing Project - Rajagiriya
💠 𝐑𝐄𝐐𝐔𝐈𝐑𝐄𝐌𝐄𝐍𝐓𝐒 : | # 💠 𝐂𝐀𝐍𝐃𝐈𝐃𝐀𝐓𝐄 𝐏𝐑𝐎𝐅𝐈𝐋𝐄 :
【~】✪ NVQ Level 6 (HND in Electrical Engineering)
【~】✪ Minimum 05 years of experience, of which at least 03 years in Electrical works of building construction projects
【~】✪ Strong knowledge of electrical systems and construction practices
【~】✪ Ability to work effectively in a team-oriented environment
【~】✪ Good communication and problem-solving skills
💠 𝐑𝐄𝐒𝐏𝐎𝐍𝐒𝐈𝐁𝐈𝐋𝐈𝐓𝐈𝐄𝐒 : | # 💠 𝐉𝐎𝐁 𝐏𝐑𝐎𝐅𝐈𝐋𝐄 :
【~】✪ Assist in the planning, execution, and supervision of electrical works in building construction projects
【~】✪ Ensure compliance with electrical safety standards and regulations
【~】✪ Coordinate with project teams, contractors, and site staff to ensure timely project delivery
【~】✪ Inspect and test electrical installations, systems, and equipment
【~】✪ Prepare and maintain project documentation and progress reports
【~】✪ Troubleshoot and resolve electrical issues on-site
✅ 𝐁𝐄𝐍𝐄𝐅𝐈𝐓𝐒 :
【~】✪ We offer an attractive remuneration package & incentives that are above market standards for the suitable candidate.
【~】✪ Excellent career progression opportunities in a professional environment
【~】✪ Work with Sri Lanka's leading construction company
【~】✪ Be part of dynamic projects driving the nation forward
✅ 𝐇𝐎𝐖 𝐓𝐎 𝐀𝐏𝐏𝐋𝐘 ✍️ :
If you feel you are the right individual for the above position, then apply via ""𝗔𝗽𝗽𝗹𝘆 𝗡𝗼𝘄"" of this advert.
📌 Kindly send your CV to the email below.
[ 𝐖𝐄 𝐇𝐈𝐆𝐇𝐋𝐘 𝐈𝐍𝐅𝐎𝐑𝐌 𝐀𝐋𝐋 𝐓𝐇𝐄 𝐂𝐀𝐍𝐃𝐈𝐃𝐀𝐓𝐄𝐒 𝐓𝐎 𝐌𝐄𝐍𝐓𝐈𝐎𝐍 𝐀 𝐕𝐀𝐋𝐈𝐃 𝐌𝐎𝐁𝐈𝐋𝐄 𝐍𝐔𝐌𝐁𝐄𝐑 & 𝐈𝐓 𝐈𝐒 𝐂𝐎𝐌𝐏𝐔𝐋𝐒𝐎𝐑𝐘 𝐓𝐎 𝐀𝐓𝐓𝐀𝐂𝐇 𝐘𝐎𝐔𝐑 𝐂𝐕 𝐁𝐘 𝐔𝐏𝐃𝐀𝐓𝐈𝐍𝐆 𝐘𝐎𝐔𝐑 ""𝗜𝗞𝗠𝗔𝗡 𝗥𝗘𝗦𝗨𝗠𝗘"" ]
＃📳 𝓒𝓸𝓷𝓽𝓪𝓬𝓽 :
011 280 8835
＃ 📧 𝓔𝓶𝓪𝓲𝓵 :
hr@maga.lk
🌐 𝐂𝐎𝐌𝐏𝐀𝐍𝐘 𝐈𝐍𝐅𝐎 :
Join hands to shape the future. Realise your professional goals within a rewarding environment at MAGA, Sri Lanka's leading construction company. Join the dynamic team driving the nation forward.
📍 Address: Manager Human Resources, Maga Engineering (Pvt) Ltd, 200, Nawala Road, Narahenpita, Colombo 05
📧 E-mail: hr@maga.lk | 📞 Tel: 011 280 8835",,
https://ikman.lk/en/ad/engineering-assistant-colombo-5-colombo-1,"💼 𝐏𝐎𝐒𝐈𝐓𝐈𝐎𝐍 : Engineering Assistant – Electrical
🏢 Maga Engineering (Pvt) Ltd – Sri Lanka's Leading Construction Company
📍 Location: Housing Project - Rajagiriya
💠 𝐑𝐄𝐐𝐔𝐈𝐑𝐄𝐌𝐄𝐍𝐓𝐒 : | # 💠 𝐂𝐀𝐍𝐃𝐈𝐃𝐀𝐓𝐄 𝐏𝐑𝐎𝐅𝐈𝐋𝐄 :
【~】✪ NVQ Level 6 (HND in Electrical Engineering)
【~】✪ Minimum 05 years of experience, of which at least 03 years in Electrical works of building construction projects
【~】✪ Strong knowledge of electrical systems and construction practices
【~】✪ Ability to work effectively in a team-oriented environment
【~】✪ Good communication and problem-solving skills
💠 𝐑𝐄𝐒𝐏𝐎𝐍𝐒𝐈𝐁𝐈𝐋𝐈𝐓𝐈𝐄𝐒 : | # 💠 𝐉𝐎𝐁 𝐏𝐑𝐎𝐅𝐈𝐋𝐄 :
【~】✪ Assist in the planning, execution, and supervision of electrical works in building construction projects
【~】✪ Ensure compliance with electrical safety standards and regulations
【~】✪ Coordinate with project teams, contractors, and site staff to ensure timely project delivery
【~】✪ Inspect and test electrical installations, systems, and equipment
【~】✪ Prepare and maintain project documentation and progress reports
【~】✪ Troubleshoot and resolve electrical issues on-site
✅ 𝐁𝐄𝐍𝐄𝐅𝐈𝐓𝐒 :
【~】✪ We offer an attractive remuneration package & incentives that are above market standards for the suitable candidate.
【~】✪ Excellent career progression opportunities in a professional environment
【~】✪ Work with Sri Lanka's leading construction company
【~】✪ Be part of dynamic projects driving the nation forward
✅ 𝐇𝐎𝐖 𝐓𝐎 𝐀𝐏𝐏𝐋𝐘 ✍️ :
If you feel you are the right individual for the above position, then apply via ""𝗔𝗽𝗽𝗹𝘆 𝗡𝗼𝘄"" of this advert.
📌 Kindly send your CV to the email below.
[ 𝐖𝐄 𝐇𝐈𝐆𝐇𝐋𝐘 𝐈𝐍𝐅𝐎𝐑𝐌 𝐀𝐋𝐋 𝐓𝐇𝐄 𝐂𝐀𝐍𝐃𝐈𝐃𝐀𝐓𝐄𝐒 𝐓𝐎 𝐌𝐄𝐍𝐓𝐈𝐎𝐍 𝐀 𝐕𝐀𝐋𝐈𝐃 𝐌𝐎𝐁𝐈𝐋𝐄 𝐍𝐔𝐌𝐁𝐄𝐑 & 𝐈𝐓 𝐈𝐒 𝐂𝐎𝐌𝐏𝐔𝐋𝐒𝐎𝐑𝐘 𝐓𝐎 𝐀𝐓𝐓𝐀𝐂𝐇 𝐘𝐎𝐔𝐑 𝐂𝐕 𝐁𝐘 𝐔𝐏𝐃𝐀𝐓𝐈𝐍𝐆 𝐘𝐎𝐔𝐑 ""𝗜𝗞𝗠𝗔𝗡 𝗥𝗘𝗦𝗨𝗠𝗘"" ]
＃📳 𝓒𝓸𝓷𝓽𝓪𝓬𝓽 :
011 280 8835
＃ 📧 𝓔𝓶𝓪𝓲𝓵 :
hr@maga.lk
🌐 𝐂𝐎𝐌𝐏𝐀𝐍𝐘 𝐈𝐍𝐅𝐎 :
Join hands to shape the future. Realise your professional goals within a rewarding environment at MAGA, Sri Lanka's leading construction company. Join the dynamic team driving the nation forward.
📍 Address: Manager Human Resources, Maga Engineering (Pvt) Ltd, 200, Nawala Road, Narahenpita, Colombo 05
📧 E-mail: hr@maga.lk | 📞 Tel: 011 280 8835",,
https://ikman.lk/en/ad/engineering-assistant-colombo-5-badulla,"💼 𝐏𝐎𝐒𝐈𝐓𝐈𝐎𝐍 : Engineering Assistant – Electrical
🏢 Maga Engineering (Pvt) Ltd – Sri Lanka's Leading Construction Company
📍 Location: Housing Project - Rajagiriya
💠 𝐑𝐄𝐐𝐔𝐈𝐑𝐄𝐌𝐄𝐍𝐓𝐒 : | # 💠 𝐂𝐀𝐍𝐃𝐈𝐃𝐀𝐓𝐄 𝐏𝐑𝐎𝐅𝐈𝐋𝐄 :
【~】✪ NVQ Level 6 (HND in Electrical Engineering)
【~】✪ Minimum 05 years of experience, of which at least 03 years in Electrical works of building construction projects
【~】✪ Strong knowledge of electrical systems and construction practices
【~】✪ Ability to work effectively in a team-oriented environment
【~】✪ Good communication and problem-solving skills
💠 𝐑𝐄𝐒𝐏𝐎𝐍𝐒𝐈𝐁𝐈𝐋𝐈𝐓𝐈𝐄𝐒 : | # 💠 𝐉𝐎𝐁 𝐏𝐑𝐎𝐅𝐈𝐋𝐄 :
【~】✪ Assist in the planning, execution, and supervision of electrical works in building construction projects
【~】✪ Ensure compliance with electrical safety standards and regulations
【~】✪ Coordinate with project teams, contractors, and site staff to ensure timely project delivery
【~】✪ Inspect and test electrical installations, systems, and equipment
【~】✪ Prepare and maintain project documentation and progress reports
【~】✪ Troubleshoot and resolve electrical issues on-site
✅ 𝐁𝐄𝐍𝐄𝐅𝐈𝐓𝐒 :
【~】✪ We offer an attractive remuneration package & incentives that are above market standards for the suitable candidate.
【~】✪ Excellent career progression opportunities in a professional environment
【~】✪ Work with Sri Lanka's leading construction company
【~】✪ Be part of dynamic projects driving the nation forward
✅ 𝐇𝐎𝐖 𝐓𝐎 𝐀𝐏𝐏𝐋𝐘 ✍️ :
If you feel you are the right individual for the above position, then apply via ""𝗔𝗽𝗽𝗹𝘆 𝗡𝗼𝘄"" of this advert.
📌 Kindly send your CV to the email below.
[ 𝐖𝐄 𝐇𝐈𝐆𝐇𝐋𝐘 𝐈𝐍𝐅𝐎𝐑𝐌 𝐀𝐋𝐋 𝐓𝐇𝐄 𝐂𝐀𝐍𝐃𝐈𝐃𝐀𝐓𝐄𝐒 𝐓𝐎 𝐌𝐄𝐍𝐓𝐈𝐎𝐍 𝐀 𝐕𝐀𝐋𝐈𝐃 𝐌𝐎𝐁𝐈𝐋𝐄 𝐍𝐔𝐌𝐁𝐄𝐑 & 𝐈𝐓 𝐈𝐒 𝐂𝐎𝐌𝐏𝐔𝐋𝐒𝐎𝐑𝐘 𝐓𝐎 𝐀𝐓𝐓𝐀𝐂𝐇 𝐘𝐎𝐔𝐑 𝐂𝐕 𝐁𝐘 𝐔𝐏𝐃𝐀𝐓𝐈𝐍𝐆 𝐘𝐎𝐔𝐑 ""𝗜𝗞𝗠𝗔𝗡 𝗥𝗘𝗦𝗨𝗠𝗘"" ]
＃📳 𝓒𝓸𝓷𝓽𝓪𝓬𝓽 :
011 280 8835
＃ 📧 𝓔𝓶𝓪𝓲𝓵 :
hr@maga.lk
🌐 𝐂𝐎𝐌𝐏𝐀𝐍𝐘 𝐈𝐍𝐅𝐎 :
Join hands to shape the future. Realise your professional goals within a rewarding environment at MAGA, Sri Lanka's leading construction company. Join the dynamic team driving the nation forward.
📍 Address: Manager Human Resources, Maga Engineering (Pvt) Ltd, 200, Nawala Road, Narahenpita, Colombo 05
📧 E-mail: hr@maga.lk | 📞 Tel: 011 280 8835",,
https://ikman.lk/en/ad/engineering-assistant-colombo-5-kandy,"💼 𝐏𝐎𝐒𝐈𝐓𝐈𝐎𝐍 : Engineering Assistant – Electrical
🏢 Maga Engineering (Pvt) Ltd – Sri Lanka's Leading Construction Company
📍 Location: Housing Project - Rajagiriya
💠 𝐑𝐄𝐐𝐔𝐈𝐑𝐄𝐌𝐄𝐍𝐓𝐒 : | # 💠 𝐂𝐀𝐍𝐃𝐈𝐃𝐀𝐓𝐄 𝐏𝐑𝐎𝐅𝐈𝐋𝐄 :
【~】✪ NVQ Level 6 (HND in Electrical Engineering)
【~】✪ Minimum 05 years of experience, of which at least 03 years in Electrical works of building construction projects
【~】✪ Strong knowledge of electrical systems and construction practices
【~】✪ Ability to work effectively in a team-oriented environment
【~】✪ Good communication and problem-solving skills
💠 𝐑𝐄𝐒𝐏𝐎𝐍𝐒𝐈𝐁𝐈𝐋𝐈𝐓𝐈𝐄𝐒 : | # 💠 𝐉𝐎𝐁 𝐏𝐑𝐎𝐅𝐈𝐋𝐄 :
【~】✪ Assist in the planning, execution, and supervision of electrical works in building construction projects
【~】✪ Ensure compliance with electrical safety standards and regulations
【~】✪ Coordinate with project teams, contractors, and site staff to ensure timely project delivery
【~】✪ Inspect and test electrical installations, systems, and equipment
【~】✪ Prepare and maintain project documentation and progress reports
【~】✪ Troubleshoot and resolve electrical issues on-site
✅ 𝐁𝐄𝐍𝐄𝐅𝐈𝐓𝐒 :
【~】✪ We offer an attractive remuneration package & incentives that are above market standards for the suitable candidate.
【~】✪ Excellent career progression opportunities in a professional environment
【~】✪ Work with Sri Lanka's leading construction company
【~】✪ Be part of dynamic projects driving the nation forward
✅ 𝐇𝐎𝐖 𝐓𝐎 𝐀𝐏𝐏𝐋𝐘 ✍️ :
If you feel you are the right individual for the above position, then apply via ""𝗔𝗽𝗽𝗹𝘆 𝗡𝗼𝘄"" of this advert.
📌 Kindly send your CV to the email below.
[ 𝐖𝐄 𝐇𝐈𝐆𝐇𝐋𝐘 𝐈𝐍𝐅𝐎𝐑𝐌 𝐀𝐋𝐋 𝐓𝐇𝐄 𝐂𝐀𝐍𝐃𝐈𝐃𝐀𝐓𝐄𝐒 𝐓𝐎 𝐌𝐄𝐍𝐓𝐈𝐎𝐍 𝐀 𝐕𝐀𝐋𝐈𝐃 𝐌𝐎𝐁𝐈𝐋𝐄 𝐍𝐔𝐌𝐁𝐄𝐑 & 𝐈𝐓 𝐈𝐒 𝐂𝐎𝐌𝐏𝐔𝐋𝐒𝐎𝐑𝐘 𝐓𝐎 𝐀𝐓𝐓𝐀𝐂𝐇 𝐘𝐎𝐔𝐑 𝐂𝐕 𝐁𝐘 𝐔𝐏𝐃𝐀𝐓𝐈𝐍𝐆 𝐘𝐎𝐔𝐑 ""𝗜𝗞𝗠𝗔𝗡 𝗥𝗘𝗦𝗨𝗠𝗘"" ]
＃📳 𝓒𝓸𝓷𝓽𝓪𝓬𝓽 :
011 280 8835
＃ 📧 𝓔𝓶𝓪𝓲𝓵 :
hr@maga.lk
🌐 𝐂𝐎𝐌𝐏𝐀𝐍𝐘 𝐈𝐍𝐅𝐎 :
Join hands to shape the future. Realise your professional goals within a rewarding environment at MAGA, Sri Lanka's leading construction company. Join the dynamic team driving the nation forward.
📍 Address: Manager Human Resources, Maga Engineering (Pvt) Ltd, 200, Nawala Road, Narahenpita, Colombo 05
📧 E-mail: hr@maga.lk | 📞 Tel: 011 280 8835",,
https://ikman.lk/en/ad/engineering-assistant-colombo-5-galle,"💼 𝐏𝐎𝐒𝐈𝐓𝐈𝐎𝐍 : Engineering Assistant – Electrical
🏢 Maga Engineering (Pvt) Ltd – Sri Lanka's Leading Construction Company
📍 Location: Housing Project - Rajagiriya
💠 𝐑𝐄𝐐𝐔𝐈𝐑𝐄𝐌𝐄𝐍𝐓𝐒 : | # 💠 𝐂𝐀𝐍𝐃𝐈𝐃𝐀𝐓𝐄 𝐏𝐑𝐎𝐅𝐈𝐋𝐄 :
【~】✪ NVQ Level 6 (HND in Electrical Engineering)
【~】✪ Minimum 05 years of experience, of which at least 03 years in Electrical works of building construction projects
【~】✪ Strong knowledge of electrical systems and construction practices
【~】✪ Ability to work effectively in a team-oriented environment
【~】✪ Good communication and problem-solving skills
💠 𝐑𝐄𝐒𝐏𝐎𝐍𝐒𝐈𝐁𝐈𝐋𝐈𝐓𝐈𝐄𝐒 : | # 💠 𝐉𝐎𝐁 𝐏𝐑𝐎𝐅𝐈𝐋𝐄 :
【~】✪ Assist in the planning, execution, and supervision of electrical works in building construction projects
【~】✪ Ensure compliance with electrical safety standards and regulations
【~】✪ Coordinate with project teams, contractors, and site staff to ensure timely project delivery
【~】✪ Inspect and test electrical installations, systems, and equipment
【~】✪ Prepare and maintain project documentation and progress reports
【~】✪ Troubleshoot and resolve electrical issues on-site
✅ 𝐁𝐄𝐍𝐄𝐅𝐈𝐓𝐒 :
【~】✪ We offer an attractive remuneration package & incentives that are above market standards for the suitable candidate.
【~】✪ Excellent career progression opportunities in a professional environment
【~】✪ Work with Sri Lanka's leading construction company
【~】✪ Be part of dynamic projects driving the nation forward
✅ 𝐇𝐎𝐖 𝐓𝐎 𝐀𝐏𝐏𝐋𝐘 ✍️ :
If you feel you are the right individual for the above position, then apply via ""𝗔𝗽𝗽𝗹𝘆 𝗡𝗼𝘄"" of this advert.
📌 Kindly send your CV to the email below.
[ 𝐖𝐄 𝐇𝐈𝐆𝐇𝐋𝐘 𝐈𝐍𝐅𝐎𝐑𝐌 𝐀𝐋𝐋 𝐓𝐇𝐄 𝐂𝐀𝐍𝐃𝐈𝐃𝐀𝐓𝐄𝐒 𝐓𝐎 𝐌𝐄𝐍𝐓𝐈𝐎𝐍 𝐀 𝐕𝐀𝐋𝐈𝐃 𝐌𝐎𝐁𝐈𝐋𝐄 𝐍𝐔𝐌𝐁𝐄𝐑 & 𝐈𝐓 𝐈𝐒 𝐂𝐎𝐌𝐏𝐔𝐋𝐒𝐎𝐑𝐘 𝐓𝐎 𝐀𝐓𝐓𝐀𝐂𝐇 𝐘𝐎𝐔𝐑 𝐂𝐕 𝐁𝐘 𝐔𝐏𝐃𝐀𝐓𝐈𝐍𝐆 𝐘𝐎𝐔𝐑 ""𝗜𝗞𝗠𝗔𝗡 𝗥𝗘𝗦𝗨𝗠𝗘"" ]
＃📳 𝓒𝓸𝓷𝓽𝓪𝓬𝓽 :
011 280 8835
＃ 📧 𝓔𝓶𝓪𝓲𝓵 :
hr@maga.lk
🌐 𝐂𝐎𝐌𝐏𝐀𝐍𝐘 𝐈𝐍𝐅𝐎 :
Join hands to shape the future. Realise your professional goals within a rewarding environment at MAGA, Sri Lanka's leading construction company. Join the dynamic team driving the nation forward.
📍 Address: Manager Human Resources, Maga Engineering (Pvt) Ltd, 200, Nawala Road, Narahenpita, Colombo 05
📧 E-mail: hr@maga.lk | 📞 Tel: 011 280 8835",,
https://ikman.lk/en/ad/engineering-assistant-colombo-5-ampara,"💼 𝐏𝐎𝐒𝐈𝐓𝐈𝐎𝐍 : Engineering Assistant – Electrical
🏢 Maga Engineering (Pvt) Ltd – Sri Lanka's Leading Construction Company
📍 Location: Housing Project - Rajagiriya
💠 𝐑𝐄𝐐𝐔𝐈𝐑𝐄𝐌𝐄𝐍𝐓𝐒 : | # 💠 𝐂𝐀𝐍𝐃𝐈𝐃𝐀𝐓𝐄 𝐏𝐑𝐎𝐅𝐈𝐋𝐄 :
【~】✪ NVQ Level 6 (HND in Electrical Engineering)
【~】✪ Minimum 05 years of experience, of which at least 03 years in Electrical works of building construction projects
【~】✪ Strong knowledge of electrical systems and construction practices
【~】✪ Ability to work effectively in a team-oriented environment
【~】✪ Good communication and problem-solving skills
💠 𝐑𝐄𝐒𝐏𝐎𝐍𝐒𝐈𝐁𝐈𝐋𝐈𝐓𝐈𝐄𝐒 : | # 💠 𝐉𝐎𝐁 𝐏𝐑𝐎𝐅𝐈𝐋𝐄 :
【~】✪ Assist in the planning, execution, and supervision of electrical works in building construction projects
【~】✪ Ensure compliance with electrical safety standards and regulations
【~】✪ Coordinate with project teams, contractors, and site staff to ensure timely project delivery
【~】✪ Inspect and test electrical installations, systems, and equipment
【~】✪ Prepare and maintain project documentation and progress reports
【~】✪ Troubleshoot and resolve electrical issues on-site
✅ 𝐁𝐄𝐍𝐄𝐅𝐈𝐓𝐒 :
【~】✪ We offer an attractive remuneration package & incentives that are above market standards for the suitable candidate.
【~】✪ Excellent career progression opportunities in a professional environment
【~】✪ Work with Sri Lanka's leading construction company
【~】✪ Be part of dynamic projects driving the nation forward
✅ 𝐇𝐎𝐖 𝐓𝐎 𝐀𝐏𝐏𝐋𝐘 ✍️ :
If you feel you are the right individual for the above position, then apply via ""𝗔𝗽𝗽𝗹𝘆 𝗡𝗼𝘄"" of this advert.
📌 Kindly send your CV to the email below.
[ 𝐖𝐄 𝐇𝐈𝐆𝐇𝐋𝐘 𝐈𝐍𝐅𝐎𝐑𝐌 𝐀𝐋𝐋 𝐓𝐇𝐄 𝐂𝐀𝐍𝐃𝐈𝐃𝐀𝐓𝐄𝐒 𝐓𝐎 𝐌𝐄𝐍𝐓𝐈𝐎𝐍 𝐀 𝐕𝐀𝐋𝐈𝐃 𝐌𝐎𝐁𝐈𝐋𝐄 𝐍𝐔𝐌𝐁𝐄𝐑 & 𝐈𝐓 𝐈𝐒 𝐂𝐎𝐌𝐏𝐔𝐋𝐒𝐎𝐑𝐘 𝐓𝐎 𝐀𝐓𝐓𝐀𝐂𝐇 𝐘𝐎𝐔𝐑 𝐂𝐕 𝐁𝐘 𝐔𝐏𝐃𝐀𝐓𝐈𝐍𝐆 𝐘𝐎𝐔𝐑 ""𝗜𝗞𝗠𝗔𝗡 𝗥𝗘𝗦𝗨𝗠𝗘"" ]
＃📳 𝓒𝓸𝓷𝓽𝓪𝓬𝓽 :
011 280 8835
＃ 📧 𝓔𝓶𝓪𝓲𝓵 :
hr@maga.lk
🌐 𝐂𝐎𝐌𝐏𝐀𝐍𝐘 𝐈𝐍𝐅𝐎 :
Join hands to shape the future. Realise your professional goals within a rewarding environment at MAGA, Sri Lanka's leading construction company. Join the dynamic team driving the nation forward.
📍 Address: Manager Human Resources, Maga Engineering (Pvt) Ltd, 200, Nawala Road, Narahenpita, Colombo 05
📧 E-mail: hr@maga.lk | 📞 Tel: 011 280 8835",,
https://ikman.lk/en/ad/engineering-assistant-colombo-5-anuradhapura,"💼 𝐏𝐎𝐒𝐈𝐓𝐈𝐎𝐍 : Engineering Assistant – Electrical
🏢 Maga Engineering (Pvt) Ltd – Sri Lanka's Leading Construction Company
📍 Location: Housing Project - Rajagiriya
💠 𝐑𝐄𝐐𝐔𝐈𝐑𝐄𝐌𝐄𝐍𝐓𝐒 : | # 💠 𝐂𝐀𝐍𝐃𝐈𝐃𝐀𝐓𝐄 𝐏𝐑𝐎𝐅𝐈𝐋𝐄 :
【~】✪ NVQ Level 6 (HND in Electrical Engineering)
【~】✪ Minimum 05 years of experience, of which at least 03 years in Electrical works of building construction projects
【~】✪ Strong knowledge of electrical systems and construction practices
【~】✪ Ability to work effectively in a team-oriented environment
【~】✪ Good communication and problem-solving skills
💠 𝐑𝐄𝐒𝐏𝐎𝐍𝐒𝐈𝐁𝐈𝐋𝐈𝐓𝐈𝐄𝐒 : | # 💠 𝐉𝐎𝐁 𝐏𝐑𝐎𝐅𝐈𝐋𝐄 :
【~】✪ Assist in the planning, execution, and supervision of electrical works in building construction projects
【~】✪ Ensure compliance with electrical safety standards and regulations
【~】✪ Coordinate with project teams, contractors, and site staff to ensure timely project delivery
【~】✪ Inspect and test electrical installations, systems, and equipment
【~】✪ Prepare and maintain project documentation and progress reports
【~】✪ Troubleshoot and resolve electrical issues on-site
✅ 𝐁𝐄𝐍𝐄𝐅𝐈𝐓𝐒 :
【~】✪ We offer an attractive remuneration package & incentives that are above market standards for the suitable candidate.
【~】✪ Excellent career progression opportunities in a professional environment
【~】✪ Work with Sri Lanka's leading construction company
【~】✪ Be part of dynamic projects driving the nation forward
✅ 𝐇𝐎𝐖 𝐓𝐎 𝐀𝐏𝐏𝐋𝐘 ✍️ :
If you feel you are the right individual for the above position, then apply via ""𝗔𝗽𝗽𝗹𝘆 𝗡𝗼𝘄"" of this advert.
📌 Kindly send your CV to the email below.
[ 𝐖𝐄 𝐇𝐈𝐆𝐇𝐋𝐘 𝐈𝐍𝐅𝐎𝐑𝐌 𝐀𝐋𝐋 𝐓𝐇𝐄 𝐂𝐀𝐍𝐃𝐈𝐃𝐀𝐓𝐄𝐒 𝐓𝐎 𝐌𝐄𝐍𝐓𝐈𝐎𝐍 𝐀 𝐕𝐀𝐋𝐈𝐃 𝐌𝐎𝐁𝐈𝐋𝐄 𝐍𝐔𝐌𝐁𝐄𝐑 & 𝐈𝐓 𝐈𝐒 𝐂𝐎𝐌𝐏𝐔𝐋𝐒𝐎𝐑𝐘 𝐓𝐎 𝐀𝐓𝐓𝐀𝐂𝐇 𝐘𝐎𝐔𝐑 𝐂𝐕 𝐁𝐘 𝐔𝐏𝐃𝐀𝐓𝐈𝐍𝐆 𝐘𝐎𝐔𝐑 ""𝗜𝗞𝗠𝗔𝗡 𝗥𝗘𝗦𝗨𝗠𝗘"" ]
＃📳 𝓒𝓸𝓷𝓽𝓪𝓬𝓽 :
011 280 8835
＃ 📧 𝓔𝓶𝓪𝓲𝓵 :
hr@maga.lk
🌐 𝐂𝐎𝐌𝐏𝐀𝐍𝐘 𝐈𝐍𝐅𝐎 :
Join hands to shape the future. Realise your professional goals within a rewarding environment at MAGA, Sri Lanka's leading construction company. Join the dynamic team driving the nation forward.
📍 Address: Manager Human Resources, Maga Engineering (Pvt) Ltd, 200, Nawala Road, Narahenpita, Colombo 05
📧 E-mail: hr@maga.lk | 📞 Tel: 011 280 8835",,
https://ikman.lk/en/ad/engineering-assistant-colombo-5-gampaha,"💼 𝐏𝐎𝐒𝐈𝐓𝐈𝐎𝐍 : Engineering Assistant – Electrical
🏢 Maga Engineering (Pvt) Ltd – Sri Lanka's Leading Construction Company
📍 Location: Housing Project - Rajagiriya
💠 𝐑𝐄𝐐𝐔𝐈𝐑𝐄𝐌𝐄𝐍𝐓𝐒 : | # 💠 𝐂𝐀𝐍𝐃𝐈𝐃𝐀𝐓𝐄 𝐏𝐑𝐎𝐅𝐈𝐋𝐄 :
【~】✪ NVQ Level 6 (HND in Electrical Engineering)
【~】✪ Minimum 05 years of experience, of which at least 03 years in Electrical works of building construction projects
【~】✪ Strong knowledge of electrical systems and construction practices
【~】✪ Ability to work effectively in a team-oriented environment
【~】✪ Good communication and problem-solving skills
💠 𝐑𝐄𝐒𝐏𝐎𝐍𝐒𝐈𝐁𝐈𝐋𝐈𝐓𝐈𝐄𝐒 : | # 💠 𝐉𝐎𝐁 𝐏𝐑𝐎𝐅𝐈𝐋𝐄 :
【~】✪ Assist in the planning, execution, and supervision of electrical works in building construction projects
【~】✪ Ensure compliance with electrical safety standards and regulations
【~】✪ Coordinate with project teams, contractors, and site staff to ensure timely project delivery
【~】✪ Inspect and test electrical installations, systems, and equipment
【~】✪ Prepare and maintain project documentation and progress reports
【~】✪ Troubleshoot and resolve electrical issues on-site
✅ 𝐁𝐄𝐍𝐄𝐅𝐈𝐓𝐒 :
【~】✪ We offer an attractive remuneration package & incentives that are above market standards for the suitable candidate.
【~】✪ Excellent career progression opportunities in a professional environment
【~】✪ Work with Sri Lanka's leading construction company
【~】✪ Be part of dynamic projects driving the nation forward
✅ 𝐇𝐎𝐖 𝐓𝐎 𝐀𝐏𝐏𝐋𝐘 ✍️ :
If you feel you are the right individual for the above position, then apply via ""𝗔𝗽𝗽𝗹𝘆 𝗡𝗼𝘄"" of this advert.
📌 Kindly send your CV to the email below.
[ 𝐖𝐄 𝐇𝐈𝐆𝐇𝐋𝐘 𝐈𝐍𝐅𝐎𝐑𝐌 𝐀𝐋𝐋 𝐓𝐇𝐄 𝐂𝐀𝐍𝐃𝐈𝐃𝐀𝐓𝐄𝐒 𝐓𝐎 𝐌𝐄𝐍𝐓𝐈𝐎𝐍 𝐀 𝐕𝐀𝐋𝐈𝐃 𝐌𝐎𝐁𝐈𝐋𝐄 𝐍𝐔𝐌𝐁𝐄𝐑 & 𝐈𝐓 𝐈𝐒 𝐂𝐎𝐌𝐏𝐔𝐋𝐒𝐎𝐑𝐘 𝐓𝐎 𝐀𝐓𝐓𝐀𝐂𝐇 𝐘𝐎𝐔𝐑 𝐂𝐕 𝐁𝐘 𝐔𝐏𝐃𝐀𝐓𝐈𝐍𝐆 𝐘𝐎𝐔𝐑 ""𝗜𝗞𝗠𝗔𝗡 𝗥𝗘𝗦𝗨𝗠𝗘"" ]
＃📳 𝓒𝓸𝓷𝓽𝓪𝓬𝓽 :
011 280 8835
＃ 📧 𝓔𝓶𝓪𝓲𝓵 :
hr@maga.lk
🌐 𝐂𝐎𝐌𝐏𝐀𝐍𝐘 𝐈𝐍𝐅𝐎 :
Join hands to shape the future. Realise your professional goals within a rewarding environment at MAGA, Sri Lanka's leading construction company. Join the dynamic team driving the nation forward.
📍 Address: Manager Human Resources, Maga Engineering (Pvt) Ltd, 200, Nawala Road, Narahenpita, Colombo 05
📧 E-mail: hr@maga.lk | 📞 Tel: 011 280 8835",,
https://ikman.lk/en/ad/engineering-assistant-colombo-5-batticaloa,"💼 𝐏𝐎𝐒𝐈𝐓𝐈𝐎𝐍 : Engineering Assistant – Electrical
🏢 Maga Engineering (Pvt) Ltd – Sri Lanka's Leading Construction Company
📍 Location: Housing Project - Rajagiriya
💠 𝐑𝐄𝐐𝐔𝐈𝐑𝐄𝐌𝐄𝐍𝐓𝐒 : | # 💠 𝐂𝐀𝐍𝐃𝐈𝐃𝐀𝐓𝐄 𝐏𝐑𝐎𝐅𝐈𝐋𝐄 :
【~】✪ NVQ Level 6 (HND in Electrical Engineering)
【~】✪ Minimum 05 years of experience, of which at least 03 years in Electrical works of building construction projects
【~】✪ Strong knowledge of electrical systems and construction practices
【~】✪ Ability to work effectively in a team-oriented environment
【~】✪ Good communication and problem-solving skills
💠 𝐑𝐄𝐒𝐏𝐎𝐍𝐒𝐈𝐁𝐈𝐋𝐈𝐓𝐈𝐄𝐒 : | # 💠 𝐉𝐎𝐁 𝐏𝐑𝐎𝐅𝐈𝐋𝐄 :
【~】✪ Assist in the planning, execution, and supervision of electrical works in building construction projects
【~】✪ Ensure compliance with electrical safety standards and regulations
【~】✪ Coordinate with project teams, contractors, and site staff to ensure timely project delivery
【~】✪ Inspect and test electrical installations, systems, and equipment
【~】✪ Prepare and maintain project documentation and progress reports
【~】✪ Troubleshoot and resolve electrical issues on-site
✅ 𝐁𝐄𝐍𝐄𝐅𝐈𝐓𝐒 :
【~】✪ We offer an attractive remuneration package & incentives that are above market standards for the suitable candidate.
【~】✪ Excellent career progression opportunities in a professional environment
【~】✪ Work with Sri Lanka's leading construction company
【~】✪ Be part of dynamic projects driving the nation forward
✅ 𝐇𝐎𝐖 𝐓𝐎 𝐀𝐏𝐏𝐋𝐘 ✍️ :
If you feel you are the right individual for the above position, then apply via ""𝗔𝗽𝗽𝗹𝘆 𝗡𝗼𝘄"" of this advert.
📌 Kindly send your CV to the email below.
[ 𝐖𝐄 𝐇𝐈𝐆𝐇𝐋𝐘 𝐈𝐍𝐅𝐎𝐑𝐌 𝐀𝐋𝐋 𝐓𝐇𝐄 𝐂𝐀𝐍𝐃𝐈𝐃𝐀𝐓𝐄𝐒 𝐓𝐎 𝐌𝐄𝐍𝐓𝐈𝐎𝐍 𝐀 𝐕𝐀𝐋𝐈𝐃 𝐌𝐎𝐁𝐈𝐋𝐄 𝐍𝐔𝐌𝐁𝐄𝐑 & 𝐈𝐓 𝐈𝐒 𝐂𝐎𝐌𝐏𝐔𝐋𝐒𝐎𝐑𝐘 𝐓𝐎 𝐀𝐓𝐓𝐀𝐂𝐇 𝐘𝐎𝐔𝐑 𝐂𝐕 𝐁𝐘 𝐔𝐏𝐃𝐀𝐓𝐈𝐍𝐆 𝐘𝐎𝐔𝐑 ""𝗜𝗞𝗠𝗔𝗡 𝗥𝗘𝗦𝗨𝗠𝗘"" ]
＃📳 𝓒𝓸𝓷𝓽𝓪𝓬𝓽 :
011 280 8835
＃ 📧 𝓔𝓶𝓪𝓲𝓵 :
hr@maga.lk
🌐 𝐂𝐎𝐌𝐏𝐀𝐍𝐘 𝐈𝐍𝐅𝐎 :
Join hands to shape the future. Realise your professional goals within a rewarding environment at MAGA, Sri Lanka's leading construction company. Join the dynamic team driving the nation forward.
📍 Address: Manager Human Resources, Maga Engineering (Pvt) Ltd, 200, Nawala Road, Narahenpita, Colombo 05
📧 E-mail: hr@maga.lk | 📞 Tel: 011 280 8835",,
https://ikman.lk/en/ad/engineering-assistant-colombo-5-kalutara,"💼 𝐏𝐎𝐒𝐈𝐓𝐈𝐎𝐍 : Engineering Assistant – Electrical
🏢 Maga Engineering (Pvt) Ltd – Sri Lanka's Leading Construction Company
📍 Location: Housing Project - Rajagiriya
💠 𝐑𝐄𝐐𝐔𝐈𝐑𝐄𝐌𝐄𝐍𝐓𝐒 : | # 💠 𝐂𝐀𝐍𝐃𝐈𝐃𝐀𝐓𝐄 𝐏𝐑𝐎𝐅𝐈𝐋𝐄 :
【~】✪ NVQ Level 6 (HND in Electrical Engineering)
【~】✪ Minimum 05 years of experience, of which at least 03 years in Electrical works of building construction projects
【~】✪ Strong knowledge of electrical systems and construction practices
【~】✪ Ability to work effectively in a team-oriented environment
【~】✪ Good communication and problem-solving skills
💠 𝐑𝐄𝐒𝐏𝐎𝐍𝐒𝐈𝐁𝐈𝐋𝐈𝐓𝐈𝐄𝐒 : | # 💠 𝐉𝐎𝐁 𝐏𝐑𝐎𝐅𝐈𝐋𝐄 :
【~】✪ Assist in the planning, execution, and supervision of electrical works in building construction projects
【~】✪ Ensure compliance with electrical safety standards and regulations
【~】✪ Coordinate with project teams, contractors, and site staff to ensure timely project delivery
【~】✪ Inspect and test electrical installations, systems, and equipment
【~】✪ Prepare and maintain project documentation and progress reports
【~】✪ Troubleshoot and resolve electrical issues on-site
✅ 𝐁𝐄𝐍𝐄𝐅𝐈𝐓𝐒 :
【~】✪ We offer an attractive remuneration package & incentives that are above market standards for the suitable candidate.
【~】✪ Excellent career progression opportunities in a professional environment
【~】✪ Work with Sri Lanka's leading construction company
【~】✪ Be part of dynamic projects driving the nation forward
✅ 𝐇𝐎𝐖 𝐓𝐎 𝐀𝐏𝐏𝐋𝐘 ✍️ :
If you feel you are the right individual for the above position, then apply via ""𝗔𝗽𝗽𝗹𝘆 𝗡𝗼𝘄"" of this advert.
📌 Kindly send your CV to the email below.
[ 𝐖𝐄 𝐇𝐈𝐆𝐇𝐋𝐘 𝐈𝐍𝐅𝐎𝐑𝐌 𝐀𝐋𝐋 𝐓𝐇𝐄 𝐂𝐀𝐍𝐃𝐈𝐃𝐀𝐓𝐄𝐒 𝐓𝐎 𝐌𝐄𝐍𝐓𝐈𝐎𝐍 𝐀 𝐕𝐀𝐋𝐈𝐃 𝐌𝐎𝐁𝐈𝐋𝐄 𝐍𝐔𝐌𝐁𝐄𝐑 & 𝐈𝐓 𝐈𝐒 𝐂𝐎𝐌𝐏𝐔𝐋𝐒𝐎𝐑𝐘 𝐓𝐎 𝐀𝐓𝐓𝐀𝐂𝐇 𝐘𝐎𝐔𝐑 𝐂𝐕 𝐁𝐘 𝐔𝐏𝐃𝐀𝐓𝐈𝐍𝐆 𝐘𝐎𝐔𝐑 ""𝗜𝗞𝗠𝗔𝗡 𝗥𝗘𝗦𝗨𝗠𝗘"" ]
＃📳 𝓒𝓸𝓷𝓽𝓪𝓬𝓽 :
011 280 8835
＃ 📧 𝓔𝓶𝓪𝓲𝓵 :
hr@maga.lk
🌐 𝐂𝐎𝐌𝐏𝐀𝐍𝐘 𝐈𝐍𝐅𝐎 :
Join hands to shape the future. Realise your professional goals within a rewarding environment at MAGA, Sri Lanka's leading construction company. Join the dynamic team driving the nation forward.
📍 Address: Manager Human Resources, Maga Engineering (Pvt) Ltd, 200, Nawala Road, Narahenpita, Colombo 05
📧 E-mail: hr@maga.lk | 📞 Tel: 011 280 8835",,
https://ikman.lk/en/ad/engineering-assistant-colombo-5-hambantota,"💼 𝐏𝐎𝐒𝐈𝐓𝐈𝐎𝐍 : Engineering Assistant – Electrical
🏢 Maga Engineering (Pvt) Ltd – Sri Lanka's Leading Construction Company
📍 Location: Housing Project - Rajagiriya
💠 𝐑𝐄𝐐𝐔𝐈𝐑𝐄𝐌𝐄𝐍𝐓𝐒 : | # 💠 𝐂𝐀𝐍𝐃𝐈𝐃𝐀𝐓𝐄 𝐏𝐑𝐎𝐅𝐈𝐋𝐄 :
【~】✪ NVQ Level 6 (HND in Electrical Engineering)
【~】✪ Minimum 05 years of experience, of which at least 03 years in Electrical works of building construction projects
【~】✪ Strong knowledge of electrical systems and construction practices
【~】✪ Ability to work effectively in a team-oriented environment
【~】✪ Good communication and problem-solving skills
💠 𝐑𝐄𝐒𝐏𝐎𝐍𝐒𝐈𝐁𝐈𝐋𝐈𝐓𝐈𝐄𝐒 : | # 💠 𝐉𝐎𝐁 𝐏𝐑𝐎𝐅𝐈𝐋𝐄 :
【~】✪ Assist in the planning, execution, and supervision of electrical works in building construction projects
【~】✪ Ensure compliance with electrical safety standards and regulations
【~】✪ Coordinate with project teams, contractors, and site staff to ensure timely project delivery
【~】✪ Inspect and test electrical installations, systems, and equipment
【~】✪ Prepare and maintain project documentation and progress reports
【~】✪ Troubleshoot and resolve electrical issues on-site
✅ 𝐁𝐄𝐍𝐄𝐅𝐈𝐓𝐒 :
【~】✪ We offer an attractive remuneration package & incentives that are above market standards for the suitable candidate.
【~】✪ Excellent career progression opportunities in a professional environment
【~】✪ Work with Sri Lanka's leading construction company
【~】✪ Be part of dynamic projects driving the nation forward
✅ 𝐇𝐎𝐖 𝐓𝐎 𝐀𝐏𝐏𝐋𝐘 ✍️ :
If you feel you are the right individual for the above position, then apply via ""𝗔𝗽𝗽𝗹𝘆 𝗡𝗼𝘄"" of this advert.
📌 Kindly send your CV to the email below.
[ 𝐖𝐄 𝐇𝐈𝐆𝐇𝐋𝐘 𝐈𝐍𝐅𝐎𝐑𝐌 𝐀𝐋𝐋 𝐓𝐇𝐄 𝐂𝐀𝐍𝐃𝐈𝐃𝐀𝐓𝐄𝐒 𝐓𝐎 𝐌𝐄𝐍𝐓𝐈𝐎𝐍 𝐀 𝐕𝐀𝐋𝐈𝐃 𝐌𝐎𝐁𝐈𝐋𝐄 𝐍𝐔𝐌𝐁𝐄𝐑 & 𝐈𝐓 𝐈𝐒 𝐂𝐎𝐌𝐏𝐔𝐋𝐒𝐎𝐑𝐘 𝐓𝐎 𝐀𝐓𝐓𝐀𝐂𝐇 𝐘𝐎𝐔𝐑 𝐂𝐕 𝐁𝐘 𝐔𝐏𝐃𝐀𝐓𝐈𝐍𝐆 𝐘𝐎𝐔𝐑 ""𝗜𝗞𝗠𝗔𝗡 𝗥𝗘𝗦𝗨𝗠𝗘"" ]
＃📳 𝓒𝓸𝓷𝓽𝓪𝓬𝓽 :
011 280 8835
＃ 📧 𝓔𝓶𝓪𝓲𝓵 :
hr@maga.lk
🌐 𝐂𝐎𝐌𝐏𝐀𝐍𝐘 𝐈𝐍𝐅𝐎 :
Join hands to shape the future. Realise your professional goals within a rewarding environment at MAGA, Sri Lanka's leading construction company. Join the dynamic team driving the nation forward.
📍 Address: Manager Human Resources, Maga Engineering (Pvt) Ltd, 200, Nawala Road, Narahenpita, Colombo 05
📧 E-mail: hr@maga.lk | 📞 Tel: 011 280 8835",,
https://ikman.lk/en/ad/engineering-assistant-colombo-5-jaffna,"💼 𝐏𝐎𝐒𝐈𝐓𝐈𝐎𝐍 : Engineering Assistant – Electrical
🏢 Maga Engineering (Pvt) Ltd – Sri Lanka's Leading Construction Company
📍 Location: Housing Project - Rajagiriya
💠 𝐑𝐄𝐐𝐔𝐈𝐑𝐄𝐌𝐄𝐍𝐓𝐒 : | # 💠 𝐂𝐀𝐍𝐃𝐈𝐃𝐀𝐓𝐄 𝐏𝐑𝐎𝐅𝐈𝐋𝐄 :
【~】✪ NVQ Level 6 (HND in Electrical Engineering)
【~】✪ Minimum 05 years of experience, of which at least 03 years in Electrical works of building construction projects
【~】✪ Strong knowledge of electrical systems and construction practices
【~】✪ Ability to work effectively in a team-oriented environment
【~】✪ Good communication and problem-solving skills
💠 𝐑𝐄𝐒𝐏𝐎𝐍𝐒𝐈𝐁𝐈𝐋𝐈𝐓𝐈𝐄𝐒 : | # 💠 𝐉𝐎𝐁 𝐏𝐑𝐎𝐅𝐈𝐋𝐄 :
【~】✪ Assist in the planning, execution, and supervision of electrical works in building construction projects
【~】✪ Ensure compliance with electrical safety standards and regulations
【~】✪ Coordinate with project teams, contractors, and site staff to ensure timely project delivery
【~】✪ Inspect and test electrical installations, systems, and equipment
【~】✪ Prepare and maintain project documentation and progress reports
【~】✪ Troubleshoot and resolve electrical issues on-site
✅ 𝐁𝐄𝐍𝐄𝐅𝐈𝐓𝐒 :
【~】✪ We offer an attractive remuneration package & incentives that are above market standards for the suitable candidate.
【~】✪ Excellent career progression opportunities in a professional environment
【~】✪ Work with Sri Lanka's leading construction company
【~】✪ Be part of dynamic projects driving the nation forward
✅ 𝐇𝐎𝐖 𝐓𝐎 𝐀𝐏𝐏𝐋𝐘 ✍️ :
If you feel you are the right individual for the above position, then apply via ""𝗔𝗽𝗽𝗹𝘆 𝗡𝗼𝘄"" of this advert.
📌 Kindly send your CV to the email below.
[ 𝐖𝐄 𝐇𝐈𝐆𝐇𝐋𝐘 𝐈𝐍𝐅𝐎𝐑𝐌 𝐀𝐋𝐋 𝐓𝐇𝐄 𝐂𝐀𝐍𝐃𝐈𝐃𝐀𝐓𝐄𝐒 𝐓𝐎 𝐌𝐄𝐍𝐓𝐈𝐎𝐍 𝐀 𝐕𝐀𝐋𝐈𝐃 𝐌𝐎𝐁𝐈𝐋𝐄 𝐍𝐔𝐌𝐁𝐄𝐑 & 𝐈𝐓 𝐈𝐒 𝐂𝐎𝐌𝐏𝐔𝐋𝐒𝐎𝐑𝐘 𝐓𝐎 𝐀𝐓𝐓𝐀𝐂𝐇 𝐘𝐎𝐔𝐑 𝐂𝐕 𝐁𝐘 𝐔𝐏𝐃𝐀𝐓𝐈𝐍𝐆 𝐘𝐎𝐔𝐑 ""𝗜𝗞𝗠𝗔𝗡 𝗥𝗘𝗦𝗨𝗠𝗘"" ]
＃📳 𝓒𝓸𝓷𝓽𝓪𝓬𝓽 :
011 280 8835
＃ 📧 𝓔𝓶𝓪𝓲𝓵 :
hr@maga.lk
🌐 𝐂𝐎𝐌𝐏𝐀𝐍𝐘 𝐈𝐍𝐅𝐎 :
Join hands to shape the future. Realise your professional goals within a rewarding environment at MAGA, Sri Lanka's leading construction company. Join the dynamic team driving the nation forward.
📍 Address: Manager Human Resources, Maga Engineering (Pvt) Ltd, 200, Nawala Road, Narahenpita, Colombo 05
📧 E-mail: hr@maga.lk | 📞 Tel: 011 280 8835",,
https://ikman.lk/en/ad/engineering-assistant-colombo-5-kurunegala,"💼 𝐏𝐎𝐒𝐈𝐓𝐈𝐎𝐍 : Engineering Assistant – Electrical
🏢 Maga Engineering (Pvt) Ltd – Sri Lanka's Leading Construction Company
📍 Location: Housing Project - Rajagiriya
💠 𝐑𝐄𝐐𝐔𝐈𝐑𝐄𝐌𝐄𝐍𝐓𝐒 : | # 💠 𝐂𝐀𝐍𝐃𝐈𝐃𝐀𝐓𝐄 𝐏𝐑𝐎𝐅𝐈𝐋𝐄 :
【~】✪ NVQ Level 6 (HND in Electrical Engineering)
【~】✪ Minimum 05 years of experience, of which at least 03 years in Electrical works of building construction projects
【~】✪ Strong knowledge of electrical systems and construction practices
【~】✪ Ability to work effectively in a team-oriented environment
【~】✪ Good communication and problem-solving skills
💠 𝐑𝐄𝐒𝐏𝐎𝐍𝐒𝐈𝐁𝐈𝐋𝐈𝐓𝐈𝐄𝐒 : | # 💠 𝐉𝐎𝐁 𝐏𝐑𝐎𝐅𝐈𝐋𝐄 :
【~】✪ Assist in the planning, execution, and supervision of electrical works in building construction projects
【~】✪ Ensure compliance with electrical safety standards and regulations
【~】✪ Coordinate with project teams, contractors, and site staff to ensure timely project delivery
【~】✪ Inspect and test electrical installations, systems, and equipment
【~】✪ Prepare and maintain project documentation and progress reports
【~】✪ Troubleshoot and resolve electrical issues on-site
✅ 𝐁𝐄𝐍𝐄𝐅𝐈𝐓𝐒 :
【~】✪ We offer an attractive remuneration package & incentives that are above market standards for the suitable candidate.
【~】✪ Excellent career progression opportunities in a professional environment
【~】✪ Work with Sri Lanka's leading construction company
【~】✪ Be part of dynamic projects driving the nation forward
✅ 𝐇𝐎𝐖 𝐓𝐎 𝐀𝐏𝐏𝐋𝐘 ✍️ :
If you feel you are the right individual for the above position, then apply via ""𝗔𝗽𝗽𝗹𝘆 𝗡𝗼𝘄"" of this advert.
📌 Kindly send your CV to the email below.
[ 𝐖𝐄 𝐇𝐈𝐆𝐇𝐋𝐘 𝐈𝐍𝐅𝐎𝐑𝐌 𝐀𝐋𝐋 𝐓𝐇𝐄 𝐂𝐀𝐍𝐃𝐈𝐃𝐀𝐓𝐄𝐒 𝐓𝐎 𝐌𝐄𝐍𝐓𝐈𝐎𝐍 𝐀 𝐕𝐀𝐋𝐈𝐃 𝐌𝐎𝐁𝐈𝐋𝐄 𝐍𝐔𝐌𝐁𝐄𝐑 & 𝐈𝐓 𝐈𝐒 𝐂𝐎𝐌𝐏𝐔𝐋𝐒𝐎𝐑𝐘 𝐓𝐎 𝐀𝐓𝐓𝐀𝐂𝐇 𝐘𝐎𝐔𝐑 𝐂𝐕 𝐁𝐘 𝐔𝐏𝐃𝐀𝐓𝐈𝐍𝐆 𝐘𝐎𝐔𝐑 ""𝗜𝗞𝗠𝗔𝗡 𝗥𝗘𝗦𝗨𝗠𝗘"" ]
＃📳 𝓒𝓸𝓷𝓽𝓪𝓬𝓽 :
011 280 8835
＃ 📧 𝓔𝓶𝓪𝓲𝓵 :
hr@maga.lk
🌐 𝐂𝐎𝐌𝐏𝐀𝐍𝐘 𝐈𝐍𝐅𝐎 :
Join hands to shape the future. Realise your professional goals within a rewarding environment at MAGA, Sri Lanka's leading construction company. Join the dynamic team driving the nation forward.
📍 Address: Manager Human Resources, Maga Engineering (Pvt) Ltd, 200, Nawala Road, Narahenpita, Colombo 05
📧 E-mail: hr@maga.lk | 📞 Tel: 011 280 8835",,
https://ikman.lk/en/ad/engineering-assistant-colombo-5-kegalle,"💼 𝐏𝐎𝐒𝐈𝐓𝐈𝐎𝐍 : Engineering Assistant – Electrical
🏢 Maga Engineering (Pvt) Ltd – Sri Lanka's Leading Construction Company
📍 Location: Housing Project - Rajagiriya
💠 𝐑𝐄𝐐𝐔𝐈𝐑𝐄𝐌𝐄𝐍𝐓𝐒 : | # 💠 𝐂𝐀𝐍𝐃𝐈𝐃𝐀𝐓𝐄 𝐏𝐑𝐎𝐅𝐈𝐋𝐄 :
【~】✪ NVQ Level 6 (HND in Electrical Engineering)
【~】✪ Minimum 05 years of experience, of which at least 03 years in Electrical works of building construction projects
【~】✪ Strong knowledge of electrical systems and construction practices
【~】✪ Ability to work effectively in a team-oriented environment
【~】✪ Good communication and problem-solving skills
💠 𝐑𝐄𝐒𝐏𝐎𝐍𝐒𝐈𝐁𝐈𝐋𝐈𝐓𝐈𝐄𝐒 : | # 💠 𝐉𝐎𝐁 𝐏𝐑𝐎𝐅𝐈𝐋𝐄 :
【~】✪ Assist in the planning, execution, and supervision of electrical works in building construction projects
【~】✪ Ensure compliance with electrical safety standards and regulations
【~】✪ Coordinate with project teams, contractors, and site staff to ensure timely project delivery
【~】✪ Inspect and test electrical installations, systems, and equipment
【~】✪ Prepare and maintain project documentation and progress reports
【~】✪ Troubleshoot and resolve electrical issues on-site
✅ 𝐁𝐄𝐍𝐄𝐅𝐈𝐓𝐒 :
【~】✪ We offer an attractive remuneration package & incentives that are above market standards for the suitable candidate.
【~】✪ Excellent career progression opportunities in a professional environment
【~】✪ Work with Sri Lanka's leading construction company
【~】✪ Be part of dynamic projects driving the nation forward
✅ 𝐇𝐎𝐖 𝐓𝐎 𝐀𝐏𝐏𝐋𝐘 ✍️ :
If you feel you are the right individual for the above position, then apply via ""𝗔𝗽𝗽𝗹𝘆 𝗡𝗼𝘄"" of this advert.
📌 Kindly send your CV to the email below.
[ 𝐖𝐄 𝐇𝐈𝐆𝐇𝐋𝐘 𝐈𝐍𝐅𝐎𝐑𝐌 𝐀𝐋𝐋 𝐓𝐇𝐄 𝐂𝐀𝐍𝐃𝐈𝐃𝐀𝐓𝐄𝐒 𝐓𝐎 𝐌𝐄𝐍𝐓𝐈𝐎𝐍 𝐀 𝐕𝐀𝐋𝐈𝐃 𝐌𝐎𝐁𝐈𝐋𝐄 𝐍𝐔𝐌𝐁𝐄𝐑 & 𝐈𝐓 𝐈𝐒 𝐂𝐎𝐌𝐏𝐔𝐋𝐒𝐎𝐑𝐘 𝐓𝐎 𝐀𝐓𝐓𝐀𝐂𝐇 𝐘𝐎𝐔𝐑 𝐂𝐕 𝐁𝐘 𝐔𝐏𝐃𝐀𝐓𝐈𝐍𝐆 𝐘𝐎𝐔𝐑 ""𝗜𝗞𝗠𝗔𝗡 𝗥𝗘𝗦𝗨𝗠𝗘"" ]
＃📳 𝓒𝓸𝓷𝓽𝓪𝓬𝓽 :
011 280 8835
＃ 📧 𝓔𝓶𝓪𝓲𝓵 :
hr@maga.lk
🌐 𝐂𝐎𝐌𝐏𝐀𝐍𝐘 𝐈𝐍𝐅𝐎 :
Join hands to shape the future. Realise your professional goals within a rewarding environment at MAGA, Sri Lanka's leading construction company. Join the dynamic team driving the nation forward.
📍 Address: Manager Human Resources, Maga Engineering (Pvt) Ltd, 200, Nawala Road, Narahenpita, Colombo 05
📧 E-mail: hr@maga.lk | 📞 Tel: 011 280 8835",,
https://ikman.lk/en/ad/engineering-assistant-colombo-5-kilinochchi,"💼 𝐏𝐎𝐒𝐈𝐓𝐈𝐎𝐍 : Engineering Assistant – Electrical
🏢 Maga Engineering (Pvt) Ltd – Sri Lanka's Leading Construction Company
📍 Location: Housing Project - Rajagiriya
💠 𝐑𝐄𝐐𝐔𝐈𝐑𝐄𝐌𝐄𝐍𝐓𝐒 : | # 💠 𝐂𝐀𝐍𝐃𝐈𝐃𝐀𝐓𝐄 𝐏𝐑𝐎𝐅𝐈𝐋𝐄 :
【~】✪ NVQ Level 6 (HND in Electrical Engineering)
【~】✪ Minimum 05 years of experience, of which at least 03 years in Electrical works of building construction projects
【~】✪ Strong knowledge of electrical systems and construction practices
【~】✪ Ability to work effectively in a team-oriented environment
【~】✪ Good communication and problem-solving skills
💠 𝐑𝐄𝐒𝐏𝐎𝐍𝐒𝐈𝐁𝐈𝐋𝐈𝐓𝐈𝐄𝐒 : | # 💠 𝐉𝐎𝐁 𝐏𝐑𝐎𝐅𝐈𝐋𝐄 :
【~】✪ Assist in the planning, execution, and supervision of electrical works in building construction projects
【~】✪ Ensure compliance with electrical safety standards and regulations
【~】✪ Coordinate with project teams, contractors, and site staff to ensure timely project delivery
【~】✪ Inspect and test electrical installations, systems, and equipment
【~】✪ Prepare and maintain project documentation and progress reports
【~】✪ Troubleshoot and resolve electrical issues on-site
✅ 𝐁𝐄𝐍𝐄𝐅𝐈𝐓𝐒 :
【~】✪ We offer an attractive remuneration package & incentives that are above market standards for the suitable candidate.
【~】✪ Excellent career progression opportunities in a professional environment
【~】✪ Work with Sri Lanka's leading construction company
【~】✪ Be part of dynamic projects driving the nation forward
✅ 𝐇𝐎𝐖 𝐓𝐎 𝐀𝐏𝐏𝐋𝐘 ✍️ :
If you feel you are the right individual for the above position, then apply via ""𝗔𝗽𝗽𝗹𝘆 𝗡𝗼𝘄"" of this advert.
📌 Kindly send your CV to the email below.
[ 𝐖𝐄 𝐇𝐈𝐆𝐇𝐋𝐘 𝐈𝐍𝐅𝐎𝐑𝐌 𝐀𝐋𝐋 𝐓𝐇𝐄 𝐂𝐀𝐍𝐃𝐈𝐃𝐀𝐓𝐄𝐒 𝐓𝐎 𝐌𝐄𝐍𝐓𝐈𝐎𝐍 𝐀 𝐕𝐀𝐋𝐈𝐃 𝐌𝐎𝐁𝐈𝐋𝐄 𝐍𝐔𝐌𝐁𝐄𝐑 & 𝐈𝐓 𝐈𝐒 𝐂𝐎𝐌𝐏𝐔𝐋𝐒𝐎𝐑𝐘 𝐓𝐎 𝐀𝐓𝐓𝐀𝐂𝐇 𝐘𝐎𝐔𝐑 𝐂𝐕 𝐁𝐘 𝐔𝐏𝐃𝐀𝐓𝐈𝐍𝐆 𝐘𝐎𝐔𝐑 ""𝗜𝗞𝗠𝗔𝗡 𝗥𝗘𝗦𝗨𝗠𝗘"" ]
＃📳 𝓒𝓸𝓷𝓽𝓪𝓬𝓽 :
011 280 8835
＃ 📧 𝓔𝓶𝓪𝓲𝓵 :
hr@maga.lk
🌐 𝐂𝐎𝐌𝐏𝐀𝐍𝐘 𝐈𝐍𝐅𝐎 :
Join hands to shape the future. Realise your professional goals within a rewarding environment at MAGA, Sri Lanka's leading construction company. Join the dynamic team driving the nation forward.
📍 Address: Manager Human Resources, Maga Engineering (Pvt) Ltd, 200, Nawala Road, Narahenpita, Colombo 05
📧 E-mail: hr@maga.lk | 📞 Tel: 011 280 8835",,
https://ikman.lk/en/ad/engineering-assistant-colombo-5-monaragala,"💼 𝐏𝐎𝐒𝐈𝐓𝐈𝐎𝐍 : Engineering Assistant – Electrical
🏢 Maga Engineering (Pvt) Ltd – Sri Lanka's Leading Construction Company
📍 Location: Housing Project - Rajagiriya
💠 𝐑𝐄𝐐𝐔𝐈𝐑𝐄𝐌𝐄𝐍𝐓𝐒 : | # 💠 𝐂𝐀𝐍𝐃𝐈𝐃𝐀𝐓𝐄 𝐏𝐑𝐎𝐅𝐈𝐋𝐄 :
【~】✪ NVQ Level 6 (HND in Electrical Engineering)
【~】✪ Minimum 05 years of experience, of which at least 03 years in Electrical works of building construction projects
【~】✪ Strong knowledge of electrical systems and construction practices
【~】✪ Ability to work effectively in a team-oriented environment
【~】✪ Good communication and problem-solving skills
💠 𝐑𝐄𝐒𝐏𝐎𝐍𝐒𝐈𝐁𝐈𝐋𝐈𝐓𝐈𝐄𝐒 : | # 💠 𝐉𝐎𝐁 𝐏𝐑𝐎𝐅𝐈𝐋𝐄 :
【~】✪ Assist in the planning, execution, and supervision of electrical works in building construction projects
【~】✪ Ensure compliance with electrical safety standards and regulations
【~】✪ Coordinate with project teams, contractors, and site staff to ensure timely project delivery
【~】✪ Inspect and test electrical installations, systems, and equipment
【~】✪ Prepare and maintain project documentation and progress reports
【~】✪ Troubleshoot and resolve electrical issues on-site
✅ 𝐁𝐄𝐍𝐄𝐅𝐈𝐓𝐒 :
【~】✪ We offer an attractive remuneration package & incentives that are above market standards for the suitable candidate.
【~】✪ Excellent career progression opportunities in a professional environment
【~】✪ Work with Sri Lanka's leading construction company
【~】✪ Be part of dynamic projects driving the nation forward
✅ 𝐇𝐎𝐖 𝐓𝐎 𝐀𝐏𝐏𝐋𝐘 ✍️ :
If you feel you are the right individual for the above position, then apply via ""𝗔𝗽𝗽𝗹𝘆 𝗡𝗼𝘄"" of this advert.
📌 Kindly send your CV to the email below.
[ 𝐖𝐄 𝐇𝐈𝐆𝐇𝐋𝐘 𝐈𝐍𝐅𝐎𝐑𝐌 𝐀𝐋𝐋 𝐓𝐇𝐄 𝐂𝐀𝐍𝐃𝐈𝐃𝐀𝐓𝐄𝐒 𝐓𝐎 𝐌𝐄𝐍𝐓𝐈𝐎𝐍 𝐀 𝐕𝐀𝐋𝐈𝐃 𝐌𝐎𝐁𝐈𝐋𝐄 𝐍𝐔𝐌𝐁𝐄𝐑 & 𝐈𝐓 𝐈𝐒 𝐂𝐎𝐌𝐏𝐔𝐋𝐒𝐎𝐑𝐘 𝐓𝐎 𝐀𝐓𝐓𝐀𝐂𝐇 𝐘𝐎𝐔𝐑 𝐂𝐕 𝐁𝐘 𝐔𝐏𝐃𝐀𝐓𝐈𝐍𝐆 𝐘𝐎𝐔𝐑 ""𝗜𝗞𝗠𝗔𝗡 𝗥𝗘𝗦𝗨𝗠𝗘"" ]
＃📳 𝓒𝓸𝓷𝓽𝓪𝓬𝓽 :
011 280 8835
＃ 📧 𝓔𝓶𝓪𝓲𝓵 :
hr@maga.lk
🌐 𝐂𝐎𝐌𝐏𝐀𝐍𝐘 𝐈𝐍𝐅𝐎 :
Join hands to shape the future. Realise your professional goals within a rewarding environment at MAGA, Sri Lanka's leading construction company. Join the dynamic team driving the nation forward.
📍 Address: Manager Human Resources, Maga Engineering (Pvt) Ltd, 200, Nawala Road, Narahenpita, Colombo 05
📧 E-mail: hr@maga.lk | 📞 Tel: 011 280 8835",,
https://ikman.lk/en/ad/engineering-assistant-colombo-5-matale,"💼 𝐏𝐎𝐒𝐈𝐓𝐈𝐎𝐍 : Engineering Assistant – Electrical
🏢 Maga Engineering (Pvt) Ltd – Sri Lanka's Leading Construction Company
📍 Location: Housing Project - Rajagiriya
💠 𝐑𝐄𝐐𝐔𝐈𝐑𝐄𝐌𝐄𝐍𝐓𝐒 : | # 💠 𝐂𝐀𝐍𝐃𝐈𝐃𝐀𝐓𝐄 𝐏𝐑𝐎𝐅𝐈𝐋𝐄 :
【~】✪ NVQ Level 6 (HND in Electrical Engineering)
【~】✪ Minimum 05 years of experience, of which at least 03 years in Electrical works of building construction projects
【~】✪ Strong knowledge of electrical systems and construction practices
【~】✪ Ability to work effectively in a team-oriented environment
【~】✪ Good communication and problem-solving skills
💠 𝐑𝐄𝐒𝐏𝐎𝐍𝐒𝐈𝐁𝐈𝐋𝐈𝐓𝐈𝐄𝐒 : | # 💠 𝐉𝐎𝐁 𝐏𝐑𝐎𝐅𝐈𝐋𝐄 :
【~】✪ Assist in the planning, execution, and supervision of electrical works in building construction projects
【~】✪ Ensure compliance with electrical safety standards and regulations
【~】✪ Coordinate with project teams, contractors, and site staff to ensure timely project delivery
【~】✪ Inspect and test electrical installations, systems, and equipment
【~】✪ Prepare and maintain project documentation and progress reports
【~】✪ Troubleshoot and resolve electrical issues on-site
✅ 𝐁𝐄𝐍𝐄𝐅𝐈𝐓𝐒 :
【~】✪ We offer an attractive remuneration package & incentives that are above market standards for the suitable candidate.
【~】✪ Excellent career progression opportunities in a professional environment
【~】✪ Work with Sri Lanka's leading construction company
【~】✪ Be part of dynamic projects driving the nation forward
✅ 𝐇𝐎𝐖 𝐓𝐎 𝐀𝐏𝐏𝐋𝐘 ✍️ :
If you feel you are the right individual for the above position, then apply via ""𝗔𝗽𝗽𝗹𝘆 𝗡𝗼𝘄"" of this advert.
📌 Kindly send your CV to the email below.
[ 𝐖𝐄 𝐇𝐈𝐆𝐇𝐋𝐘 𝐈𝐍𝐅𝐎𝐑𝐌 𝐀𝐋𝐋 𝐓𝐇𝐄 𝐂𝐀𝐍𝐃𝐈𝐃𝐀𝐓𝐄𝐒 𝐓𝐎 𝐌𝐄𝐍𝐓𝐈𝐎𝐍 𝐀 𝐕𝐀𝐋𝐈𝐃 𝐌𝐎𝐁𝐈𝐋𝐄 𝐍𝐔𝐌𝐁𝐄𝐑 & 𝐈𝐓 𝐈𝐒 𝐂𝐎𝐌𝐏𝐔𝐋𝐒𝐎𝐑𝐘 𝐓𝐎 𝐀𝐓𝐓𝐀𝐂𝐇 𝐘𝐎𝐔𝐑 𝐂𝐕 𝐁𝐘 𝐔𝐏𝐃𝐀𝐓𝐈𝐍𝐆 𝐘𝐎𝐔𝐑 ""𝗜𝗞𝗠𝗔𝗡 𝗥𝗘𝗦𝗨𝗠𝗘"" ]
＃📳 𝓒𝓸𝓷𝓽𝓪𝓬𝓽 :
011 280 8835
＃ 📧 𝓔𝓶𝓪𝓲𝓵 :
hr@maga.lk
🌐 𝐂𝐎𝐌𝐏𝐀𝐍𝐘 𝐈𝐍𝐅𝐎 :
Join hands to shape the future. Realise your professional goals within a rewarding environment at MAGA, Sri Lanka's leading construction company. Join the dynamic team driving the nation forward.
📍 Address: Manager Human Resources, Maga Engineering (Pvt) Ltd, 200, Nawala Road, Narahenpita, Colombo 05
📧 E-mail: hr@maga.lk | 📞 Tel: 011 280 8835",,
https://ikman.lk/en/ad/engineering-assistant-colombo-5-matara,"💼 𝐏𝐎𝐒𝐈𝐓𝐈𝐎𝐍 : Engineering Assistant – Electrical
🏢 Maga Engineering (Pvt) Ltd – Sri Lanka's Leading Construction Company
📍 Location: Housing Project - Rajagiriya
💠 𝐑𝐄𝐐𝐔𝐈𝐑𝐄𝐌𝐄𝐍𝐓𝐒 : | # 💠 𝐂𝐀𝐍𝐃𝐈𝐃𝐀𝐓𝐄 𝐏𝐑𝐎𝐅𝐈𝐋𝐄 :
【~】✪ NVQ Level 6 (HND in Electrical Engineering)
【~】✪ Minimum 05 years of experience, of which at least 03 years in Electrical works of building construction projects
【~】✪ Strong knowledge of electrical systems and construction practices
【~】✪ Ability to work effectively in a team-oriented environment
【~】✪ Good communication and problem-solving skills
💠 𝐑𝐄𝐒𝐏𝐎𝐍𝐒𝐈𝐁𝐈𝐋𝐈𝐓𝐈𝐄𝐒 : | # 💠 𝐉𝐎𝐁 𝐏𝐑𝐎𝐅𝐈𝐋𝐄 :
【~】✪ Assist in the planning, execution, and supervision of electrical works in building construction projects
【~】✪ Ensure compliance with electrical safety standards and regulations
【~】✪ Coordinate with project teams, contractors, and site staff to ensure timely project delivery
【~】✪ Inspect and test electrical installations, systems, and equipment
【~】✪ Prepare and maintain project documentation and progress reports
【~】✪ Troubleshoot and resolve electrical issues on-site
✅ 𝐁𝐄𝐍𝐄𝐅𝐈𝐓𝐒 :
【~】✪ We offer an attractive remuneration package & incentives that are above market standards for the suitable candidate.
【~】✪ Excellent career progression opportunities in a professional environment
【~】✪ Work with Sri Lanka's leading construction company
【~】✪ Be part of dynamic projects driving the nation forward
✅ 𝐇𝐎𝐖 𝐓𝐎 𝐀𝐏𝐏𝐋𝐘 ✍️ :
If you feel you are the right individual for the above position, then apply via ""𝗔𝗽𝗽𝗹𝘆 𝗡𝗼𝘄"" of this advert.
📌 Kindly send your CV to the email below.
[ 𝐖𝐄 𝐇𝐈𝐆𝐇𝐋𝐘 𝐈𝐍𝐅𝐎𝐑𝐌 𝐀𝐋𝐋 𝐓𝐇𝐄 𝐂𝐀𝐍𝐃𝐈𝐃𝐀𝐓𝐄𝐒 𝐓𝐎 𝐌𝐄𝐍𝐓𝐈𝐎𝐍 𝐀 𝐕𝐀𝐋𝐈𝐃 𝐌𝐎𝐁𝐈𝐋𝐄 𝐍𝐔𝐌𝐁𝐄𝐑 & 𝐈𝐓 𝐈𝐒 𝐂𝐎𝐌𝐏𝐔𝐋𝐒𝐎𝐑𝐘 𝐓𝐎 𝐀𝐓𝐓𝐀𝐂𝐇 𝐘𝐎𝐔𝐑 𝐂𝐕 𝐁𝐘 𝐔𝐏𝐃𝐀𝐓𝐈𝐍𝐆 𝐘𝐎𝐔𝐑 ""𝗜𝗞𝗠𝗔𝗡 𝗥𝗘𝗦𝗨𝗠𝗘"" ]
＃📳 𝓒𝓸𝓷𝓽𝓪𝓬𝓽 :
011 280 8835
＃ 📧 𝓔𝓶𝓪𝓲𝓵 :
hr@maga.lk
🌐 𝐂𝐎𝐌𝐏𝐀𝐍𝐘 𝐈𝐍𝐅𝐎 :
Join hands to shape the future. Realise your professional goals within a rewarding environment at MAGA, Sri Lanka's leading construction company. Join the dynamic team driving the nation forward.
📍 Address: Manager Human Resources, Maga Engineering (Pvt) Ltd, 200, Nawala Road, Narahenpita, Colombo 05
📧 E-mail: hr@maga.lk | 📞 Tel: 011 280 8835",,
https://ikman.lk/en/ad/engineering-assistant-colombo-5-nuwara-eliya,"💼 𝐏𝐎𝐒𝐈𝐓𝐈𝐎𝐍 : Engineering Assistant – Electrical
🏢 Maga Engineering (Pvt) Ltd – Sri Lanka's Leading Construction Company
📍 Location: Housing Project - Rajagiriya
💠 𝐑𝐄𝐐𝐔𝐈𝐑𝐄𝐌𝐄𝐍𝐓𝐒 : | # 💠 𝐂𝐀𝐍𝐃𝐈𝐃𝐀𝐓𝐄 𝐏𝐑𝐎𝐅𝐈𝐋𝐄 :
【~】✪ NVQ Level 6 (HND in Electrical Engineering)
【~】✪ Minimum 05 years of experience, of which at least 03 years in Electrical works of building construction projects
【~】✪ Strong knowledge of electrical systems and construction practices
【~】✪ Ability to work effectively in a team-oriented environment
【~】✪ Good communication and problem-solving skills
💠 𝐑𝐄𝐒𝐏𝐎𝐍𝐒𝐈𝐁𝐈𝐋𝐈𝐓𝐈𝐄𝐒 : | # 💠 𝐉𝐎𝐁 𝐏𝐑𝐎𝐅𝐈𝐋𝐄 :
【~】✪ Assist in the planning, execution, and supervision of electrical works in building construction projects
【~】✪ Ensure compliance with electrical safety standards and regulations
【~】✪ Coordinate with project teams, contractors, and site staff to ensure timely project delivery
【~】✪ Inspect and test electrical installations, systems, and equipment
【~】✪ Prepare and maintain project documentation and progress reports
【~】✪ Troubleshoot and resolve electrical issues on-site
✅ 𝐁𝐄𝐍𝐄𝐅𝐈𝐓𝐒 :
【~】✪ We offer an attractive remuneration package & incentives that are above market standards for the suitable candidate.
【~】✪ Excellent career progression opportunities in a professional environment
【~】✪ Work with Sri Lanka's leading construction company
【~】✪ Be part of dynamic projects driving the nation forward
✅ 𝐇𝐎𝐖 𝐓𝐎 𝐀𝐏𝐏𝐋𝐘 ✍️ :
If you feel you are the right individual for the above position, then apply via ""𝗔𝗽𝗽𝗹𝘆 𝗡𝗼𝘄"" of this advert.
📌 Kindly send your CV to the email below.
[ 𝐖𝐄 𝐇𝐈𝐆𝐇𝐋𝐘 𝐈𝐍𝐅𝐎𝐑𝐌 𝐀𝐋𝐋 𝐓𝐇𝐄 𝐂𝐀𝐍𝐃𝐈𝐃𝐀𝐓𝐄𝐒 𝐓𝐎 𝐌𝐄𝐍𝐓𝐈𝐎𝐍 𝐀 𝐕𝐀𝐋𝐈𝐃 𝐌𝐎𝐁𝐈𝐋𝐄 𝐍𝐔𝐌𝐁𝐄𝐑 & 𝐈𝐓 𝐈𝐒 𝐂𝐎𝐌𝐏𝐔𝐋𝐒𝐎𝐑𝐘 𝐓𝐎 𝐀𝐓𝐓𝐀𝐂𝐇 𝐘𝐎𝐔𝐑 𝐂𝐕 𝐁𝐘 𝐔𝐏𝐃𝐀𝐓𝐈𝐍𝐆 𝐘𝐎𝐔𝐑 ""𝗜𝗞𝗠𝗔𝗡 𝗥𝗘𝗦𝗨𝗠𝗘"" ]
＃📳 𝓒𝓸𝓷𝓽𝓪𝓬𝓽 :
011 280 8835
＃ 📧 𝓔𝓶𝓪𝓲𝓵 :
hr@maga.lk
🌐 𝐂𝐎𝐌𝐏𝐀𝐍𝐘 𝐈𝐍𝐅𝐎 :
Join hands to shape the future. Realise your professional goals within a rewarding environment at MAGA, Sri Lanka's leading construction company. Join the dynamic team driving the nation forward.
📍 Address: Manager Human Resources, Maga Engineering (Pvt) Ltd, 200, Nawala Road, Narahenpita, Colombo 05
📧 E-mail: hr@maga.lk | 📞 Tel: 011 280 8835",,
https://ikman.lk/en/ad/engineering-assistant-colombo-5-polonnaruwa,"💼 𝐏𝐎𝐒𝐈𝐓𝐈𝐎𝐍 : Engineering Assistant – Electrical
🏢 Maga Engineering (Pvt) Ltd – Sri Lanka's Leading Construction Company
📍 Location: Housing Project - Rajagiriya
💠 𝐑𝐄𝐐𝐔𝐈𝐑𝐄𝐌𝐄𝐍𝐓𝐒 : | # 💠 𝐂𝐀𝐍𝐃𝐈𝐃𝐀𝐓𝐄 𝐏𝐑𝐎𝐅𝐈𝐋𝐄 :
【~】✪ NVQ Level 6 (HND in Electrical Engineering)
【~】✪ Minimum 05 years of experience, of which at least 03 years in Electrical works of building construction projects
【~】✪ Strong knowledge of electrical systems and construction practices
【~】✪ Ability to work effectively in a team-oriented environment
【~】✪ Good communication and problem-solving skills
💠 𝐑𝐄𝐒𝐏𝐎𝐍𝐒𝐈𝐁𝐈𝐋𝐈𝐓𝐈𝐄𝐒 : | # 💠 𝐉𝐎𝐁 𝐏𝐑𝐎𝐅𝐈𝐋𝐄 :
【~】✪ Assist in the planning, execution, and supervision of electrical works in building construction projects
【~】✪ Ensure compliance with electrical safety standards and regulations
【~】✪ Coordinate with project teams, contractors, and site staff to ensure timely project delivery
【~】✪ Inspect and test electrical installations, systems, and equipment
【~】✪ Prepare and maintain project documentation and progress reports
【~】✪ Troubleshoot and resolve electrical issues on-site
✅ 𝐁𝐄𝐍𝐄𝐅𝐈𝐓𝐒 :
【~】✪ We offer an attractive remuneration package & incentives that are above market standards for the suitable candidate.
【~】✪ Excellent career progression opportunities in a professional environment
【~】✪ Work with Sri Lanka's leading construction company
【~】✪ Be part of dynamic projects driving the nation forward
✅ 𝐇𝐎𝐖 𝐓𝐎 𝐀𝐏𝐏𝐋𝐘 ✍️ :
If you feel you are the right individual for the above position, then apply via ""𝗔𝗽𝗽𝗹𝘆 𝗡𝗼𝘄"" of this advert.
📌 Kindly send your CV to the email below.
[ 𝐖𝐄 𝐇𝐈𝐆𝐇𝐋𝐘 𝐈𝐍𝐅𝐎𝐑𝐌 𝐀𝐋𝐋 𝐓𝐇𝐄 𝐂𝐀𝐍𝐃𝐈𝐃𝐀𝐓𝐄𝐒 𝐓𝐎 𝐌𝐄𝐍𝐓𝐈𝐎𝐍 𝐀 𝐕𝐀𝐋𝐈𝐃 𝐌𝐎𝐁𝐈𝐋𝐄 𝐍𝐔𝐌𝐁𝐄𝐑 & 𝐈𝐓 𝐈𝐒 𝐂𝐎𝐌𝐏𝐔𝐋𝐒𝐎𝐑𝐘 𝐓𝐎 𝐀𝐓𝐓𝐀𝐂𝐇 𝐘𝐎𝐔𝐑 𝐂𝐕 𝐁𝐘 𝐔𝐏𝐃𝐀𝐓𝐈𝐍𝐆 𝐘𝐎𝐔𝐑 ""𝗜𝗞𝗠𝗔𝗡 𝗥𝗘𝗦𝗨𝗠𝗘"" ]
＃📳 𝓒𝓸𝓷𝓽𝓪𝓬𝓽 :
011 280 8835
＃ 📧 𝓔𝓶𝓪𝓲𝓵 :
hr@maga.lk
🌐 𝐂𝐎𝐌𝐏𝐀𝐍𝐘 𝐈𝐍𝐅𝐎 :
Join hands to shape the future. Realise your professional goals within a rewarding environment at MAGA, Sri Lanka's leading construction company. Join the dynamic team driving the nation forward.
📍 Address: Manager Human Resources, Maga Engineering (Pvt) Ltd, 200, Nawala Road, Narahenpita, Colombo 05
📧 E-mail: hr@maga.lk | 📞 Tel: 011 280 8835",,
https://ikman.lk/en/ad/trainee-electronic-engineer-solutions-matara,"About NORVI Controllers
NORVI Controllers designs and manufactures industrial IoT hardware exported to Europe and North America. Our products are CE/EMC/RED certified and used in real industrial automation projects worldwide. We design and build from our facility in Midigama, Weligama, and have been shipping internationally since 2014.
The Role
We are looking for a Trainee Electronics Engineer to work on embedded systems design, control system design, and technical solutions development. This is a design and solutions role — not a production or testing position.
You will work on real engineering problems: understanding application requirements, designing embedded system solutions, and contributing to the development of control and automation applications. Over time, you will grow into a solutions architect role — designing technical solutions around customer industrial challenges.
What You Will Do
•  Work on embedded systems design and control system development projects
•  Analyse technical requirements and contribute to designing hardware and firmware solutions
•  Design, prototype, and test embedded system configurations for industrial automation applications
•  Develop and document technical solutions — circuit designs, system architecture, and application notes
•  Support the preparation of technical responses and solution documentation
•  Research industrial automation applications and contribute to technical content development
What We Are Looking For
•  Degree or HND in Electronics Engineering, Electrical Engineering, Mechatronics, or a related discipline
•  Solid foundation in electronics — circuit theory, microcontrollers, digital and analog systems
•  Understanding of or strong interest in embedded systems, control systems, and industrial automation
•  Hands-on experience with microcontroller-based projects — from coursework, personal projects, or industrial training
•  Logical, problem-solving approach to engineering challenges
•  Good written English — you will contribute to technical documentation
•  Genuinely curious about industrial systems and motivated to build real solutions
What We Offer
•  Permanent position with EPF/ETF
•  Exposure to international industrial automation applications across Europe and North America
•  A clear growth path into a Solutions Architect role as your skills develop
•  Hands-on learning environment — designing and building, not just observing
•  A technically driven team in a growing export company
Location
Our facility is in Midigama, Weligama, Southern Province. This is a full-time, on-site role. Candidates from the Southern Province are strongly encouraged to apply.
How to Apply
Send your CV and a short cover note to:
careers@norvi.io
Subject line: Trainee Electronics Engineer Application — [Your Name]
In your cover note, briefly describe a project — from your degree, HND, or personal work — where you designed or built something using a microcontroller or embedded system. Applications without a cover note will not be considered.",,
https://ikman.lk/en/ad/civil-engineering-intern-biyagama-gampaha,"💼 𝐏𝐎𝐒𝐈𝐓𝐈𝐎𝐍 : Civil Engineering Intern
💠 𝐑𝐄𝐐𝐔𝐈𝐑𝐄𝐌𝐄𝐍𝐓𝐒 : | # 💠 𝐂𝐀𝐍𝐃𝐈𝐃𝐀𝐓𝐄 𝐏𝐑𝐎𝐅𝐈𝐋𝐄 :
【~】✪ Undergraduate or diploma holder in a related field.
【~】✪ Strong teamwork skills.
【~】✪ Good communication skills.
【~】✪ Positive attitude and team spirit.
【~】✪ Candidates from Biyagama or nearby areas are encouraged to apply.
💠 𝐑𝐄𝐒𝐏𝐎𝐍𝐒𝐈𝐁𝐈𝐋𝐈𝐓𝐈𝐄𝐒 : | # 💠 𝐉𝐎𝐁 𝐏𝐑𝐎𝐅𝐈𝐋𝐄 :
【~】✪ Assisting the engineering team with civil/structural projects related to factory infrastructure and maintenance.
✅ 𝐁𝐄𝐍𝐄𝐅𝐈𝐓𝐒 :
【~】✪ We offer an attractive remuneration package & incentives that are above market standards for the suitable candidate.
【~】✪ Opportunity to work at Sri Lanka’s largest textile manufacturer with a global reputation.
【~】✪ Exposure to world-class manufacturing practices and international quality standards.
【~】✪ Gain hands-on experience with a dynamic and professional team.
✅ 𝐇𝐎𝐖 𝐓𝐎 𝐀𝐏𝐏𝐋𝐘 ✍️ :
If you feel you are the right individual for the above position, then kindly send your CV to pramodya.i@oceanlanka.lk or contact 0741351747.
[ 𝐖𝐄 𝐇𝐈𝐆𝐇𝐋𝐘 𝐈𝐍𝐅𝐎𝐑𝐌 𝐀𝐋𝐋 𝐓𝐇𝐄 𝐂𝐀𝐍𝐃𝐈𝐃𝐀𝐓𝐄𝐒 𝐓𝐎 𝐌𝐄𝐍𝐓𝐈𝐎𝐍 𝐀 𝐕𝐀𝐋𝐈𝐃 𝐌𝐎𝐁𝐈𝐋𝐄 𝐍𝐔𝐌𝐁𝐄𝐑 & 𝐈𝐓 𝐈𝐒 𝐂𝐎𝐌𝐏𝐔𝐋𝐒𝐎𝐑𝐘 𝐓𝐎 𝐀𝐓𝐓𝐀𝐂𝐇 𝐘𝐎𝐔𝐑 𝐂𝐕 ]
＃📳 𝓒𝓸𝓷𝓽𝓪𝓬𝓽 : 0741351747
＃ 📧 𝐸𝓂𝒶𝒾𝓁: pramodya.i@oceanlanka.lk",,
https://ikman.lk/en/ad/civil-engineering-intern-biyagama-colombo,"💼 𝐏𝐎𝐒𝐈𝐓𝐈𝐎𝐍 : Civil Engineering Intern
💠 𝐑𝐄𝐐𝐔𝐈𝐑𝐄𝐌𝐄𝐍𝐓𝐒 : | # 💠 𝐂𝐀𝐍𝐃𝐈𝐃𝐀𝐓𝐄 𝐏𝐑𝐎𝐅𝐈𝐋𝐄 :
【~】✪ Undergraduate or diploma holder in a related field.
【~】✪ Strong teamwork skills.
【~】✪ Good communication skills.
【~】✪ Positive attitude and team spirit.
【~】✪ Candidates from Biyagama or nearby areas are encouraged to apply.
💠 𝐑𝐄𝐒𝐏𝐎𝐍𝐒𝐈𝐁𝐈𝐋𝐈𝐓𝐈𝐄𝐒 : | # 💠 𝐉𝐎𝐁 𝐏𝐑𝐎𝐅𝐈𝐋𝐄 :
【~】✪ Assisting the engineering team with civil/structural projects related to factory infrastructure and maintenance.
✅ 𝐁𝐄𝐍𝐄𝐅𝐈𝐓𝐒 :
【~】✪ We offer an attractive remuneration package & incentives that are above market standards for the suitable candidate.
【~】✪ Opportunity to work at Sri Lanka’s largest textile manufacturer with a global reputation.
【~】✪ Exposure to world-class manufacturing practices and international quality standards.
【~】✪ Gain hands-on experience with a dynamic and professional team.
✅ 𝐇𝐎𝐖 𝐓𝐎 𝐀𝐏𝐏𝐋𝐘 ✍️ :
If you feel you are the right individual for the above position, then kindly send your CV to pramodya.i@oceanlanka.lk or contact 0741351747.
[ 𝐖𝐄 𝐇𝐈𝐆𝐇𝐋𝐘 𝐈𝐍𝐅𝐎𝐑𝐌 𝐀𝐋𝐋 𝐓𝐇𝐄 𝐂𝐀𝐍𝐃𝐈𝐃𝐀𝐓𝐄𝐒 𝐓𝐎 𝐌𝐄𝐍𝐓𝐈𝐎𝐍 𝐀 𝐕𝐀𝐋𝐈𝐃 𝐌𝐎𝐁𝐈𝐋𝐄 𝐍𝐔𝐌𝐁𝐄𝐑 & 𝐈𝐓 𝐈𝐒 𝐂𝐎𝐌𝐏𝐔𝐋𝐒𝐎𝐑𝐘 𝐓𝐎 𝐀𝐓𝐓𝐀𝐂𝐇 𝐘𝐎𝐔𝐑 𝐂𝐕 ]
＃📳 𝓒𝓸𝓷𝓽𝓪𝓬𝓽 : 0741351747
＃ 📧 𝐸𝓂𝒶𝒾𝓁: pramodya.i@oceanlanka.lk",,
https://ikman.lk/en/ad/civil-engineering-intern-biyagama-kalutara,"💼 𝐏𝐎𝐒𝐈𝐓𝐈𝐎𝐍 : Civil Engineering Intern
💠 𝐑𝐄𝐐𝐔𝐈𝐑𝐄𝐌𝐄𝐍𝐓𝐒 : | # 💠 𝐂𝐀𝐍𝐃𝐈𝐃𝐀𝐓𝐄 𝐏𝐑𝐎𝐅𝐈𝐋𝐄 :
【~】✪ Undergraduate or diploma holder in a related field.
【~】✪ Strong teamwork skills.
【~】✪ Good communication skills.
【~】✪ Positive attitude and team spirit.
【~】✪ Candidates from Biyagama or nearby areas are encouraged to apply.
💠 𝐑𝐄𝐒𝐏𝐎𝐍𝐒𝐈𝐁𝐈𝐋𝐈𝐓𝐈𝐄𝐒 : | # 💠 𝐉𝐎𝐁 𝐏𝐑𝐎𝐅𝐈𝐋𝐄 :
【~】✪ Assisting the engineering team with civil/structural projects related to factory infrastructure and maintenance.
✅ 𝐁𝐄𝐍𝐄𝐅𝐈𝐓𝐒 :
【~】✪ We offer an attractive remuneration package & incentives that are above market standards for the suitable candidate.
【~】✪ Opportunity to work at Sri Lanka’s largest textile manufacturer with a global reputation.
【~】✪ Exposure to world-class manufacturing practices and international quality standards.
【~】✪ Gain hands-on experience with a dynamic and professional team.
✅ 𝐇𝐎𝐖 𝐓𝐎 𝐀𝐏𝐏𝐋𝐘 ✍️ :
If you feel you are the right individual for the above position, then kindly send your CV to pramodya.i@oceanlanka.lk or contact 0741351747.
[ 𝐖𝐄 𝐇𝐈𝐆𝐇𝐋𝐘 𝐈𝐍𝐅𝐎𝐑𝐌 𝐀𝐋𝐋 𝐓𝐇𝐄 𝐂𝐀𝐍𝐃𝐈𝐃𝐀𝐓𝐄𝐒 𝐓𝐎 𝐌𝐄𝐍𝐓𝐈𝐎𝐍 𝐀 𝐕𝐀𝐋𝐈𝐃 𝐌𝐎𝐁𝐈𝐋𝐄 𝐍𝐔𝐌𝐁𝐄𝐑 & 𝐈𝐓 𝐈𝐒 𝐂𝐎𝐌𝐏𝐔𝐋𝐒𝐎𝐑𝐘 𝐓𝐎 𝐀𝐓𝐓𝐀𝐂𝐇 𝐘𝐎𝐔𝐑 𝐂𝐕 ]
＃📳 𝓒𝓸𝓷𝓽𝓪𝓬𝓽 : 0741351747
＃ 📧 𝐸𝓂𝒶𝒾𝓁: pramodya.i@oceanlanka.lk",,
https://ikman.lk/en/ad/manager-solar-engineering-colombo,"What We Are Looking For
Bachelor's Degree in Electrical Engineering, Renewable Energy Engineering, or a related field.
Proven experience in managing commercial and industrial solar projects (minimum 2 year ), with a minimum of 2 years in a managerial or supervisory capacity.
Associate membership of IESL will be an added advantage.
Key Responsibilities
Lead end to end solar engineering projects from planning to maintenance, ensuring timely delivery and quality outcomes
Ensure compliance with industry standards, safety regulations, and company policies
Develop and implement strategies to improve efficiency, resource utilization, and business performance
Provide technical leadership to project teams while promoting innovation, accountability, and continuous improvement
How to Apply
If you believe you are the right fit, please send your updated CV to the email below.
Please mention the applied position in the subject line of your email
📧 Email: recruitment@abanservice.lk 📞0763579354",,
https://ikman.lk/en/ad/electrical-engineer-assistant-solar-engineering-colombo,"What We Are Looking For
Bachelor’s Degree (BSc/BEng), Higher National Diploma (HND), or National Diploma in Technology (NDT) in Electrical Engineering.
Strong technical knowledge and competency in electrical systems.
Minimum of 3 years’ experience in the solar or electrical engineering field.
Key Responsibilities
Lead end-to-end solar engineering projects from design to maintenance.
Provide technical guidance to teams and customers.
Coordinate with clients, contractors, suppliers, and authorities for smooth project execution.
Oversee site inspections, installation activities, and quality assurance processes.
Ensure compliance with engineering standards, safety regulations, and company policies.
Drive continuous improvement in design, execution, and operational efficiency
How to Apply
If you believe you are the right fit, please send your updated CV to the email below.
Please mention the applied position in the subject line of your email
📧 Email: recruitment@abanservice.lk 📞+94 76 357 9354",,
https://ikman.lk/en/ad/site-engineer-colombo-59,"Location: Colombo 11 (Pettah)
We are seeking a proactive and experienced Site Engineer to oversee construction activities and ensure projects are completed safely, on time, and to the required quality standards.
Responsibilities:
* Supervise day-to-day site operations and construction activities.
* Coordinate with consultants, subcontractors, suppliers, and project teams.
* Monitor work progress, quality, and compliance with approved drawings and specifications.
* Prepare site reports, work schedules, and progress updates.
* Ensure adherence to health and safety requirements.
* Assist in planning, material management, and project execution.
Requirements:
* Degree or Diploma in Civil Engineering or related field.
* Minimum 2 years of site experience in building construction projects.
* Ability to read and interpret construction drawings.
* Strong leadership, communication, and problem-solving skills.
* Proficiency in MS Office and construction documentation.
What We Offer:
* Competitive salary package.
* Career development opportunities.
* Exposure to commercial and mixed-use development projects.
📍 Location: Colombo 11 (Pettah)
📞 077 323 5090 / 077 340 0581
📧 ibrahimashraff@outlook.com",,
https://ikman.lk/en/ad/assistant-site-engineer-nugegoda-colombo-1,"👷‍♂️ ASSISTANT SITE ENGINEER – WE ARE HIRING!
Join our growing construction team as an Assistant Site Engineer.
සුදුසුකම්:
✔️ ඉදිකිරීම් ක්ෂේත්‍රයේ Site Supervision සම්බන්ධයෙන් අවම වශයෙන් වසර 2–4 ක පළපුරුද්ද.
✔️ Civil Engineering / Construction Diploma හෝ සමාන සුදුසුකමක් (Degree හිමියන්ට විශේෂ වාසියක්).
✔️ හොඳ සන්නිවේදන හා සම්බන්ධීකරණ කුසලතා.
✔️ නායකත්ව හා ගැටලු විසඳීමේ හැකියාව.
✔️ ආරක්ෂක ප්‍රමිතීන් හා සමාගම් නීති රීති අනුව කටයුතු කිරීමේ හැකියාව.
✔️ අවශ්‍ය පරිදි විවිධ ව්‍යාපෘති ස්ථානවල සේවය කිරීමට කැමැත්ත.
ප්‍රධාන වගකීම්:
✔️ ඉදිකිරීම් Drawing හා Specifications කියවා අවබෝධ කර ගැනීම.
✔️ Site ක්‍රියාකාරකම් අධීක්ෂණය කිරීම හා Quality Standards පවත්වාගෙන යාම.
✔️ Site Safety Procedures හා Construction Best Practices ක්‍රියාත්මක කිරීම.
✔️ Contractors, Consultants සහ අනෙකුත් Stakeholders සමඟ සම්බන්ධීකරණය කිරීම.
✔️ වාර්තා සකස් කිරීම සහ ලේඛනගත කිරීම.
✔️ කාර්යයන් කිහිපයක් එකවර කළමනාකරණය කර නියමිත කාලසීමාවන් සපුරාලීම.
Send your CV:  WhatsApp: 0740503067 Email: Careers@lyceum.lk
#Hiring #AssistantSiteEngineer #ConstructionJobs #CivilEngineering #VacancySriLanka",,
https://ikman.lk/en/ad/mechanical-engineer-colombo-9,"💼 𝐏𝐎𝐒𝐈𝐓𝐈𝐎𝐍 : Mechanical Engineer (Production & Maintenance)
💠 𝐑𝐄𝐐𝐔𝐈𝐑𝐄𝐌𝐄𝐍𝐓𝐒 :
【】✪ BE / B.Tech (Mech) or Diploma in Mechanical Engineering
【~】✪ 0–3 years of experience
【~】✪ Knowledge in Machine Operation
【~】✪ Knowledge in Quality Control
【~】✪ Ability to read Technical Drawings
💠 𝐂𝐀𝐍𝐃𝐈𝐃𝐀𝐓𝐄 𝐏𝐑𝐎𝐅𝐈𝐋𝐄 :
【~】✪ Fresh graduates or early-career mechanical engineers
【~】✪ Strong understanding of production and maintenance processes
【~】✪ Detail-oriented with problem-solving skills
【~】✪ Ability to work in a steel/manufacturing environment
【~】✪ Passion for engineering and continuous improvement
💠 𝐑𝐄𝐒𝐏𝐎𝐍𝐒𝐈𝐁𝐈𝐋𝐈𝐓𝐈𝐄𝐒 :
【~】✪ Oversee production operations and machinery maintenance
【~】✪ Ensure quality control standards are met
【~】✪ Interpret and work with technical drawings
【~】✪ Troubleshoot mechanical issues in the production line
【~】✪ Support continuous improvement initiatives in the plant
💠 𝐉𝐎𝐁 𝐏𝐑𝐎𝐅𝐈𝐋𝐄 :
【~】✪ Role: Mechanical Engineer (Production & Maintenance)
【~】✪ Company: Janatha Steel – Strength & Innovation
【~】✪ Location: Colombo, Sri Lanka
【~】✪ Experience Level: 0–3 years
【~】✪ Qualification: BE/B.Tech (Mech) / Diploma
【~】✪ Industry: Steel / Manufacturing
✅ 𝐁𝐄𝐍𝐄𝐅𝐈𝐓𝐒 :
【~】✪ We offer an attractive remuneration package & incentives that are above market standards for the suitable candidate.
✅ 𝐇𝐎𝐖 𝐓𝐎 𝐀𝐏𝐏𝐋𝐘 ✍️ :
If you feel you are the right individual for the above position, then apply via ""Apply Now"" of this advert.
【~】✪ WE HIGHLY INFORM ALL THE CANDIDATES TO MENTION A VALID MOBILE NUMBER & IT IS COMPULSORY TO ATTACH YOUR CV BY UPDATING YOUR ""IKMAN RESUME""
＃ 📧 𝐸𝓂𝒶𝒾𝓁 :
janathhrawillam57@gmail.com",,
https://ikman.lk/en/ad/mechanical-engineer-colombo-8,"💼 𝐏𝐎𝐒𝐈𝐓𝐈𝐎𝐍 : Mechanical Engineer (Production & Maintenance)
💠 𝐑𝐄𝐐𝐔𝐈𝐑𝐄𝐌𝐄𝐍𝐓𝐒 :
【】✪ BE / B.Tech (Mech) or Diploma in Mechanical Engineering
【~】✪ 0–3 years of experience
【~】✪ Knowledge in Machine Operation
【~】✪ Knowledge in Quality Control
【~】✪ Ability to read Technical Drawings
💠 𝐂𝐀𝐍𝐃𝐈𝐃𝐀𝐓𝐄 𝐏𝐑𝐎𝐅𝐈𝐋𝐄 :
【~】✪ Fresh graduates or early-career mechanical engineers
【~】✪ Strong understanding of production and maintenance processes
【~】✪ Detail-oriented with problem-solving skills
【~】✪ Ability to work in a steel/manufacturing environment
【~】✪ Passion for engineering and continuous improvement
💠 𝐑𝐄𝐒𝐏𝐎𝐍𝐒𝐈𝐁𝐈𝐋𝐈𝐓𝐈𝐄𝐒 :
【~】✪ Oversee production operations and machinery maintenance
【~】✪ Ensure quality control standards are met
【~】✪ Interpret and work with technical drawings
【~】✪ Troubleshoot mechanical issues in the production line
【~】✪ Support continuous improvement initiatives in the plant
💠 𝐉𝐎𝐁 𝐏𝐑𝐎𝐅𝐈𝐋𝐄 :
【~】✪ Role: Mechanical Engineer (Production & Maintenance)
【~】✪ Company: Janatha Steel – Strength & Innovation
【~】✪ Location: Colombo, Sri Lanka
【~】✪ Experience Level: 0–3 years
【~】✪ Qualification: BE/B.Tech (Mech) / Diploma
【~】✪ Industry: Steel / Manufacturing
✅ 𝐁𝐄𝐍𝐄𝐅𝐈𝐓𝐒 :
【~】✪ We offer an attractive remuneration package & incentives that are above market standards for the suitable candidate.
✅ 𝐇𝐎𝐖 𝐓𝐎 𝐀𝐏𝐏𝐋𝐘 ✍️ :
If you feel you are the right individual for the above position, then apply via ""Apply Now"" of this advert.
【~】✪ WE HIGHLY INFORM ALL THE CANDIDATES TO MENTION A VALID MOBILE NUMBER & IT IS COMPULSORY TO ATTACH YOUR CV BY UPDATING YOUR ""IKMAN RESUME""
＃ 📧 𝐸𝓂𝒶𝒾𝓁 :
janathhrawillam57@gmail.com",,
https://ikman.lk/en/ad/injineeru-colombo,"Engineer
Experience in the relevant field
Salary:- Interview
Nobel Tower
Kirulapone Colombo 05.
Number 077 188 9999
ඉංජිනේරු
අදාළ ක්ෂේත්‍රයේ පළපුරුද්ද
වැටුප්:- සම්මුඛ පරීක්ෂණය
නොබෙල් කුළුණ
කිරුළපන කොළඹ 05.
අංකය 077 188 9999",,
https://ikman.lk/en/ad/electrical-technician-gampaha-7,"⚡ Vacancy – Electrical Technician
Siyasra Hotel
We are seeking a skilled and reliable Electrical Technician to join our maintenance team.
Key Responsibilities
* Install, inspect, and repair electrical systems and equipment
* Troubleshoot electrical faults and power issues
* Maintain generators, lighting systems, and control panels
* Carry out preventive maintenance activities
* Ensure all electrical work complies with safety standards
* Maintain records of repairs and maintenance work
Requirements
* Experience in electrical maintenance and troubleshooting
* Knowledge of electrical wiring, control panels, and generators
* Ability to work independently and as part of a team
* Technical or vocational qualifications in Electrical Engineering are an advantage
* Previous hotel or commercial building experience will be an added advantage
📍 Work Location: Siyasra Hotel
📞 Contact Directly: +94 75 068 8999
Join our team and build your career with Siyasra Hotel! 🔧⚡️",,
https://ikman.lk/en/ad/qualified-automobile-engineer-colombo,We are into Automobile engineering business and specialised in Hydraulic Cranes and related machinery.,,
https://ikman.lk/en/ad/civil-engineer-dehiwala-colombo,"සිවිල් ඉංජිනේරු (Civil Engineer) ඇබෑර්තු ඇත
අප ආයතනය සඳහා සිවිල් ඉංජිනේරු තනතුර සඳහා සුදුසු අයදුම්කරුවන් කැඳවනු ලැබේ.
✅ පළපුරුදු / Intern දෙපාර්ශවයටම අයදුම් කළ හැක
✅ කාන්තා හා පිරිමි දෙපාර්ශවයෙන්ම අයදුම් කළ හැක
✅ කොළඹ හා අවට ප්‍රදේශවල පදිංචි අය සඳහා ප්‍රමුඛතාවය ලබා දේ
✅ පිට පළාත්වල අයටද අයදුම් කළ හැක, නමුත්
👉 නවාතැන් පහසුකම් සපයනු නොලැබේ (නවාතැන් තමන් විසින් සකස් කරගත යුතුය)
📄 අයදුම් කිරීම සඳහා:
ඔබගේ CV පත WhatsApp මඟින් පහත අංකයට යොමු කරන්න
📞 0703515000
We are currently seeking suitable candidates for the position of Civil Engineer.
✅ Both experienced candidates and interns are welcome to apply
✅ Applications are open to male and female candidates
✅ Candidates residing in Colombo and surrounding areas will be given priority
✅ Applicants from other areas may also apply; however, accommodation will not be provided (candidates must arrange their own lodging)
📄 How to Apply:
Please send your CV via WhatsApp to the number below:
📞 0703515000",,
https://ikman.lk/en/ad/junior-engineer-colombo-01-colombo,"KICK-START YOUR ENGINEERING CAREER TODAY!
Junior Engineer – Interior Works
Location: Colombo 01
Company: Global HR Solutions (Pvt) Ltd
Type: Contract Basis
We are looking for a Junior Engineer – Interior Works to support interior construction and fit-out projects. The selected candidate will assist in site supervision, coordination, and project execution.
Responsibilities
Assist in interior site work and project activities
Supervise ongoing site work and report progress
Coordinate with contractors and site teams
Check drawings and follow project instructions
Ensure work is done as per quality and safety standards
Prepare basic site reports
Requirements
Degree in Civil Engineering or related field
Fresh graduates are welcome
Basic knowledge of interior works is an advantage
Able to read drawings and use MS Office
Good communication and teamwork skills
Age below 30
Apply Now
outsource@humanresources.lk
0702802000 (Whatsapp)",,
https://ikman.lk/en/ad/junior-engineer-colombo,"KICK-START YOUR ENGINEERING CAREER TODAY!
Junior Engineer – Interior Works
Location: Colombo 01
Company: Global HR Solutions (Pvt) Ltd
Type: Contract Basis
We are looking for a Junior Engineer – Interior Works to support interior construction and fit-out projects. The selected candidate will assist in site supervision, coordination, and project execution.
Responsibilities
Assist in interior site work and project activities
Supervise ongoing site work and report progress
Coordinate with contractors and site teams
Check drawings and follow project instructions
Ensure work is done as per quality and safety standards
Prepare basic site reports
Requirements
Degree in Civil Engineering or related field
Fresh graduates are welcome
Basic knowledge of interior works is an advantage
Able to read drawings and use MS Office
Good communication and teamwork skills
Age below 30
Apply Now
outsource@humanresources.lk
0702802000 (Whatsapp)",,
https://ikman.lk/en/ad/junior-maintenance-officer-colombo-2,"WE ARE HIRING
Junior Maintenance Officer
Department: Group Administration Department
We are looking for a dynamic and technically competent Junior Maintenance Officer to support the smooth functioning of facility operations and maintenance activities. The ideal candidate should possess hands-on experience in electrical systems, facility maintenance, and troubleshooting while ensuring a safe and efficient working environment. Responsibilities align with electrical maintenance, power systems, facility upkeep, safety compliance, vendor coordination, and maintenance documentation activities.
Key Responsibilities
•	Carry out routine maintenance and troubleshooting of electrical systems and office facilities
•	Support maintenance of power distribution systems, generators, UPS systems, and backup infrastructure
•	Perform preventive and corrective maintenance activities
•	 Assist in office renovation, installation, and maintenance projects
•	Conduct facility inspections including HVAC, lighting, plumbing, and general office maintenance
•	Ensure safety standards and maintenance compliance requirements are maintained
•	Coordinate with contractors, service providers, and vendors when required
•	Maintain maintenance records, inventories, and service schedules
•	Support emergency maintenance requirements and business continuity operations
Candidate Profile
•	Minimum 3 years of experience in maintenance, facilities management, electrical maintenance, or a related field
•	Technical qualification / Diploma / NVQ certification in Electrical, Mechanical, or related discipline will be an added advantage
•	Sound knowledge of electrical troubleshooting and facility maintenance operations
•	Ability to work independently and manage maintenance priorities effectively
•	Good communication and coordination skills
•	Basic computer literacy and documentation skills
•	Ability to respond to urgent maintenance situations when required
We Offer
•	Professional and collaborative work environment
•	Opportunities for learning and career development
•	Exposure to modern facilities and maintenance operations
•	Attractive remuneration package based on qualifications and experience
Please forward your complete resume within 14 days of this advertisement quoting ‘Junior Maintenance Officer’ in the subject line of your e-mail.
E-mail: metrocareers@metropolitan.lk
Contact No: 0114 700200 Ext: 2625
Address: Metropolitan Technologies (Pvt) Ltd
No.150A, Nawala Road, Nawala, Nugegoda.",,
https://ikman.lk/en/ad/assistant-electrical-engineer-maintenance-colombo-1,"ASSISTANT ELECTRICAL ENGINEER - (MAINTENANCE)
Well reputed Group of Companies (PLC Company) located in Colombo 3 looking for Assistant Electrical Engineer for immediate recruitment.
Please forward your cv to cplanka@outlook.com or whatsapp your cv to: 0768517959.
Required Skills and qualifications:
Degree in Electrical Engineering or equivalent from a recognized University or institute.
Minimum 05 years of experience in related field.
Experience in building maintenance and BMS operation will be added advantages.
A good working knowledge on HT/LV Electrical distribution systems, HVAC systems, Fire protection and detection systems, Elevators, Escalators will be added advantage.
Knowledge in Energy Management and ISO 50001 will added advantage.
Sound analytical negotiation and leadership skills.
Excellent interpersonal and presentation skills.
An excellent career growth opportunity with an attractive remuneration package will be offer for the right candidate.
Working Days: Monday to Friday and Saturday Half day.
Working Hours: 8.30am to 5.00pm
Salary: LKR. 150,000/- to  LKR. 200,000/- + Company benefits offered.
Please forward your cv :   cplanka@outlook.com
whatsapp your cv to: 0768517959.
Tel: 0774142103 / 0711680577",,
https://ikman.lk/en/ad/site-coordinator-jaffna-1,"We are seeking a motivated and well-organised Site Coordinator to assist with the day-to-day management of our office construction project. This role involves coordinating labour, materials, and other resources to ensure efficient project delivery, while upholding high standards of safety and quality. The role will also include supporting the sourcing of blue-collar labour as required.",,
https://ikman.lk/en/ad/asst-detailing-engineer-jaffna-jaffna,"JAFFNA DRAFTING PVT LTD
‼️*WE’RE HIRING*‼️
🔮ASST. DETAILING ENGINEER
(OPEN SLOTS: 05)
We’re expanding our team and looking talented professionals.
QUALIFICATION
👉 Degree/Diploma in Civil
👉Min 1 Year experience in Detailing
👉 English Communication Skill
💫BENEFITS
➤ Competitive salary
➤ Government Dues
➤ Insurance
Send your CV & Cover Letter to:
niroshan@jaffnadraft.com
📞 0776790646 | 021 221 1393
📍 N 06 Clock Tower Lane, Jaffna
🌐 www.jaffnadraft.lk⁠",,
https://ikman.lk/en/ad/assistant-site-engineer-colombo-1,"Key Requirements:
*Minimum of 2–4 years’ experience in site supervision within the construction industry.
*Diploma or equivalent qualification in Civil Engineering / Construction (Degree preferred).
*Excellent communication and coordination skills.
*Strong leadership and problem-solving abilities.
*Ability to maintain safety standards and ensure compliance with company policies and site regulations.
*Willingness to work at multiple project sites as required.
Key Responsibilities:
*Strong civil and technical knowledge; ability to read and interpret drawings and specifications.
*Familiarity with site safety procedures, quality control, and construction best practices.
*Excellent organizational and time management skills to monitor multiple tasks and deadlines.
*Strong leadership and interpersonal skills to manage teams and coordinate with stakeholders.
*Effective verbal and written communication skills for reporting and documentation.
Work locations: Nugegoda and Kahathuduwa
Send your resume to: Careers@lyceum.lk
call for more details: 0740503067",,
https://ikman.lk/en/ad/site-engineers-colombo-5-colombo-1,"Site Engineers   –  Colombo 5.
Well reputed Electro-Mechanical Company operating in the business verticals of HVAC, MEP, Waste Management and Waste to Energy, located in Colombo 5, looking for Site Engineers for immediate employment.   Whatsup your CV : 0768517959
Requirements:
Age: Below 40 years.
Good Educational Qualifications required.
At least 3 years’ experience as a Site Engineer.
Good English and Sinhala communication skills.
Salary:   LKR 100,000 – 150,000/- + Company benefits offered.
Working days : 5 ½ days. 8.30 to 5.00pm.
Please apply  : cplanka@outlook.com
Tel:   0774142103 / 0779647734
Whatsup: 0768517959",,
https://ikman.lk/en/ad/accident-repair-manager-colombo,"💼 𝐏𝐎𝐒𝐈𝐓𝐈𝐎𝐍 : ACCIDENT REPAIR MANAGER – After Sales Accident Repair Division
💠 𝐑𝐄𝐐𝐔𝐈𝐑𝐄𝐌𝐄𝐍𝐓𝐒 : | # 💠 𝐂𝐀𝐍𝐃𝐈𝐃𝐀𝐓𝐄 𝐏𝐑𝐎𝐅𝐈𝐋𝐄 :
【~】✪ 5–10 years of experience in the automobile industry.
【~】✪ Minimum 3–5 years in a supervisory or managerial role.
【~】✪ Degree or Diploma in Automobile / Mechanical Engineering or an equivalent technical qualification.
【~】✪ Strong leadership and team management skills.
【~】✪ Excellent communication and customer handling abilities.
【~】✪ Sound knowledge of accident repair processes and insurance procedures.
【~】✪ Ability to manage operations efficiently and meet deadlines.
💠 𝐑𝐄𝐒𝐏𝐎𝐍𝐒𝐈𝐁𝐈𝐋𝐈𝐓𝐈𝐄𝐒 : | # 💠 𝐉𝐎𝐁 𝐏𝐑𝐎𝐅𝐈𝐋𝐄 :
【~】✪ Attend to customers and assess vehicle accident repair requirements.
【~】✪ Coordinate with insurance assessors and prepare accurate repair estimates and quotations.
【~】✪ Advise customers on repair procedures, timelines, and related services.
【~】✪ Work closely with the Body & Paint workshop team to ensure timely and high-quality repairs.
【~】✪ Coordinate with the Spare Parts Division to ensure availability of required parts.
【~】✪ Follow up on insurance approvals and liaise with the Finance Department for settlements and payments.
【~】✪ Conduct post-repair follow-ups to ensure customer satisfaction and resolve any concerns or complaints.
✅ 𝐁𝐄𝐍𝐄𝐅𝐈𝐓𝐒 :
【~】✪ We offer an attractive remuneration package & incentives that are above market standards for the suitable candidate.
【~】✪ Opportunity to lead and manage a key division in a leading automobile company.
【~】✪ Competitive salary package commensurate with skills, knowledge, and experience.
✅ 𝐇𝐎𝐖 𝐓𝐎 𝐀𝐏𝐏𝐋𝐘 ✍️ :
If you feel you are the right individual for the above position, then apply via ""𝗔𝗽𝗽𝗹𝘆 𝗡𝗼𝘄 "" of this advert.
[ 𝐖𝐄 𝐇𝐈𝐆𝐇𝐋𝐘 𝐈𝐍𝐅𝐎𝐑𝐌 𝐀𝐋𝐋 𝐓𝐇𝐄 𝐂𝐀𝐍𝐃𝐈𝐃𝐀𝐓𝐄𝐒 𝐓𝐎 𝐌𝐄𝐍𝐓𝐈𝐎𝐍 𝐀 𝐕𝐀𝐋𝐈𝐃 𝐌𝐎𝐁𝐈𝐋𝐄 𝐍𝐔𝐌𝐁𝐄𝐑 & 𝐈𝐓 𝐈𝐒 𝐂𝐎𝐌𝐏𝐔𝐋𝐒𝐎𝐑𝐘 𝐓𝐎 𝐀𝐓𝐓𝐀𝐂𝐇 𝐘𝐎𝐔𝐑 𝐂𝐕 𝐁𝐘 𝐔𝐏𝐃𝐀𝐓𝐈𝐍𝐆 𝐘𝐎𝐔𝐑 ""𝗜𝗞𝗠𝗔𝗡 𝗥𝗘𝗦𝗨𝗠𝗘"" ]
＃📳 𝓒𝓸𝓷𝓽𝓪𝓬𝓽 :  0114 504 504
＃ 📧 𝐸𝓂𝒶𝒾𝓁:  careers@euromotors.lk",,
https://ikman.lk/en/ad/human-resources-manager-colombo-4,"We are a fast-growingFinTechcompany in Sri Lanka building a high-performance operational team from the ground up.
We are looking for an experienced and hands-onHuman Resources Managerto lead ourHRand administrative functions and support rapid business expansion.
This is astartup-style HR role, ideal for candidates who have experience working inearly-stage companies, call centers, or fast-scaling operational teams.
Key Responsibilities
1. End-to-End Recruitment &Talent Acquisition
•Manage full-cycle recruitment including job posting, sourcing, screening, interviewing, and onboarding
•Build and scale talent pipelines forcall center agents, collections staff, verification teams, and operations roles
•Coordinate onboarding processes and ensure smooth new hire integration
•Maintain structured employee records and HR documentation
2. Attendance, Payroll & HR Operations
•Manage monthly attendance verification and payroll input coordination
•Identify and resolve attendance exceptions (late check-ins, field visits, leave approvals, missing records)
•Generate accurate attendance and payroll reports forHQreview
•Work closely with HQ HR/Finance teams to ensure data consistency and timely processing
3. Office & Administrative Management
•Oversee daily office operations including facilities, equipment, and vendor coordination
•Manage office leasing support, utilities, internet, and property-related payments and renewals
•Ensure smooth administrative execution of HQ policies and internal processes
4. Asset, Documentation & Compliance
•Conduct regular office asset inventory checks and maintain updated records
•Maintain employee files, HR databases, and administrative logs
•Ensure proper documentation control and internal compliance processes
•Coordinate visitor management and office reception procedures
5. Employee Relations & HR Support
•Support basic employee relations cases and internal communication
•Assist with employee lifecycle management (joining, transfers, exits)
•Support disciplinary processes and ensure HR policy adherence
•Actas a key liaison between local team and HQ management
Requirements
•Associate degree or above inHuman Resources, Business Administration, Management, or related fields
•5–7+ years of relevant HR experience
•Strong preference for candidates with experience in:
•Startup companies / early-stage business environments
•Call centers or high-volume operational teams
•FinTech,financial services, or outsourcing companies
•Proven experience inrecruitment + HR operations + admin management
•Strong Excel and Microsoft Office skills
•Highly organized, detail-oriented, and able to handle multiple tasks under pressure
•Strong communication and coordination skills across teams and departments
•Prior experience building or scaling a team from scratch is a strong advantage
Why Join Us
This is ahigh-impact role in a fast-scaling Online Lending startup, where you will directly shape the people and operational foundation of the business in Sri Lanka.
You will not only manage HR processes — you will helpbuild the organization from the ground up.
Please send CV on Whatsapp - 0766260547",,
https://ikman.lk/en/ad/qmanager-administrative-female-colombo,"🔹 Key Responsibilities
- Payroll preparation & processing (monthly salary sheets)
- EPF/ETF and social security contributions calculation (as per Sri Lankan wage laws)
- Overtime, incentives, and allowances calculation
- Maintain employee records (attendance, leave, salary history)
- alary disbursement via bank transfer/cash
- Prepare payroll and HR reports for management
- Recruitment support: job postings, shortlisting, arranging interviews
- Employee onboarding & documentation (contracts, personal files)
- Attendance & leave management
- Maintain accurate and updated employee files
- Assist with performance appraisals
- Support training & development programs
- Handling full-cycle recruitment when required
🔹 Qualifications
Educational & Professional Qualifications
- Bachelor’s Degree in Human Resource Management / Business Management / Accounting / Commerce
(e.g., BBA, BBM, BCom, or equivalent)
Professional Qualification in HR (preferred)
- PQHRM (CIPM – Sri Lanka)
- CHRM / CCHRM
- Accounting or Finance Qualification (added advantage)
- AAT (Partly/fully qualified)
- CMA / ACCA (Foundation Level)
- Strong proficiency in MS Office and HR/Payroll software
🔹 Experience & Skills
- Minimum 2 years of Experiences in Human Resources Management, including recruitment, performance management, and employee relations
- Good understanding of HR policies, labor laws, and compliance standards in Sri Lanka
- Excellent organizational, leadership, and decision-making skills
- Strong interpersonal communication and conflict resolution abilities
- Experience in change management or organizational development is an added advantage
🔹 How to Apply
Submit your CV to hr@ecarro.cn with the subject:
“HR Manager Application”",,
https://ikman.lk/en/ad/human-resources-hr-manager-colombo,"Mitshu Marketing (PVT) Ltd is seeking a highly experienced, dynamic, and qualified Human Resources Manager to join our growing team. If you are passionate about people management, organizational development, and creating a positive workplace culture, we invite you to apply.
Position: HR Manager
Experience: Minimum 5 Years in Human Resources
Age: 35 – 50 Years
Employment Type: Full-Time
Key Responsibilities
•	Manage the full recruitment cycle for administrative and operational positions, including advertising vacancies, screening applications, coordinating interviews, issuing offers, and onboarding new employees.
•	Administer employee orientation, documentation, and onboarding compliance.
•	Handle employee relations, disciplinary matters, conflict resolution, investigations, and performance improvement plans.
•	Maintain HR records, employee files, and HRIS while preparing HR reports and workforce metrics.
•	Coordinate payroll-related activities, leave administration, employee benefits, and policy implementation.
•	Support employee training, performance evaluations, career development, and staff engagement initiatives.
•	Ensure compliance with Sri Lankan labour laws, company policies, and HR best practices.
•	Develop and implement HR strategies that support business growth and employee satisfaction.
Required Qualifications
•	Bachelor's Degree or Higher Diploma in Human Resources, Business Administration, or a related field.
•	Minimum 5 years of proven HR management experience.
•	Knowledge of Microsoft Office applications.
•	Excellent understanding of employment legislation and HR best practices.
•	Outstanding communication, leadership, organizational, and problem-solving skills.
•	Ability to maintain strict confidentiality and professionalism.
Preferred Qualifications
•	Experience in a regulated environment will be an added advantage.
•	Prior experience in recruitment, credentialing, and workforce planning.
Compensation & Benefits
•	Attractive salary package (commensurate with qualifications and experience).
•	Professional development and career growth opportunities.
•	Friendly and professional working environment.
How to Apply
Interested candidates are invited to send their updated CV to:
📧 shakir@mitshu.lk
Application Deadline: 10th July 2026
Join Mitshu Marketing (PVT) Ltd and become part of a team committed to excellence, innovation, and professional growth.",,
https://ikman.lk/en/ad/assistant-hr-manager-colombo-2,"We are seeking a dynamic Assistant HR Manager to support the overall Human Resources function at a leading hotel in Wattala. This role is responsible for ensuring smooth day-to-day HR operations in line with company policies and hospitality industry standards, including recruitment coordination, employee relations, payroll support, and maintaining HR compliance.
Location: Wattala, Sri Lanka
Working Hours: To be discussed during the interview
Salary Range:  LKR 100,000 – 150,000
Service Charge: Approx. LKR 35,000 – 45,000
Additional benefits as per company policy
Key Responsibilities
Assist in the end-to-end recruitment and selection process, including sourcing, screening, and coordinating interviews
Support employee relations by addressing staff queries and maintaining a positive work environment
Maintain and update employee records, HR databases, and documentation accurately
Assist in payroll coordination, attendance tracking, and leave management
Support performance management processes and disciplinary procedures
Ensure compliance with company HR policies and local labour laws
Handle confidential employee information with professionalism and discretion
Qualifications & Requirements
Male candidate, below 40 years of age
Minimum 2 years of experience in HR, preferably within the hospitality industry
Strong communication and interpersonal skills
Good knowledge of HR practices and Sri Lankan labor regulations
Ability to manage sensitive information with high confidentiality
Strong organizational and multitasking abilities
Upload your CV at our website (word doc/Pdf preferred) at https://lankastaff.lk/jobs-list/
Please select the category overseas jobs. Search for Job No: 9452
You may apply for our other jobs too. If you have any specific questions or query, you may send an email us at admin@lankastaff.lk
PH 0117133080",,
https://ikman.lk/en/ad/hr-assistant-kurunegala-kurunegala-10,"🎯 HR ඩිප්ලෝමාවක් කරලා තාමත් රැකියාවක් හොයනවද?
😔 ""ඩිප්ලෝමාව කරලාත් තාම ගෙදර..."" කියලා පසුතැවෙන්න එපා!
💼 ඔබටත් දැන් හොඳ රැකියා අවස්ථාවක්!
📍 කුරුණෑගල පිහිටි ප්‍රසිද්ධ පෞද්ගලික ආයතනයක් සඳහාHR Assistant තනතුරට සුදුසු අය බඳවා ගනු ලැබේ.
✅ සුදුසුකම්
🔹 වයස අවුරුදු 18 – 35 අතර විය යුතුය.
🔹 මානව සම්පත් කළමනාකරණ (HR) ඩිප්ලෝමාව හදාරමින් හෝ හදාරා අවසන් කර තිබිය යුතුය.
🔹 ගැහැණු / පිරිමි දෙපාර්ශ්වයටම අයදුම් කළ හැක.
🎁
✨ ඉහළ වැටුප්
✨ වෘත්තීය දියුණුවට අවස්ථා
⚠️ පුරප්පාඩු සීමිතයි!
📲 අදම ඔබගේ අයදුම්පත WhatsApp කරන්න
076 966 4065
📞 වැඩි විස්තර සඳහා අමතන්න
070 463 6235
074 124 3099",,
https://ikman.lk/en/ad/hr-executive-male-female-kandykatugastota-kandy,"HR Executive
We are hiring a HR Executive
------------------
We Milky Bakers & Confectionary (Pvt )Ltd in kandy leading Bakery Products Manufacture in Central Province .
We urgent with following position
* Age 25-40 years
*  A Digree in HR or Business  Administration
* Sound Computer Skills on MS Office
* 3 Years working experience  in a Similar position
Milky Bakers & Confectionary (Pvt)Ltd
Medawala Road
katugastota",,
https://ikman.lk/en/ad/hr-cum-pa-female-kalutara-12,"We are looking for a girl to perform Hr and secretary functions of the company. Whatsup cv. Must be outgoing personality with hard working.
Should have passed O/L and university undergraduates with final year internship period are mostly welcome.  thanks",,
https://ikman.lk/en/ad/hr-intern-male-colombo,"💼 𝐏𝐎𝐒𝐈𝐓𝐈𝐎𝐍 : HR Intern (Full Time | Male | Location – Colombo)
🏢 ITS Grandeur (Pvt) Limited
💠 𝐑𝐄𝐐𝐔𝐈𝐑𝐄𝐌𝐄𝐍𝐓𝐒 : | # 💠 𝐂𝐀𝐍𝐃𝐈𝐃𝐀𝐓𝐄 𝐏𝐑𝐎𝐅𝐈𝐋𝐄 :
【~】✪ Currently following a degree or a HR course
【~】✪ Should have a flair for customer service
【~】✪ Excellent English communication skills (both written and verbal)
【~】✪ Self-motivated, result-oriented, and able to work independently
【~】✪ Any previous working/internship experience will be an added advantage
【~】✪ Should be able to join immediately
【~】✪ Male candidates only (as specified by the employer)
💠 𝐑𝐄𝐒𝐏𝐎𝐍𝐒𝐈𝐁𝐈𝐋𝐈𝐓𝐈𝐄𝐒 : | # 💠 𝐉𝐎𝐁 𝐏𝐑𝐎𝐅𝐈𝐋𝐄 :
【~】✪ Support in regular HR activities of client companies
【~】✪ Respond to client and potential customer queries
【~】✪ Screening of CVs and updating candidate database
【~】✪ Attend to payroll matters of client companies
【~】✪ Generate businesses and leads
✅ 𝐁𝐄𝐍𝐄𝐅𝐈𝐓𝐒 :
【~】✪ We offer an attractive remuneration package & incentives that are above market standards for the suitable candidate.
【~】✪ Hands-on experience in HR operations across multiple client companies
【~】✪ Opportunity to develop customer service and business development skills
【~】✪ Exposure to payroll management and recruitment processes
【~】✪ Career growth opportunities within a dynamic organization
✅ 𝐇𝐎𝐖 𝐓𝐎 𝐀𝐏𝐏𝐋𝐘 ✍️ :
If you feel you are the right individual for the above position, then apply via ""𝗔𝗽𝗽𝗹𝘆 𝗡𝗼𝘄"" of this advert.
📌 Forward your CV to the email below.
[ 𝐖𝐄 𝐇𝐈𝐆𝐇𝐋𝐘 𝐈𝐍𝐅𝐎𝐑𝐌 𝐀𝐋𝐋 𝐓𝐇𝐄 𝐂𝐀𝐍𝐃𝐈𝐃𝐀𝐓𝐄𝐒 𝐓𝐎 𝐌𝐄𝐍𝐓𝐈𝐎𝐍 𝐀 𝐕𝐀𝐋𝐈𝐃 𝐌𝐎𝐁𝐈𝐋𝐄 𝐍𝐔𝐌𝐁𝐄𝐑 & 𝐈𝐓 𝐈𝐒 𝐂𝐎𝐌𝐏𝐔𝐋𝐒𝐎𝐑𝐘 𝐓𝐎 𝐀𝐓𝐓𝐀𝐂𝐇 𝐘𝐎𝐔𝐑 𝐂𝐕 𝐁𝐘 𝐔𝐏𝐃𝐀𝐓𝐈𝐍𝐆 𝐘𝐎𝐔𝐑 ""𝗜𝗞𝗠𝗔𝗡 𝗥𝗘𝗦𝗨𝗠𝗘"" ]
＃ 📧 𝓔𝓶𝓪𝓲𝓵 :
cv@itsgrandeur.lk
🌐 𝐂𝐎𝐌𝐏𝐀𝐍𝐘 𝐈𝐍𝐅𝐎 :
ITS Grandeur (Pvt) Limited
🌐 www.itsgrandeur.lk",,
https://ikman.lk/en/ad/hr-intern-male-colombo-1,"💼 𝐏𝐎𝐒𝐈𝐓𝐈𝐎𝐍 : HR Intern (Full Time | Male | Location – Colombo)
🏢 ITS Grandeur (Pvt) Limited
💠 𝐑𝐄𝐐𝐔𝐈𝐑𝐄𝐌𝐄𝐍𝐓𝐒 : | # 💠 𝐂𝐀𝐍𝐃𝐈𝐃𝐀𝐓𝐄 𝐏𝐑𝐎𝐅𝐈𝐋𝐄 :
【~】✪ Currently following a degree or a HR course
【~】✪ Should have a flair for customer service
【~】✪ Excellent English communication skills (both written and verbal)
【~】✪ Self-motivated, result-oriented, and able to work independently
【~】✪ Any previous working/internship experience will be an added advantage
【~】✪ Should be able to join immediately
【~】✪ Male candidates only (as specified by the employer)
💠 𝐑𝐄𝐒𝐏𝐎𝐍𝐒𝐈𝐁𝐈𝐋𝐈𝐓𝐈𝐄𝐒 : | # 💠 𝐉𝐎𝐁 𝐏𝐑𝐎𝐅𝐈𝐋𝐄 :
【~】✪ Support in regular HR activities of client companies
【~】✪ Respond to client and potential customer queries
【~】✪ Screening of CVs and updating candidate database
【~】✪ Attend to payroll matters of client companies
【~】✪ Generate businesses and leads
✅ 𝐁𝐄𝐍𝐄𝐅𝐈𝐓𝐒 :
【~】✪ We offer an attractive remuneration package & incentives that are above market standards for the suitable candidate.
【~】✪ Hands-on experience in HR operations across multiple client companies
【~】✪ Opportunity to develop customer service and business development skills
【~】✪ Exposure to payroll management and recruitment processes
【~】✪ Career growth opportunities within a dynamic organization
✅ 𝐇𝐎𝐖 𝐓𝐎 𝐀𝐏𝐏𝐋𝐘 ✍️ :
If you feel you are the right individual for the above position, then apply via ""𝗔𝗽𝗽𝗹𝘆 𝗡𝗼𝘄"" of this advert.
📌 Forward your CV to the email below.
[ 𝐖𝐄 𝐇𝐈𝐆𝐇𝐋𝐘 𝐈𝐍𝐅𝐎𝐑𝐌 𝐀𝐋𝐋 𝐓𝐇𝐄 𝐂𝐀𝐍𝐃𝐈𝐃𝐀𝐓𝐄𝐒 𝐓𝐎 𝐌𝐄𝐍𝐓𝐈𝐎𝐍 𝐀 𝐕𝐀𝐋𝐈𝐃 𝐌𝐎𝐁𝐈𝐋𝐄 𝐍𝐔𝐌𝐁𝐄𝐑 & 𝐈𝐓 𝐈𝐒 𝐂𝐎𝐌𝐏𝐔𝐋𝐒𝐎𝐑𝐘 𝐓𝐎 𝐀𝐓𝐓𝐀𝐂𝐇 𝐘𝐎𝐔𝐑 𝐂𝐕 𝐁𝐘 𝐔𝐏𝐃𝐀𝐓𝐈𝐍𝐆 𝐘𝐎𝐔𝐑 ""𝗜𝗞𝗠𝗔𝗡 𝗥𝗘𝗦𝗨𝗠𝗘"" ]
＃ 📧 𝓔𝓶𝓪𝓲𝓵 :
cv@itsgrandeur.lk
🌐 𝐂𝐎𝐌𝐏𝐀𝐍𝐘 𝐈𝐍𝐅𝐎 :
ITS Grandeur (Pvt) Limited
🌐 www.itsgrandeur.lk",,
https://ikman.lk/en/ad/hr-assistant-colombo-562,"H.R. ASSISTANT
With suitable qualifications and a minimum of 3 years’ experience. Age below 45 years. Should be knowledgeable in all aspects of Labour issues and capable of independently handle matters pertaining to employees of the Company.
Kindly forward your complete resume to reach us within 10 days.
Manager,
Penguin Toys & Novelties (Pvt) Ltd,
2nd Floor, Penguin Center,
106-2/1, Prince Street, Colombo-11.
Email : info@penguintoys.lk",,
https://ikman.lk/en/ad/hr-staff-officer-nuwara-eliya,"வேலை வாய்பு – பயிற்சியுடன் வேலை 🚨
📚 HR & Business Management பயிற்சி திட்டம்
✨ பயிற்சி முடிவில் சான்றிதழ்
✨ சுற்றுலா & கார் போனஸ் வாய்புகள் 🚗
✨ உணவு மற்றும் தங்குமிடம் இலவசம் 🍛
📌 காலியிடங்கள்:
🔹 மேற்பார்வையாளர்
🔹 உதவி அலுவலக அதிகாரி
🔹 நிர்வாகி
🔹 தொழில்நுட்ப வல்லுநர்
💰 பயிற்சி காலம் – ரூ.30,000 – 55,000
💰 பயிற்சிக்குப் பிறகு – ரூ.75,000+
📍 களுத்துறை | மதுக்கம | காலி  |அழுத்கம |  கொழும்பு| மட்டக்களப்பு |கல்முனை|பொலன்னறுவை | தம்புள்ளை | கண்டி  |ஹட்டன் | நுவரெலியா
🏠 பயிற்சிக்குப் பிறகு உங்கள் பகுதியிலேயே வேலை செய்யும் வாய்பு
📞 தொடர்பு கொள்ள:
0743552152/
0764845202
⚡ குறைந்த காலியிடங்கள் – இப்போதே விண்ணப்பிக்கவும்!",,
https://ikman.lk/en/ad/recruitment-executive-colombo-12,"Founded in 1968 by Aban Pestonjee, Abans Group is a leading conglomerate that offers targeted solutions ranging from real estate and engineering to retail and finance, which aim to enhance the lives of Sri Lankan citizens. Join the Abans Group to experience a rewarding career!
Key Responsibilities
Attract suitable candidates for relevant positions from Colombo and outstation locations
Handle end-to-end recruitment and onboarding processes
Guide suitable candidates to the relevant locations to fill vacancies
Manage bulk recruitment requirements within defined timelines
What We Are Looking For
Degree or professional qualification in HRM or related field
1–3 years of experience in Recruitment
Sale & Marketing Experience will be an added advantage
Experience in technical hiring will be an added advantage
Ability to work independently and meet deadlines
Valid riding license with own motorcycle is mandatory",,
https://ikman.lk/en/ad/hr-manager-female-colombo-1,"Job place: R.S.Rupasinghe Ukaskaruwo (Pvt) Ltd, Moratuwa branch
Qualifications needed: A/L
EXPERIENCE IN FINANCIAL COMPANY/BANK IN MANAGEMENT FIELD OR AS A RETIRED BANK OFFICER IS CONSIDERED AS ADDED QUALIFICATIONS
Working hours: 8am to 6pm
*Permanent job from 1st appointment date
*EPF,ETF facility
* incentives, OT,bonuses and salary
***************************************
Any female applicant within age 20 to 50 can apply on or before 2026.7.10
************************
How to apply
1.whatsapp your cv to 0772832691
2.call 0772832691 if you need assistance (optional)
3. Keep ready, your full original certificates file (including original OL,AL certificates)
4.after that we will call you and inform interview date
Thanks
Call 0772832691",,
https://ikman.lk/en/ad/payroll-executive-colombo-3,,,status_410
https://ikman.lk/en/ad/hr-officer-maharagama-colombo-196,"💠 ඉහළ වැටුපක් සමඟ  HR Officer  ලෙස ඔබත් අප හා එකතු වන්න.💠
✪ දිවයින පුරා රැකියා අපේක්ෂකයින් සඳහා රැකියා අවස්ථා ✪
💼𝐏𝐎𝐒𝐈𝐓𝐈𝐎𝐍 | තනතුර HR Officer
===============================
💠 𝐑𝐄𝐐𝐔𝐈𝐑𝐄𝐌𝐄𝐍𝐓𝐒 | සුදුසුකම්:
✪ වයස අවුරුදු 19 - 40 ත් අතර
✪ පුහුණු / නුපුහුණු
✪ කාන්තා
✪ අ.පො.ස. (සා/පෙළ) හෝ අ.පො.ස. (උ/පෙළ) දක්වා
(අධ්‍යාපන සුදුසුකම් මත අදාළ තනතුරු සඳහා තෝරා ගනු ලැ‌බේ.)
✪ අදාල ක්ෂේත්‍රයේ වෘත්තීමය පළපුරුද්දක් තිබීම හා ප්‍රායෝගික කුසලතාවන් අමතර සුදුසුකමක් වේ.
✅ 𝐁𝐄𝐍𝐄𝐅𝐈𝐓𝐒 | වරප්‍රසාද:
✪ රු. 60,000/- කට වැඩි ආකර්ෂණීය මාසික වැටුපක් සහ අනෙකුත් වරප්‍රසාද රැසක් පිරිනැමේ.
✪ වසරක සේවා කාලයක් නිමා කල විට ලක්ෂ 15 ක ණයක් ලබා ගැනීමේ හැකියාව.
✪ මාස 03 කට පසු වාහන දීමනාව රු.20,000/- ක්.
✪ මාස 03 කින් ගෙවල් කුලී දීමනාව රු. 15,000/- ක්.
✪ වායු සමනය කල සුවපහසු කාර්යාල කාමර
✪ නිවසටම ප්‍රවාහන පහසුකම්
✅ සම්මුඛ පරීක්‍ෂණ පැවැත්වෙන දිනය
අයදුම් කරන තනතුර සහ CV (Bio Data) එක 0778130092 අංකයට WhatsApp කරන්න.
එවිට සම්මුඛ පරීක්‍ෂණ දිනය ලැබෙනු ඇත.
✅ සම්මුඛ පරීක්‍ෂණය පවත්වන ස්ථානය
1)	බඳවා ගැනීමේ සම්මුඛ පරීක්‍ෂණ සඳහා පහත සඳහන් ස්ථානයට ඔබගේ ජීව දත්ත පත්‍රිකාව හා සහතිකපත් සමඟ පැමිණෙන්න.
2)	සම්මුඛ පරීක්‍ෂණ පැවැත්වෙන දිනය : දුරකථනයෙන් ලබා ගන්න.
3)	සම්මුඛ පරීක්‍ෂණය පැවැත්වෙන ස්ථානය : මහරගම, තරුණ සේවා සභාව අසල Innovix Internation (Pvt) Ltd ආයතනයේ බස්නාහිර පළාත් බඳවා ගැනීම් කාර්යාලයේ දී (Recruit Office) දිවයින පුරා සියලුම ශාඛා සහ කාර්යාල සඳහා බඳවා ගැනීම් හා පුහුණු කිරීම් සිදුකරන්නේ මෙම කාර්යාලය හරහා වේ.(මහරගම තරුණසේවා සභාවේ සිට 50m-100mදුරින්)
4)	සම්මුඛ පරීක්ෂණ පැවැත්වෙන වේලාව : පෙ.ව. 10.00 වන විට සම්මුඛ පරීක්ෂණය සඳහා පැමිණෙන්න.
( සම්මුඛ පරීක්‍ෂණය සඳහා පැය 2 - 3 ක් ගත වේ.)
5)	Vacancy ප්‍රමාණය 5 ක් පමණයි.
6)	රැකියාවට බඳවා ගතහොත් ඔබේ භාවිතයට ලබා දෙන වටිනා Laptop/පරිගණක/ ජංගම දුරකථන ආදී උපාංග සඳහා රු. 5,000/- ක ඇප මුදලක් තැබිය යුතුය.
✅ පහත කැමති ශාඛාවක් තෝරා ගත හැකි ය.
නාවල, නුගේගොඩ, මහරගම, කොට්ටාව",,
https://ikman.lk/en/ad/hr-executive-and-assistant-kurunegala,"HR EXECUTIVE
Join Our Human Resources Team!
We are seeking dynamic, organized, and enthusiastic individuals to join our HR Department. This is an excellent opportunity for candidates who are passionate about people management, employee engagement, and professional growth.
Requirements
HR Executive
• Degree or professional qualification in Human Resource Management or a related field
• Minimum 1-2 years of experience in HR operations
• Strong knowledge of HR functions, recruitment, and employee management
• Strong communication and organizational skills
HR Assistant
• Diploma or professional qualification in Human Resource Management or a related field
• Good communication and interpersonal skills
• Proficiency in MS Office applications
• Prior HR experience will be an added advantage
We Offer
• Attractive remuneration package
• Career growth opportunities
• Friendly and professional work environment
• Training and development opportunities",,
https://ikman.lk/en/ad/hr-assistant-colombo-558,"👨‍💼📂HR ASSISTANT 📂👨‍💼
🌟 Join a Dynamic and Growing Organization! 🌟
We are looking for an organized and proactive  HR Assistant to support daily office operations and human resource functions.
📋 Key Responsibilities:
✅ Assist with recruitment and onboarding activities
✅ Maintain employee records and documentation
✅ Coordinate office administration and correspondence
✅ Support payroll and HR-related activities
✅ Handle telephone and customer inquiries
✅ Assist management with administrative tasks
🎯 Requirements:
✔ Good communication and interpersonal skills
✔ Computer literacy (MS Office)
✔ Ability to work independently and as part of a team
✔ Prior HR/Admin experience is an advantage
🌟 What We Offer:
✨ Friendly and professional work environment
✨ Career development opportunities
✨ Attractive salary package
📌 Please apply with your expected salary and contact details.
📧 Email: afa.wexp@yahoo.com | ceo@worldexpcmb.com
🌐 www.worldexpresscmb.com
🏢 World Express CMB Ltd
No. 14, Sri Darmakerthiyarama Road, Colombo 03
☎ 011 234 2807
✔ Trainees & Retirees Can Be Considered
✔ Full-Time / Part-Time Opportunities Available
✔ Retired Service Personnel Are Welcome to Apply",,
https://ikman.lk/en/ad/bndvaa-gaeniimee-nildhaariin-recruitment-officer-gampaha,"බඳවා ගැනීමේ නිලධාරීන්.
Recruitment officer
ඔබත් ප්‍රියමනාප කතා බහ ඇති මනා පෞරුෂයකින් යුත්,වයස අවුරුදු 30 - 50ත් අතර පිරිමි පුද්ගලයෙක්ද.
දිවයිනේ ප්‍රමුඛ පෙලේ අපගේ ආයතන සදහා නිෂ්පාදන අංශය වෙනුවෙන් සේවක සේවිකා බඳවා ගැනීමේ කාර්‍ය වෙනුවෙන් ඔබව බඳවා ගැනීමට අප සූදානම්
භාෂා දෙකක් කතා කිරීමට හැකිවීම අමතර  සුදුසුකමක් වේ.( සිංහල/දෙමළ )
අපෙන් ඔබට,
* සිත් ගන්නා සුළුවැටුප්,
* සමග දීමනා
* ජංගම දුරකථනයක්
* යතුරුපැදියක්
* නොමිලේ ආහාර
* නොමිලේ නවාතැන්",,
https://ikman.lk/en/ad/hrm-admin-assistant-gampaha-1,"💼 𝐏𝐎𝐒𝐈𝐓𝐈𝐎𝐍 : HRM / ADMIN ASSISTANT
💠 𝐑𝐄𝐐𝐔𝐈𝐑𝐄𝐌𝐄𝐍𝐓𝐒 :
【~】✪ Academic qualification in Human Resource Management, Business Administration, or Management
【~】✪ Good knowledge of office administration procedures
【~】✪ Computer literacy in MS Office applications
【~】✪ Strong communication and interpersonal skills
【~】✪ Previous experience will be an added advantage
💠 𝐂𝐀𝐍𝐃𝐈𝐃𝐀𝐓𝐄 𝐏𝐑𝐎𝐅𝐈𝐋𝐄 :
【~】✪ Age between 20–40 years
【~】✪ Ability to work independently and as part of a team
【~】✪ Positive professional attitude
【~】✪ Motivated individual to support HR and Administration functions
💠 𝐑𝐄𝐒𝐏𝐎𝐍𝐒𝐈𝐁𝐈𝐋𝐈𝐓𝐈𝐄𝐒 :
【~】✪ Support Human Resources and Administration functions
【~】✪ Assist with office administration procedures
【~】✪ Handle HR-related documentation and coordination tasks
💠 𝐉𝐎𝐁 𝐏𝐑𝐎𝐅𝐈𝐋𝐄 :
【~】✪ Full-time role in HR & Administration department
【~】✪ Collaborative team environment
【~】✪ Opportunity to grow within the organization
✅ 𝐁𝐄𝐍𝐄𝐅𝐈𝐓𝐒 :
【~】✪ We offer an attractive remuneration package & incentives that are above market standards for the suitable candidate.
✅ 𝐇𝐎𝐖 𝐓𝐎 𝐀𝐏𝐏𝐋𝐘 ✍️ :
If you feel you are the right individual for the above position, then WhatsApp your CV to:
📞 94 77 272 8026 / 0772728026
[ 𝐖𝐄 𝐇𝐈𝐆𝐇𝐋𝐘 𝐈𝐍𝐅𝐎𝐑𝐌 𝐀𝐋𝐋 𝐓𝐇𝐄 𝐂𝐀𝐍𝐃𝐈𝐃𝐀𝐓𝐄𝐒 𝐓𝐎 𝐌𝐄𝐍𝐓𝐈𝐎𝐍 𝐀 𝐕𝐀𝐋𝐈𝐃 𝐌𝐎𝐁𝐈𝐋𝐄 𝐍𝐔𝐌𝐁𝐄𝐑 & 𝐈𝐓 𝐈𝐒 𝐂𝐎𝐌𝐏𝐔𝐋𝐒𝐎𝐑𝐘 𝐓𝐎 𝐀𝐓𝐓𝐀𝐂𝐇 𝐘𝐎𝐔𝐑 𝐂𝐕 ]
＃📳 𝓒𝓸𝓷𝓽𝓪𝓬𝓽 : 94 77 272 8026 / 0772728026
＃ 📧 𝐸𝓂𝒶𝒾𝓁:  eaglefeed567@gmail.com",,
https://ikman.lk/en/ad/hr-executive-recruitment-operations-anuradhapura,"Key Requirements
End-to-end recruitment (sourcing, screening, interviewing, onboarding)
Coordination with clients and internal teams for manpower needs
HR operations support (attendance, documentation, compliance)
Maintaining recruitment trackers and reports
Coordination between head office and site operations
Key Responsibilities / Qualifications
Degree or diploma in HR, Business Administration, or related field
2–4 years experience in recruitment/HR operations
Strong communication and coordination skills
Ability to manage multiple vacancies under deadlines
MS Office and job portal proficiency",,
https://ikman.lk/en/ad/hr-manager-colombo-245,"🔹 Key Responsibilities
- Payroll preparation & processing (monthly salary sheets)
- EPF/ETF and social security contributions calculation (as per Sri Lankan wage laws)
- Overtime, incentives, and allowances calculation
- Maintain employee records (attendance, leave, salary history)
- alary disbursement via bank transfer/cash
- Prepare payroll and HR reports for management
- Recruitment support: job postings, shortlisting, arranging interviews
- Employee onboarding & documentation (contracts, personal files)
- Attendance & leave management
- Maintain accurate and updated employee files
- Assist with performance appraisals
- Support training & development programs
- Handling full-cycle recruitment when required
🔹 Qualifications
Educational & Professional Qualifications
- Bachelor’s Degree in Human Resource Management / Business Management / Accounting / Commerce
(e.g., BBA, BBM, BCom, or equivalent)
Professional Qualification in HR (preferred)
- PQHRM (CIPM – Sri Lanka)
- CHRM / CCHRM
- Accounting or Finance Qualification (added advantage)
- AAT (Partly/fully qualified)
- CMA / ACCA (Foundation Level)
- Strong proficiency in MS Office and HR/Payroll software
🔹 Experience & Skills
- Minimum 2 years of Experiences in Human Resources Management, including recruitment, performance management, and employee relations
- Good understanding of HR policies, labor laws, and compliance standards in Sri Lanka
- Excellent organizational, leadership, and decision-making skills
- Strong interpersonal communication and conflict resolution abilities
- Experience in change management or organizational development is an added advantage
🔹 How to Apply
Submit your CV to hr@ecarro.cn with the subject:
“HR Manager Application”",,
https://ikman.lk/en/ad/human-resources-assistant-male-colombo,"HUMAN RESOURCES ASSISTANT MALE
Sri Lanka’s leading Home Healthcare Service Institute, established in 2007 and approved by the Ministry of Health, is seeking a suitable candidate for the position of Human Resources Assistant
The selected candidate will be responsible for assisting in the deployment and management of over 1,600 nurses assigned to patients receiving residential care at their homes in Colombo and surrounding areas.
Position: Human Resources Assistant
Key Responsibilities:
1. Coordinating and deploying nursing staff to patients’ residences.
2. Managing employee-related matters and daily staff coordination.
3. Answering employee calls and providing necessary assistance.
4. Maintaining staff records and related documentation.
5. Supporting HR and administrative operations.
Qualifications & Requirements:
1. Male candidate, aged between 25 – 50 years.
2. Minimum 2 years’ experience in Human Resources or a similar position.
3. Experience in managing employees will be an added advantage.
4. Computer literacy, especially in Microsoft Word and Excel.
5. Ability to answer employee calls from 7.00 a.m. to 8.30 p.m.
6. Good communication, coordination, and problem-solving skills.
Working Hours:
Monday to Friday: 8.30 a.m. to 5.00 p.m.
Weekend: One working day, either Saturday or Sunday, from 8.00 a.m. to 2.00 p.m.
One day off will be provided during the weekend.
Salary:
Rs. 80,000 – Rs. 85,000 per month
Negotiable according to qualifications and experience.
Permanent employment with annual salary increments.
Please forward your CV with a recent photograph to:
Email: mail@royalnursinghome.com
WhatsApp: 071 610 1010
Royal Nursing Home (Pvt) Ltd
No. 52, De Saram Road,
Mount Lavinia.
www.royalnursinghome.com",,
https://ikman.lk/en/ad/hr-assistant-branch-coordinator-head-office-colombo,"Head Office Branch
(Male / Female)
Job Profile
	You will be directly reporting to the Branch Manager and the Head Office Management.
	Updating and maintaining all employees' attendance and leave records into the system and preparation of monthly salary.
	Preparation of monthly invoices with the supportive documents.
	Assisting the Branch Manager and Visiting Officers to handle labour matters and grievances.
	Preparation of EPF/ETF and gratuity.
	Handling of petty cash and reconciliation.
	Maintaining personal files and related documents.
Candidate Profile
	Certificate / Diploma in HR or Business Administration
	Excellent oral and written communication skills in English & Sinhala.
	Tamil knowledge will be an added bonus.
	I should be a team player and a fast learner & should be able to work under pressure.
	Knowledge in Accounting Packages with experience.
	Fair knowledge in HR & Administration.
	Computers literate and should be familiar with Microsoft office and outlook.
	Age below 35 years.
	Salary : Negotiable depending on the experience and qualifications.",,
https://ikman.lk/en/ad/training-and-development-executive-colombo-1,"💼 𝐏𝐎𝐒𝐈𝐓𝐈𝐎𝐍 : Training and Development Executive
📍 Sri Jayewardenepura Kotte
💠 𝐑𝐄𝐐𝐔𝐈𝐑𝐄𝐌𝐄𝐍𝐓𝐒 : | # 💠 𝐂𝐀𝐍𝐃𝐈𝐃𝐀𝐓𝐄 𝐏𝐑𝐎𝐅𝐈𝐋𝐄 :
【~】✪ Mandatory previous experience answering inbound/outbound calls
【~】✪ Proficient in at least two languages (Sinhala/English/Tamil)
【~】✪ Strong presentation and facilitation skills
【~】✪ Trilingual is a definite advantage
【~】✪ Excellent communication skills
【~】✪ Strong coaching and mentoring ability
【~】✪ Ability to create training materials and modules
【~】✪ Good organizational and planning skills
💠 𝐑𝐄𝐒𝐏𝐎𝐍𝐒𝐈𝐁𝐈𝐋𝐈𝐓𝐈𝐄𝐒 : | # 💠 𝐉𝐎𝐁 𝐏𝐑𝐎𝐅𝐈𝐋𝐄 :
【~】✪ Conduct new employee onboarding and product training  【~】✪ Full-time position at Softlogic BPO Services (Pvt) Ltd
【~】✪ Deliver soft skills and customer service training
【~】✪ Location: No. 268, Nawala Rd, Sri Jayewardenepura Kotte
【~】✪ Develop training materials, presentations, and guides
【~】✪ Work with QA and Operations teams
【~】✪ Monitor agent performance and identify training needs
【~】✪ Career growth opportunities in BPO sector
【~】✪ Work with QA and Operations teams to improve performance 【~】✪ Office-based training role
【~】✪ Conduct refresher training sessions and support agents through coaching
✅ 𝐁𝐄𝐍𝐄𝐅𝐈𝐓𝐒 :
【~】✪ We offer an attractive remuneration package & incentives that are above market standards for the suitable candidate.
✅ 𝐇𝐎𝐖 𝐓𝐎 𝐀𝐏𝐏𝐋𝐘 ✍️ :
If you feel you are the right individual for the above position, then apply via ""Apply Now"" of this advert.
[ 𝐖𝐄 𝐇𝐈𝐆𝐇𝐋𝐘 𝐈𝐍𝐅𝐎𝐑𝐌 𝐀𝐋𝐋 𝐓𝐇𝐄 𝐂𝐀𝐍𝐃𝐈𝐃𝐀𝐓𝐄𝐒 𝐓𝐎 𝐌𝐄𝐍𝐓𝐈𝐎𝐍 𝐀 𝐕𝐀𝐋𝐈𝐃 𝐌𝐎𝐁𝐈𝐋𝐄 𝐍𝐔𝐌𝐁𝐄𝐑 & 𝐈𝐓 𝐈𝐒 𝐂𝐎𝐌𝐏𝐔𝐋𝐒𝐎𝐑𝐘 𝐓𝐎 𝐀𝐓𝐓𝐀𝐂𝐇 𝐘𝐎𝐔𝐑 𝐂𝐕 ]
＃ 📧 𝐸𝓂𝒶𝒾𝓁:  hr@softlogic.lk",,
https://ikman.lk/en/ad/training-and-development-executive-colombo,"💼 𝐏𝐎𝐒𝐈𝐓𝐈𝐎𝐍 : Training and Development Executive
📍 Sri Jayewardenepura Kotte
💠 𝐑𝐄𝐐𝐔𝐈𝐑𝐄𝐌𝐄𝐍𝐓𝐒 : | # 💠 𝐂𝐀𝐍𝐃𝐈𝐃𝐀𝐓𝐄 𝐏𝐑𝐎𝐅𝐈𝐋𝐄 :
【~】✪ Mandatory previous experience answering inbound/outbound calls
【~】✪ Proficient in at least two languages (Sinhala/English/Tamil)
【~】✪ Strong presentation and facilitation skills
【~】✪ Trilingual is a definite advantage
【~】✪ Excellent communication skills
【~】✪ Strong coaching and mentoring ability
【~】✪ Ability to create training materials and modules
【~】✪ Good organizational and planning skills
💠 𝐑𝐄𝐒𝐏𝐎𝐍𝐒𝐈𝐁𝐈𝐋𝐈𝐓𝐈𝐄𝐒 : | # 💠 𝐉𝐎𝐁 𝐏𝐑𝐎𝐅𝐈𝐋𝐄 :
【~】✪ Conduct new employee onboarding and product training  【~】✪ Full-time position at Softlogic BPO Services (Pvt) Ltd
【~】✪ Deliver soft skills and customer service training
【~】✪ Location: No. 268, Nawala Rd, Sri Jayewardenepura Kotte
【~】✪ Develop training materials, presentations, and guides
【~】✪ Work with QA and Operations teams
【~】✪ Monitor agent performance and identify training needs
【~】✪ Career growth opportunities in BPO sector
【~】✪ Work with QA and Operations teams to improve performance 【~】✪ Office-based training role
【~】✪ Conduct refresher training sessions and support agents through coaching
✅ 𝐁𝐄𝐍𝐄𝐅𝐈𝐓𝐒 :
【~】✪ We offer an attractive remuneration package & incentives that are above market standards for the suitable candidate.
✅ 𝐇𝐎𝐖 𝐓𝐎 𝐀𝐏𝐏𝐋𝐘 ✍️ :
If you feel you are the right individual for the above position, then apply via ""Apply Now"" of this advert.
[ 𝐖𝐄 𝐇𝐈𝐆𝐇𝐋𝐘 𝐈𝐍𝐅𝐎𝐑𝐌 𝐀𝐋𝐋 𝐓𝐇𝐄 𝐂𝐀𝐍𝐃𝐈𝐃𝐀𝐓𝐄𝐒 𝐓𝐎 𝐌𝐄𝐍𝐓𝐈𝐎𝐍 𝐀 𝐕𝐀𝐋𝐈𝐃 𝐌𝐎𝐁𝐈𝐋𝐄 𝐍𝐔𝐌𝐁𝐄𝐑 & 𝐈𝐓 𝐈𝐒 𝐂𝐎𝐌𝐏𝐔𝐋𝐒𝐎𝐑𝐘 𝐓𝐎 𝐀𝐓𝐓𝐀𝐂𝐇 𝐘𝐎𝐔𝐑 𝐂𝐕 ]
＃ 📧 𝐸𝓂𝒶𝒾𝓁:  hr@softlogic.lk",,
https://ikman.lk/en/ad/hr-executive-colombo-5-colombo,"S P K Solutions  is looking for a smart, responsible, and proactive HR Executive to join our growing team in Colombo.
📍Location: Colombo 05
👤Requirements
✔Age between 23 – 40 years
✔Previous experience in HR, recruitment, or administration is preferred
✔Strong spoken and written English is required
✔Good communication and interpersonal skills
✔Able to handle recruitment, interviews, staff attendance, and daily HR coordination
✔Diploma / HND / Degree in HR, Business Administration, or a related field will be an added advantage
✔Male and female candidates are welcome
💡Key Responsibilities
✔Handle recruitment and interview coordination
✔Screen CVs and arrange interviews
✔Manage staff attendance and daily HR follow-up
✔Maintain employee records and HR documentation
✔Support internal communication and office administration
✔Coordinate with management on staffing and employee-related matters
💰Salary & Benefits
💸Salary Range: LKR 100,000 – 250,000
🌟The final salary package will depend on experience, English ability, and interview performance
🍰Afternoon tea/snacks provided
👍Friendly and professional working environment
📈Annual salary increment based on performance
🚀Career growth opportunities within the company
⏰Working Hours
✔Monday to Friday: 8:30 AM – 5:30 PM
✔Saturday: 8:30 AM – 1:30 PM
📩How to Apply
Send your CV to:
Email: spksolutions98@gmail.com
WhatsApp: 0 77 032 4978",,
https://ikman.lk/en/ad/hr-executive-female-vacancy-in-biyagama-gampaha,"🔥 URGENT HIRING: Team Lead / Operations Lead
ගැහැණු අය 2 දෙනෙක්ට වහාම අවස්ථාව!
අපේ system එක run කරලා team එක lead කරන, result ගන්න කැමති කෙනෙක් හොයනවා.
📍 Location: Colombo / Gampaha ඉන්න අයට priority
🎯 Age: අවුලක් නෑ
💻 Laptop + Internet තියෙනවා නම් ඇති!
Work pattern එක:
සතියට දවස් 2ක් Office + අනිත් දවස් ගෙදර ඉඳන් Work from Home
Office දවස් 2ට full training + support ඔක්කොම.
ඔයා කරන වැඩ:
අපේ plan එක අනුව වැඩ ටික A to Z කරගෙන යන එක
ඉන්න team එක lead කරලා targets complete කරන එක
System එක එක්ක දවස ගානේ වැඩ කරන එක
අපි කාටද කැමති:
Team එකක් lead කරලා වැඩ ගන්න පුළුවන් අයට
Call center work කරපු අයට bonus point! Customer handle කරපු experience එක වටිනවා
වගකීමෙන්, ඉගෙනගන්න කැමති අයට
වැදගත්ම දේ:
✅  වැඩ කරන විදිහ A to Z අපිම කියලා දෙනවා
✅ Laptop තියෙනවා නම් ඇති, ඉගෙනගන්න කැමති නම් ඇති
Interested? DM us with your CV and experience.",,
https://ikman.lk/en/ad/hr-assistant-colombo-556,"WE ARE HIRING – HR ASSISTANT
Join the growing team at WIN TATTOO SUPPLY!
We are looking for a motivated and organized HR Assistant to support our daily HR operations.
Requirements:
• Diploma in Human Resource Management or related field
• Good communication skills (Sinhala & English)
• Computer literacy (MS Office)
• Organized and responsible personality
• Previous experience is an advantage",,
https://ikman.lk/en/ad/staff-officers-gampaha-2,"විශේෂ බඳවා ගැනීම් -  අයදුම් කරන්න!
නිට්ටඹුවේ පිහිටි අපගේ F.M.I. (Pvt) Ltd ආයතනයේ පුරප්පාඩු සඳහා වයස අවුරුදු 25 ට අඩු උද්යෝගිමත් තරුණ පිරිසක් දැන්ම බඳවා ගැනේ.
📌 පුරප්පාඩු පවතින අංශ:
* Supervisor (සුපරීක්ෂක)
* Office Staff (කාර්යාල සහායක)
* Call Answering (ඇමතුම් සහායක)
* HR / IT (මානව සම්පත් සහ තොරතුරු තාක්ෂණ)
🎯 මූලික සුදුසුකම්:
* වයස අවුරුදු 18 - 25 අතර විය යුතුය.
* අ.පො.ස. (සා/පෙළ) පෙනී සිට තිබීම ප්‍රමාණවත් වේ.
💰 ඔබට ලැබෙන දීමනා:
* රු. 45,000/- ක ස්ථාවර වැටුපක්.
* නවාතැන් සහ ආහාර පාන නොමිලේ සැපයේ.
⏳ අයදුම්පත් භාරගන්නා අවසාන දිනය: 2026 මැයි 20 වේ
📍  නිට්ටඹුව .
📞 දැන්ම අමතන්න: 0764909473",,
https://ikman.lk/en/ad/hr-assistant-gampaha-52,"HR
කඩිනම් බඳවා ගැනීම්, කඩවත පිහිටි අප සුපිරි වෙළඳ සලට HR (මානව සම්පත්) තනතුර සඳහා පුහුණු අයෙකු අවශ්‍ය කර තිබේ. සේවා වේලාවන් සහ වැටුප් පහත සඳහන් කර තිබේ.
සුදුසුකම්
* වයස අවුරුදු 20-55 අතර
* මනා පෞරුෂයක් හා හික්මීමක් ඇති
* සේවකයින් 100 ක් පමණ මෙහෙය වීමේ හැකියාව ඇති
* මුලික පරිගණක දැනුම
* අවුරුද්දක පමණ පෙර පුහුණුවක් තිබීම
ආයතනයෙන්
* මාසිකව රු. 45000/- ඉක්මවූ වැටුපක්.
* මසකට දින 4ක නිවාඩුවක්
* අමතර දීමනා
* සුපිරි වෙළඳ සැල් වල සේවය කල අයට විශේෂ දීමනා
* සේවා කාලය - පෙ. ව. 8.30 සිට ප.ව. 6.30 දක්වා
දුරකතනයට ප්‍රතිචාර නොදක්වන්නේ නම් කරුණාකර ඔබගේ අයදුම්පත what's app හරහා පහත දුරකථන අංකයට යොමු කරන්න.
විමසන්න. ජයකොඩි සුපර්, කඩවත.
දුරකථන අංක -  0761644211 / 0777030500",,
https://ikman.lk/en/ad/hr-executive-pirimi-kandy,"මහනුවර ප්‍රධාන පෙලේ අවන්හල් ජාලයක වයස 30ත් 40ත් අතර, වසර දහයක පමන පලපුරුදු ඇති HR Executive  (පිරිමි) ඇබැර්තු ඇත. (මහනුවර අවටින් විශේෂයි)
. පෙ:ව 08:00 සිට ප:ව 05:00 දක්වා අමතන්න. Tel: 077 33 19 965",,
https://ikman.lk/en/ad/hr-intern-colombo-29,"We are looking for a motivated and enthusiastic individual to join our team as an HR Intern / Administration Intern.
✨ Requirements:
• Good communication and organizational skills
• Positive attitude and willingness to learn
• Ability to work in a team environment
• Basic knowledge of MS Office applications will be an advantage
📧 Send your CV to: heshanih@lyceumglobal.co
Start your career journey with us and gain valuable industry experience!",,
https://ikman.lk/en/ad/bndvaa-gaeniim-nildhaarii-pirimi-colombo,"🚨 රැකියා අවස්ථාව – බඳවා ගැනීම් නිලධාරී (පිරිමි)
📍 ස්ථානය : නුගේගොඩ
✅ අපගේ ආරක්ෂක හා පිරිසිදු කිරීමේ මෙහෙයුම් සඳහා බඳවා ගැනීම් සිදුකිරීම, සම්බන්ධීකරණය සහා කළමනාකරණය කිරීමට ක්‍රියාශීලී හා උද්‍යෝගිමත් පුද්ගලයෙකු අවශ්‍ය වේ.
✅ සතිපතා බඳවා ගැනීමේ ඉලක්ක හිමිවේ (Weekly recruitment targets will be assigned)
✅ බඳවා ගැනීම් කටයුතු සඳහා ක්ෂේත්‍ර සංචාරය (field visit) යාමට සිදුවේ.
#  පෝස්ටර් ඇලවීම
#  පත්‍රිකා බෙදාහැරීම
#  ප්‍රචාරණ කටයුතු සිධු කිරීම
✅  ඒ සඳහා මෝටර් සයිකලයක් සහ වලංගු driving license එකක් සමඟ මෝටර් සයිකල් පැදීමේ හැකියාව තිබිය යුතුය.
✅ ආරක්ෂක සේවා හෝ පිරිසිදු කිරීමේ මෙහෙයුම් ක්ෂේත්‍රයේ පළපුරුද්ද අමතර සුදුසුකමක් වේ.
🔹 කොළඹ නගරය අවට පිරිමි නිලධාරීන් බඳවා ගැනේ.
🔹 වැටුප් හා ප්‍රතිලාභ :
💰 අද්දැකීම් හා කුසලතාව මත ආකර්ෂණිය වැටුප් හිමිවේ.
⛽ ඉන්ධන දීමනාව (Bike Fuel Allowance): මීටර් කියවීම අනුව උපරිම රු. 25,000/- දක්වා
🎯 කාර්ය සාධනය මත ආකර්ෂණීය incentive structure එකක් (Target Achivement Incentive)
📩 ඔබගේ යාවත්කාලීන කළ CV එක WhatsApp මාර්ගයෙන් එවන්න:
0772318544 | 0774791038",,
https://ikman.lk/en/ad/hr-assistant-colombo-557,"අය ආයතනයේ මානව සම්පත් අංශය සදහා නිලධාරීන් /නිලධාරිනියන් අවශය කර තිබේ .
සුදුසුකම්
*  මානව සම්පත් අංශ සේවා පලපුරුද්ද .
* වයස අවුරුදු 25ත් 45ත් අතර වීම .
සම්මුඛ පරීක්ශනයට වේලාවක් වෙන්කර ගැනීමට  0702303727 අංකයට අමතන්න
CENTRAL RECOVERIES
40/2 , N J V COORAY MW , RAJAGIRIYA .",,
https://ikman.lk/en/ad/hr-officer-colombo-5,"🚨 We Are Hiring – HR Officers 🚨
Join our growing team at Modern Mark Development and build your career in Human Resources!
✅ Requirements:
• Relevant qualifications & experience in HR
• Fluent English communication skills
• Good computer literacy
• Strong communication & coordination skills
• Team player with a positive attitude
• Age between 20–30
• Ability to join immediately
📩 Send your CV today!
📱 WhatsApp: 077 032 4856
📧 Email: L7.hr@modernmarkdev.com
🌐 Website: modernmarkdev.com⁠",,
https://ikman.lk/en/ad/hr-assistant-colombo-559,"HR Assistant
Responsibilities
- Posting job advertisements, screening resumes, scheduling interviews, and conducting background checks.
- Maintaining employee files and HRIS systems (paper and electronic), handling documentation, and coordinating new hire orientation.
- Managing HR calendars, filing, updating employee records, and data entry.
- Assisting with payroll preparation by tracking attendance and leaves, and answering basic benefits questions.
Requirements
- GCE A/L
- Diploma in HR management
- Minimum 1 year Experience
Salary
- 40,000Rs - 60,000Rs",,
https://ikman.lk/en/ad/manager-foreign-recruitment-agency-colombo,"Key Responsibilities:
* Manage day-to-day operations of the agency.
* Handle overseas client communications and agreements.
* Supervise recruitment processes and staff.
* Ensure compliance with government regulations and licensing.
Requirements:
* Minimum 5+ years of experience in foreign recruitment or HR management.
* Diploma or Degree in Management / HR or related field.
* Strong leadership and computer literacy (MS Office, Email).
* Fluency in English (spoken & written).
Special Advantage:
* Candidates with experience as an Executive Officer or above at SLBFE will be given priority.
Salary:- Negotiable based on experience.
Location:- Maharagama.",,
https://ikman.lk/en/ad/senior-executive-human-resources-colombo,"𝐏𝐎𝐒𝐈𝐓𝐈𝐎𝐍 :
Senior Executive – Human Resources
𝐑𝐄𝐐𝐔𝐈𝐑𝐄𝐌𝐄𝐍𝐓𝐒 :
【~】• Degree or professional qualification in HRM / Business Administration
【~】• 3–5 years of experience in a similar HR role
【~】• Excellent communication and time management skills
【~】• Fluent in English
𝐑𝐄𝐒𝐏𝐎𝐍𝐒𝐈𝐁𝐈𝐋𝐈𝐓𝐈𝐄𝐒 :
【~】• End-to-end recruitment and payroll management
【~】• Handle employee relations, grievances, and disciplinary matters
【~】• Ensure compliance with labor laws and company policies
【~】• Manage day-to-day HR operations and employee engagement
【~】• Oversee learning and development initiatives
𝐁𝐄𝐍𝐄𝐅𝐈𝐓𝐒 :
【~】- We offer an attractive remuneration package with above market standards & other benefits for the suitable candidate.
【~】- Career growth and development opportunities
【~】- Supportive and collaborative working environment
𝐇𝐎𝐖 𝐓𝐎 𝐀𝐏𝐏𝐋𝐘 :
If you feel you are the right individual for the above position, then apply via ""𝗔𝗽𝗽𝗹𝘆 𝗡𝗼𝘄"" of this advert.
＃𝐸𝓂𝒶𝒾𝓁 : hr@innox.lk",,
https://ikman.lk/en/ad/lighting-designer-colombo-2,"Lighting Designer
*උත්සව, ප්‍රසංග සහ විශේෂ වැඩසටහන් සඳහා ආලෝක සැලසුම් නිර්මාණය කිරීම සහ ක්‍රියාත්මක කිරීම.
*ආලෝක උපකරණ, කොන්සෝල් සහ පාලන පද්ධති ස්ථාපනය හා ක්‍රියාත්මක කිරීම.
*වේදිකා කණ්ඩායම්, නිෂ්පාදන කණ්ඩායම් සහ උත්සව සංවිධායකයන් සමඟ සම්බන්ධ වී ආලෝක සැලසුම් සාර්ථකව ක්‍රියාත්මක කිරීම.
*උත්සව අතරතුර තාක්ෂණික ගැටළු හඳුනාගෙන ඉක්මනින් විසඳීම.
*ආලෝක උපකරණ නඩත්තු කිරීම සහ ආරක්ෂිත ක්‍රියාකාරී තත්ත්වයේ පවත්වා ගැනීම.
ප්‍රධාන අවශ්‍යතා:
*Event Lighting හෝ සමාන ක්ෂේත්‍රයක ඩිප්ලෝමා හෝ සහතිකයක්.
*Event Lighting හෝ Stage Production ක්ෂේත්‍රයේ අවම වශයෙන් වසර 1–3ක පළපුරුද්ද.
*Lighting Consoles, DMX Systems සහ Stage Lighting Equipment භාවිතයේ දක්ෂතාව.
*ශක්තිමත් තාක්ෂණික ගැටළු විසඳීමේ හැකියාව සහ විදුලි ආරක්ෂණ ප්‍රමිතීන් පිළිබඳ දැනුම.
*සවස සහ සතිඅන්ත ඇතුළුව නම්‍යශීලී වේලාවන්ට වැඩ කිරීමට සහ කණ්ඩායමක් සමඟ කටයුතු කිරීමට හැකියාව.",,
https://ikman.lk/en/ad/graphic-designer-male-kiribathgoda-gampaha-2,"🔧 රැකියාවේ ස්වභාවය:
* DTF Printing සම්බන්ධ කාර්යයන් සිදු කිරීම
(DTF Printing පිළිබඳ දැනුම තිබීම අනිවාර්ය නොවේ – පුහුණුව අප විසින් ලබාදෙයි)
* ගනුදෙනුකරුවන්ගෙන් ලැබෙන Messages / Inquiries වලට ඉක්මන් ලෙස පිළිතුරු ලබාදීම
✅ අවශ්‍ය සුදුසුකම්:
* වයස අවුරුදු 18 – 30 අතර වීම
* Adobe Photoshop පිළිබඳ හොඳ දැනුම තිබීම
* මෙම ක්ෂේත්‍රයේ අවම වශයෙන් අවුරුදු 1ක අත්දැකීම් තිබීම
* ඉක්මන් ප්‍රතිචාර දක්වන පුද්ගලයෙකු වීම
📲 අයදුම් කිරීම සඳහා:
ඔබගේ CV එක WhatsApp මඟින් එවන්න
📱 (076) 366 3881",,
https://ikman.lk/en/ad/graphic-designer-gampaha-gampaha-6,,,
https://ikman.lk/en/ad/graphic-designer-colombo-3385,"Graphic Designer
Location: Kirulapone (Onsite)
Gender: Male / Female
Age: 22 - 35 Years
Requirements
Diploma in Graphic Designing, Advertising, Marketing, or a related field from a recognized institute.
Minimum 2 years of experience in graphic design or a similar role
Proficiency in Adobe Creative Suite, including Photoshop, Illustrator, and InDesign
Knowledge of AI-powered design tools will be an added advantage
Strong creativity, visual communication, and attention to detail
Ability to manage multiple projects and meet deadlines
Good communication and teamwork skills
Job Responsibilities
Design creative content for social media, digital marketing campaigns, websites, and print materials
Develop visually appealing advertisements, banners, brochures, flyers, and promotional materials
Create and maintain brand-consistent designs across all platforms
Collaborate with the marketing team to develop creative concepts and campaign visuals
Edit and enhance images, graphics, and videos when required
Stay updated with current design trends and industry best practices
Ensure all designs meet quality standards and project requirements
Manage multiple design projects while meeting deadlines
Contact Details:
outsource@humanresources.lk
0702802000 (Whatsapp)",,
https://ikman.lk/en/ad/fashion-designer-colombo-20,"We're Hiring!
Fashion Designer
Join the creative team at Hameedia and be part of a leading fashion brand.
Requirements
✅ Degree, Diploma, or Professional Qualification in Fashion Design or a related field.
✅ Minimum 2–3 years of experience in fashion design, preferably in the apparel or retail industry.
✅ Strong knowledge of fashion trends, fabrics, garment construction, and pattern development.
✅ Proficiency in design software such as Adobe Illustrator, Photoshop, or similar tools.
✅ Creative mindset with excellent attention to detail.
✅ Strong communication and teamwork skills.
Key Responsibilities
* Research and analyze current fashion trends and market demands.
* Develop innovative design concepts and seasonal collections.
* Prepare sketches, technical drawings, and design specifications.
* Work closely with merchandising and production teams to ensure design execution.
* Assist in fabric selection, fittings, and sample development.
* Ensure products align with brand standards and customer expectations",,
https://ikman.lk/en/ad/graphic-designer-kalutara-206,,,
https://ikman.lk/en/ad/fashion-designer-colombo-19,"💼 𝐏𝐎𝐒𝐈𝐓𝐈𝐎𝐍 : FASHION DESIGNER
💠 𝐑𝐄𝐐𝐔𝐈𝐑𝐄𝐌𝐄𝐍𝐓𝐒 : | # 💠 𝐂𝐀𝐍𝐃𝐈𝐃𝐀𝐓𝐄 𝐏𝐑𝐎𝐅𝐈𝐋𝐄 :
【~】✪ Degree, Diploma, or Professional Qualification in Fashion Design or a related field.
【~】✪ Minimum 2–3 years of experience in fashion design, preferably in the apparel or retail industry.
【~】✪ Strong knowledge of fashion trends, fabrics, garment construction, and pattern development.
【~】✪ Proficiency in design software such as Adobe Illustrator, Photoshop, or similar tools.
【~】✪ Creative mindset with excellent attention to detail.
【~】✪ Strong communication and teamwork skills.
💠 𝐑𝐄𝐒𝐏𝐎𝐍𝐒𝐈𝐁𝐈𝐋𝐈𝐓𝐈𝐄𝐒 : | # 💠 𝐉𝐎𝐁 𝐏𝐑𝐎𝐅𝐈𝐋𝐄 :
【~】✪ Research and analyze current fashion trends and market demands.
【~】✪ Develop innovative design concepts and seasonal collections.
【~】✪ Prepare sketches, technical drawings, and design specifications.
【~】✪ Work closely with merchandising and production teams to ensure design execution.
【~】✪ Assist in fabric selection, fittings, and sample development.
【~】✪ Ensure products align with brand standards and customer expectations.
✅ 𝐁𝐄𝐍𝐄𝐅𝐈𝐓𝐒 :
【~】✪ We offer an attractive remuneration package & incentives that are above market standards for the suitable candidate.
✅ 𝐇𝐎𝐖 𝐓𝐎 𝐀𝐏𝐏𝐋𝐘 ✍️ :
If you feel you are the right individual for the above position, then apply via ""𝗔𝗽𝗽𝗹𝘆 𝗡𝗼𝘄"" of this advert.
[ 𝐖𝐄 𝐇𝐈𝐆𝐇𝐋𝐘 𝐈𝐍𝐅𝐎𝐑𝐌 𝐀𝐋𝐋 𝐓𝐇𝐄 𝐂𝐀𝐍𝐃𝐈𝐃𝐀𝐓𝐄𝐒 𝐓𝐎 𝐌𝐄𝐍𝐓𝐈𝐎𝐍 𝐀 𝐕𝐀𝐋𝐈𝐃 𝐌𝐎𝐁𝐈𝐋𝐄 𝐍𝐔𝐌𝐁𝐄𝐑 & 𝐈𝐓 𝐈𝐒 𝐂𝐎𝐌𝐏𝐔𝐋𝐒𝐎𝐑𝐘 𝐓𝐎 𝐀𝐓𝐓𝐀𝐂𝐇 𝐘𝐎𝐔𝐑 𝐂𝐕 𝐁𝐘 𝐔𝐏𝐃𝐀𝐓𝐈𝐍𝐆 𝐘𝐎𝐔𝐑 ""𝗜𝗞𝗠𝗔𝗡 𝗥𝗘𝗦𝗨𝗠𝗘"" ]
＃📳 𝓒𝓸𝓷𝓽𝓪𝓬𝓽 : 077 007 0373
＃ 📧 𝐸𝓂𝒶𝒾𝓁: dilanslm@signature.lk",,
https://ikman.lk/en/ad/interior-designer-colombo-37,"￼
Convert this to post which i can post in a advertising web site
Here's a professional job advertisement version you can post on advertising websites, job portals, Facebook, LinkedIn, or Ikman:
Interior Designer – Casa Ceylon Furniture
📍 Location: Pelawatta, Sri Lanka
Casa Ceylon Furniture is seeking a creative and passionate Interior Designer to join our growing team.
Qualifications
✅ Degree or HND in Interior Design
✅ Minimum 1 year of experience in interior design
✅ Proficiency in AutoCAD and SketchUp (mandatory)
Key Responsibilities
• Handle showroom clients and understand their interior design requirements
• Coordinate with clients, contractors, suppliers, and vendors
• Conduct site measurements and oversee project implementation
• Visit project sites and factories for design coordination
• Assist and advise clients throughout the design process
• Support showroom setup, visual merchandising, and display styling
Requirements
• Excellent communication and interpersonal skills
• Strong project coordination abilities
• Creative eye for design and attention to detail
• Ability to manage multiple projects and deadlines
What We Offer
• Opportunity to work with a growing furniture and interior design brand
• Exposure to residential and commercial projects
• Supportive and dynamic work environment
• Career growth opportunities
📧 Apply by sending your CV and portfolio to: info@casaceylon.lk
📍 Work Location: Pelawatta
Join Casa Ceylon and help create inspiring living spaces for our clients.
#InteriorDesigner #InteriorDesignJobs #ArchitectureJobs #SriLankaJobs #Hiring #CasaCeylon #PelawattaJobs
For Ikman and other job portals, I can also create a shorter, SEO-friendly version that attracts more applicants.
Create a shorter, SEO-friendly version that attracts more applicants
🎨 Interior Designer Wanted | Pelawatta
Join Casa Ceylon Furniture and build beautiful interior spaces with a growing Sri Lankan brand.
Requirements:
✔ Degree/HND in Interior Design
✔ Minimum 1 year experience
✔ AutoCAD & SketchUp proficiency
✔ Strong communication and client-handling skills
Job Responsibilities:
• Meet and advise clients on interior solutions
• Site visits, measurements & project coordination
• Work with contractors, suppliers & vendors
• Assist with showroom styling and visual merchandising
📍 Location: Pelawatta
📧 Send your CV & Portfolio to: info@casaceylon.lk
Apply Now and turn creative ideas into stunning spaces!",,
https://ikman.lk/en/ad/3d-designer-colombo,"*🚨 WE ARE HIRING! 🚨*
*🎨 Position: _3D Designer*_
👨‍💼👩‍💼 Gender:-
_Male / Female_
🛑Age Limit:
*Up to 35 Years*
*📌 Required Skills:*
✅ _Revit (Compulsory)_
✅ _Lumion (Compulsory)_
📌 *Additional Skills* (Optional):
✔️ _AutoCAD_
✔️ _SketchUp_
_🎓 Trainees are Welcome to Apply! ⭐ Candidates with prior experience will have an added advantage._
*🏢 Company: Green Builders (Pvt) Ltd*
*📍 Location: Thalawathugoda*
📞 *Contact:*
☎️ 011 286 0887
📱0715500055 (Surani)",,
https://ikman.lk/en/ad/graphic-designer-social-media-colombo,"Position: Graphic Designer – Social Media
Key Requirements:
Minimum 2 years of experience as a Graphic Designer, preferably handling social media content
Strong understanding of social media marketing, including platform-specific creative formats
Ability to design engaging creatives for posts, stories, reels, and ads
Photography and basic video editing skills will be a strong added advantage
Ability to work in a fast-paced retail environment with multiple deliverables",,
https://ikman.lk/en/ad/graphic-designer-kalutara-204,,,
https://ikman.lk/en/ad/female-graphic-designers-wanted-gampaha,"Female Graphic Designers Wanted
Age bettween 20 - 40
Sinhala and English Typing
Photoshop and Coreldraw Skills
Around from Negombo
work time 08:00am to 05:00pm
Salary + OT + Allowance
Send your Applications to Whatsapp",,
https://ikman.lk/en/ad/associate-creative-designer-colombo,"💼 𝐏𝐎𝐒𝐈𝐓𝐈𝐎𝐍 : ASSOCIATE - CREATIVE DESIGNER (Colombo 04)
💠 𝐑𝐄𝐐𝐔𝐈𝐑𝐄𝐌𝐄𝐍𝐓𝐒 : | # 💠 𝐂𝐀𝐍𝐃𝐈𝐃𝐀𝐓𝐄 𝐏𝐑𝐎𝐅𝐈𝐋𝐄 :
【~】✪ Minimum 01 year of experience in a related field will be preferred. Freshers are also encouraged to apply.
【~】✪ Certificate or related qualification in Printing Technology (Screen, Digital, Sublimation & Pad Printing) or Graphic Designing will be an added advantage.
【~】✪ Proficiency in design and editing software.
【~】✪ Good team player with the ability to collaborate effectively across teams.
💠 𝐑𝐄𝐒𝐏𝐎𝐍𝐒𝐈𝐁𝐈𝐋𝐈𝐓𝐈𝐄𝐒 : | # 💠 𝐉𝐎𝐁 𝐏𝐑𝐎𝐅𝐈𝐋𝐄 :
【~】✪ Assist in developing concepts, graphics, and layouts for product illustrations and logo redesigns.
【~】✪ Explore new printing and customization options and coordinate sampling activities.
【~】✪ Ensure all designs meet production and print specifications.
【~】✪ Work closely with the sublimation unit to ensure high-quality and timely production.
【~】✪ Assist in managing multiple projects while meeting deadlines and adapting to changing requirements.
✅ 𝐁𝐄𝐍𝐄𝐅𝐈𝐓𝐒 :
【~】✪ We offer an attractive remuneration package & incentives that are above market standards for the suitable candidate.
✅ 𝐇𝐎𝐖 𝐓𝐎 𝐀𝐏𝐏𝐋𝐘 ✍️ :
If you feel you are the right individual for the above position, then apply via ""𝗔𝗽𝗽𝗹𝘆 𝗡𝗼𝘄 "" of this advert.
[ 𝐖𝐄 𝐇𝐈𝐆𝐇𝐋𝐘 𝐈𝐍𝐅𝐎𝐑𝐌 𝐀𝐋𝐋 𝐓𝐇𝐄 𝐂𝐀𝐍𝐃𝐈𝐃𝐀𝐓𝐄𝐒 𝐓𝐎 𝐌𝐄𝐍𝐓𝐈𝐎𝐍 𝐀 𝐕𝐀𝐋𝐈𝐃 𝐌𝐎𝐁𝐈𝐋𝐄 𝐍𝐔𝐌𝐁𝐄𝐑 & 𝐈𝐓 𝐈𝐒 𝐂𝐎𝐌𝐏𝐔𝐋𝐒𝐎𝐑𝐘 𝐓𝐎 𝐀𝐓𝐓𝐀𝐂𝐇 𝐘𝐎𝐔𝐑 𝐂𝐕 𝐁𝐘 𝐔𝐏𝐃𝐀𝐓𝐈𝐍𝐆 𝐘𝐎𝐔𝐑 ""𝗜𝗞𝗠𝗔𝗡 𝗥𝗘𝗦𝗨𝗠𝗘"" ]
＃ 📧 𝐸𝓂𝒶𝒾𝓁: careers@rainco.lk",,
https://ikman.lk/en/ad/3d-designer-kalutara,"—----------------------------------------------
3D Designer / Graphics designer  Vacancy
—----------------------------------------------
Aluminium Pantry නිෂ්පාදන ආයතනයක් සඳහා Sketchup Software එක මගින් 3D Design නිර්මාණය කිරීමේ හැකියාව සහිත පරිගණක ක්‍රියාකරුවකු සඳහා පුරප්පාඩු ඇත.
✅ Employer Name : Todno Engineering (Pvt) Ltd.
✅ Job Location - Bandaragama
✅ Job type - Full time
✅ Male
✅ Required education - A/L
✅ Age - Above 18
✅ Experience Required -1 Year
Whatsapp your CV - 07777 66255",,
https://ikman.lk/en/ad/graphic-designer-kalutara-203,,,
https://ikman.lk/en/ad/fashion-designer-colombo-18,"WE ARE HIRING ✨
Saree Jacket Stitching, Cutting & Dress Making Experts
A reputed saree showroom in Nugegoda is looking for skilled and experienced professionals to join our growing team.
🔸 Positions Available
✂️ Saree Jacket Stitching Experts
✂️ Saree Jacket Cutting Experts
👗 Dress Making Experts
🔸 Requirements
✔ Experience in stitching, cutting & dress making
✔ Ability to handle customized fittings and trendy designs
✔ Neat finishing and attention to detail
✔ Ability to work under deadlines
✔ Passion for fashion and quality workmanship
📍 Location: Nugegoda
💰 Attractive salary package based on experience
📞 Contact / WhatsApp: 071 240 9115
Join a professional and creative working environment in the fashion industry ✨",,
https://ikman.lk/en/ad/graphic-designer-colombo-3373,,,
https://ikman.lk/en/ad/graphic-designer-kalutara-202,,,
https://ikman.lk/en/ad/qa-monitor-kalutara-1,,,
https://ikman.lk/en/ad/qa-monitor-kalutara,,,
https://ikman.lk/en/ad/investment-research-analyst-colombo-11,"💼 𝐏𝐎𝐒𝐈𝐓𝐈𝐎𝐍 : Investment Research Analyst
💠 𝐑𝐄𝐐𝐔𝐈𝐑𝐄𝐌𝐄𝐍𝐓𝐒 : | # 💠 𝐂𝐀𝐍𝐃𝐈𝐃𝐀𝐓𝐄 𝐏𝐑𝐎𝐅𝐈𝐋𝐄 :
【~】✪ 5+ years of relevant experience, preferably in Investment Research, Banking, and/or Corporate Finance.
【~】✪ The ability to compile a coherent and logical investment thesis on a company by gaining a detailed understanding of its business and the ability to write concise and crisp investment recommendation reports.
【~】✪ A degree in business/accounting/economics or a completed professional qualification such as CIMA, ACCA, or CA Sri Lanka; a full/part qualification in CFA will be an added advantage.
【~】✪ A highly analytical mind with strong attention to detail.
【~】✪ Good written and spoken English communication skills.
【~】✪ The ability to work independently and meet deadlines under pressure.
【~】✪ Should be willing to work for the US calendar, and working hours would be from 3:00 PM to 12:00 AM (Monday to Friday).
【~】✪ Preference will be given to candidates who have high interpersonal skills and a team player who can work well with all levels of employees.
💠 𝐑𝐄𝐒𝐏𝐎𝐍𝐒𝐈𝐁𝐈𝐋𝐈𝐓𝐈𝐄𝐒 : | # 💠 𝐉𝐎𝐁 𝐏𝐑𝐎𝐅𝐈𝐋𝐄 :
【~】✪ Following global industries/markets and analyzing multinational companies to enable our clients to make sound investment decisions.
【~】✪ Conducting background research independently and documenting the findings and conclusions in the form of investment research reports.
【~】✪ Building and maintaining financial models and generating forecasts as an integral part of the analysis.
【~】✪ Applying appropriate absolute and relative valuation methods applicable to various sectors and companies.
✅ 𝐁𝐄𝐍𝐄𝐅𝐈𝐓𝐒 :
【~】✪ Competitive salary and benefits package.
【~】✪ Opportunities for professional growth and development.
【~】✪ A collaborative and inclusive work environment.
【~】✪ Exposure to global markets and investment strategies.
【~】✪ Work with a team of experienced investment professionals.
✅ 𝐇𝐎𝐖 𝐓𝐎 𝐀𝐏𝐏𝐋𝐘 ✍️ :
If you feel you are the right individual for the above position, then apply via ""𝗔𝗽𝗽𝗹𝘆 𝗡𝗼𝘄"" of this advert.
[ 𝐖𝐄 𝐇𝐈𝐆𝐇𝐋𝐘 𝐈𝐍𝐅𝐎𝐑𝐌 𝐀𝐋𝐋 𝐓𝐇𝐄 𝐂𝐀𝐍𝐃𝐈𝐃𝐀𝐓𝐄𝐒 𝐓𝐎 𝐌𝐄𝐍𝐓𝐈𝐎𝐍 𝐀 𝐕𝐀𝐋𝐈𝐃 𝐌𝐎𝐁𝐈𝐋𝐄 𝐍𝐔𝐌𝐁𝐄𝐑 & 𝐈𝐓 𝐈𝐒 𝐂𝐎𝐌𝐏𝐔𝐋𝐒𝐎𝐑𝐘 𝐓𝐎 𝐀𝐓𝐓𝐀𝐂𝐇 𝐘𝐎𝐔𝐑 𝐂𝐕 𝐁𝐘 𝐔𝐏𝐃𝐀𝐓𝐈𝐍𝐆 𝐘𝐎𝐔𝐑 ""𝗜𝗞𝗠𝗔𝗡 𝗥𝗘𝗦𝗨𝗠𝗘"" ]
＃ 📧 𝐸𝓂𝒶𝒾𝓁:  asath.afham@legacyhealthllc.com",,
https://ikman.lk/en/ad/investment-research-analyst-colombo-12,"💼 𝐏𝐎𝐒𝐈𝐓𝐈𝐎𝐍 : Investment Research Analyst
💠 𝐑𝐄𝐐𝐔𝐈𝐑𝐄𝐌𝐄𝐍𝐓𝐒 : | # 💠 𝐂𝐀𝐍𝐃𝐈𝐃𝐀𝐓𝐄 𝐏𝐑𝐎𝐅𝐈𝐋𝐄 :
【~】✪ 5+ years of relevant experience, preferably in Investment Research, Banking, and/or Corporate Finance.
【~】✪ The ability to compile a coherent and logical investment thesis on a company by gaining a detailed understanding of its business and the ability to write concise and crisp investment recommendation reports.
【~】✪ A degree in business/accounting/economics or a completed professional qualification such as CIMA, ACCA, or CA Sri Lanka; a full/part qualification in CFA will be an added advantage.
【~】✪ A highly analytical mind with strong attention to detail.
【~】✪ Good written and spoken English communication skills.
【~】✪ The ability to work independently and meet deadlines under pressure.
【~】✪ Should be willing to work for the US calendar, and working hours would be from 3:00 PM to 12:00 AM (Monday to Friday).
【~】✪ Preference will be given to candidates who have high interpersonal skills and a team player who can work well with all levels of employees.
💠 𝐑𝐄𝐒𝐏𝐎𝐍𝐒𝐈𝐁𝐈𝐋𝐈𝐓𝐈𝐄𝐒 : | # 💠 𝐉𝐎𝐁 𝐏𝐑𝐎𝐅𝐈𝐋𝐄 :
【~】✪ Following global industries/markets and analyzing multinational companies to enable our clients to make sound investment decisions.
【~】✪ Conducting background research independently and documenting the findings and conclusions in the form of investment research reports.
【~】✪ Building and maintaining financial models and generating forecasts as an integral part of the analysis.
【~】✪ Applying appropriate absolute and relative valuation methods applicable to various sectors and companies.
✅ 𝐁𝐄𝐍𝐄𝐅𝐈𝐓𝐒 :
【~】✪ Competitive salary and benefits package.
【~】✪ Opportunities for professional growth and development.
【~】✪ A collaborative and inclusive work environment.
【~】✪ Exposure to global markets and investment strategies.
【~】✪ Work with a team of experienced investment professionals.
✅ 𝐇𝐎𝐖 𝐓𝐎 𝐀𝐏𝐏𝐋𝐘 ✍️ :
If you feel you are the right individual for the above position, then apply via ""𝗔𝗽𝗽𝗹𝘆 𝗡𝗼𝘄"" of this advert.
[ 𝐖𝐄 𝐇𝐈𝐆𝐇𝐋𝐘 𝐈𝐍𝐅𝐎𝐑𝐌 𝐀𝐋𝐋 𝐓𝐇𝐄 𝐂𝐀𝐍𝐃𝐈𝐃𝐀𝐓𝐄𝐒 𝐓𝐎 𝐌𝐄𝐍𝐓𝐈𝐎𝐍 𝐀 𝐕𝐀𝐋𝐈𝐃 𝐌𝐎𝐁𝐈𝐋𝐄 𝐍𝐔𝐌𝐁𝐄𝐑 & 𝐈𝐓 𝐈𝐒 𝐂𝐎𝐌𝐏𝐔𝐋𝐒𝐎𝐑𝐘 𝐓𝐎 𝐀𝐓𝐓𝐀𝐂𝐇 𝐘𝐎𝐔𝐑 𝐂𝐕 𝐁𝐘 𝐔𝐏𝐃𝐀𝐓𝐈𝐍𝐆 𝐘𝐎𝐔𝐑 ""𝗜𝗞𝗠𝗔𝗡 𝗥𝗘𝗦𝗨𝗠𝗘"" ]
＃ 📧 𝐸𝓂𝒶𝒾𝓁:  asath.afham@legacyhealthllc.com",,
https://ikman.lk/en/ad/investment-research-analyst-colombo-9,"💼 𝐏𝐎𝐒𝐈𝐓𝐈𝐎𝐍 : Investment Research Analyst
💠 𝐑𝐄𝐐𝐔𝐈𝐑𝐄𝐌𝐄𝐍𝐓𝐒 : | # 💠 𝐂𝐀𝐍𝐃𝐈𝐃𝐀𝐓𝐄 𝐏𝐑𝐎𝐅𝐈𝐋𝐄 :
【~】✪ 5+ years of relevant experience, preferably in Investment Research, Banking, and/or Corporate Finance.
【~】✪ The ability to compile a coherent and logical investment thesis on a company by gaining a detailed understanding of its business and the ability to write concise and crisp investment recommendation reports.
【~】✪ A degree in business/accounting/economics or a completed professional qualification such as CIMA, ACCA, or CA Sri Lanka; a full/part qualification in CFA will be an added advantage.
【~】✪ A highly analytical mind with strong attention to detail.
【~】✪ Good written and spoken English communication skills.
【~】✪ The ability to work independently and meet deadlines under pressure.
【~】✪ Should be willing to work for the US calendar, and working hours would be from 3:00 PM to 12:00 AM (Monday to Friday).
【~】✪ Preference will be given to candidates who have high interpersonal skills and a team player who can work well with all levels of employees.
💠 𝐑𝐄𝐒𝐏𝐎𝐍𝐒𝐈𝐁𝐈𝐋𝐈𝐓𝐈𝐄𝐒 : | # 💠 𝐉𝐎𝐁 𝐏𝐑𝐎𝐅𝐈𝐋𝐄 :
【~】✪ Following global industries/markets and analyzing multinational companies to enable our clients to make sound investment decisions.
【~】✪ Conducting background research independently and documenting the findings and conclusions in the form of investment research reports.
【~】✪ Building and maintaining financial models and generating forecasts as an integral part of the analysis.
【~】✪ Applying appropriate absolute and relative valuation methods applicable to various sectors and companies.
✅ 𝐁𝐄𝐍𝐄𝐅𝐈𝐓𝐒 :
【~】✪ Competitive salary and benefits package.
【~】✪ Opportunities for professional growth and development.
【~】✪ A collaborative and inclusive work environment.
【~】✪ Exposure to global markets and investment strategies.
【~】✪ Work with a team of experienced investment professionals.
✅ 𝐇𝐎𝐖 𝐓𝐎 𝐀𝐏𝐏𝐋𝐘 ✍️ :
If you feel you are the right individual for the above position, then apply via ""𝗔𝗽𝗽𝗹𝘆 𝗡𝗼𝘄"" of this advert.
[ 𝐖𝐄 𝐇𝐈𝐆𝐇𝐋𝐘 𝐈𝐍𝐅𝐎𝐑𝐌 𝐀𝐋𝐋 𝐓𝐇𝐄 𝐂𝐀𝐍𝐃𝐈𝐃𝐀𝐓𝐄𝐒 𝐓𝐎 𝐌𝐄𝐍𝐓𝐈𝐎𝐍 𝐀 𝐕𝐀𝐋𝐈𝐃 𝐌𝐎𝐁𝐈𝐋𝐄 𝐍𝐔𝐌𝐁𝐄𝐑 & 𝐈𝐓 𝐈𝐒 𝐂𝐎𝐌𝐏𝐔𝐋𝐒𝐎𝐑𝐘 𝐓𝐎 𝐀𝐓𝐓𝐀𝐂𝐇 𝐘𝐎𝐔𝐑 𝐂𝐕 𝐁𝐘 𝐔𝐏𝐃𝐀𝐓𝐈𝐍𝐆 𝐘𝐎𝐔𝐑 ""𝗜𝗞𝗠𝗔𝗡 𝗥𝗘𝗦𝗨𝗠𝗘"" ]
＃ 📧 𝐸𝓂𝒶𝒾𝓁:  asath.afham@legacyhealthllc.com",,
https://ikman.lk/en/ad/investment-research-analyst-colombo-8,"💼 𝐏𝐎𝐒𝐈𝐓𝐈𝐎𝐍 : Investment Research Analyst
💠 𝐑𝐄𝐐𝐔𝐈𝐑𝐄𝐌𝐄𝐍𝐓𝐒 : | # 💠 𝐂𝐀𝐍𝐃𝐈𝐃𝐀𝐓𝐄 𝐏𝐑𝐎𝐅𝐈𝐋𝐄 :
【~】✪ 5+ years of relevant experience, preferably in Investment Research, Banking, and/or Corporate Finance.
【~】✪ The ability to compile a coherent and logical investment thesis on a company by gaining a detailed understanding of its business and the ability to write concise and crisp investment recommendation reports.
【~】✪ A degree in business/accounting/economics or a completed professional qualification such as CIMA, ACCA, or CA Sri Lanka; a full/part qualification in CFA will be an added advantage.
【~】✪ A highly analytical mind with strong attention to detail.
【~】✪ Good written and spoken English communication skills.
【~】✪ The ability to work independently and meet deadlines under pressure.
【~】✪ Should be willing to work for the US calendar, and working hours would be from 3:00 PM to 12:00 AM (Monday to Friday).
【~】✪ Preference will be given to candidates who have high interpersonal skills and a team player who can work well with all levels of employees.
💠 𝐑𝐄𝐒𝐏𝐎𝐍𝐒𝐈𝐁𝐈𝐋𝐈𝐓𝐈𝐄𝐒 : | # 💠 𝐉𝐎𝐁 𝐏𝐑𝐎𝐅𝐈𝐋𝐄 :
【~】✪ Following global industries/markets and analyzing multinational companies to enable our clients to make sound investment decisions.
【~】✪ Conducting background research independently and documenting the findings and conclusions in the form of investment research reports.
【~】✪ Building and maintaining financial models and generating forecasts as an integral part of the analysis.
【~】✪ Applying appropriate absolute and relative valuation methods applicable to various sectors and companies.
✅ 𝐁𝐄𝐍𝐄𝐅𝐈𝐓𝐒 :
【~】✪ Competitive salary and benefits package.
【~】✪ Opportunities for professional growth and development.
【~】✪ A collaborative and inclusive work environment.
【~】✪ Exposure to global markets and investment strategies.
【~】✪ Work with a team of experienced investment professionals.
✅ 𝐇𝐎𝐖 𝐓𝐎 𝐀𝐏𝐏𝐋𝐘 ✍️ :
If you feel you are the right individual for the above position, then apply via ""𝗔𝗽𝗽𝗹𝘆 𝗡𝗼𝘄"" of this advert.
[ 𝐖𝐄 𝐇𝐈𝐆𝐇𝐋𝐘 𝐈𝐍𝐅𝐎𝐑𝐌 𝐀𝐋𝐋 𝐓𝐇𝐄 𝐂𝐀𝐍𝐃𝐈𝐃𝐀𝐓𝐄𝐒 𝐓𝐎 𝐌𝐄𝐍𝐓𝐈𝐎𝐍 𝐀 𝐕𝐀𝐋𝐈𝐃 𝐌𝐎𝐁𝐈𝐋𝐄 𝐍𝐔𝐌𝐁𝐄𝐑 & 𝐈𝐓 𝐈𝐒 𝐂𝐎𝐌𝐏𝐔𝐋𝐒𝐎𝐑𝐘 𝐓𝐎 𝐀𝐓𝐓𝐀𝐂𝐇 𝐘𝐎𝐔𝐑 𝐂𝐕 𝐁𝐘 𝐔𝐏𝐃𝐀𝐓𝐈𝐍𝐆 𝐘𝐎𝐔𝐑 ""𝗜𝗞𝗠𝗔𝗡 𝗥𝗘𝗦𝗨𝗠𝗘"" ]
＃ 📧 𝐸𝓂𝒶𝒾𝓁:  asath.afham@legacyhealthllc.com",,
https://ikman.lk/en/ad/quality-assurance-executive-colombo-1,"💼 𝐏𝐎𝐒𝐈𝐓𝐈𝐎𝐍 : Quality Assurance Executive (Call Center)
📍 Sri Jayewardenepura Kotte
💠 𝐑𝐄𝐐𝐔𝐈𝐑𝐄𝐌𝐄𝐍𝐓𝐒 : | # 💠 𝐂𝐀𝐍𝐃𝐈𝐃𝐀𝐓𝐄 𝐏𝐑𝐎𝐅𝐈𝐋𝐄 :
【~】✪ Mandatory previous experience answering
inbound/outbound calls
【~】✪ Proficient in at least two languages (Sinhala/English/Tamil)
【~】✪ Mandatory good reporting and Microsoft Excel skills
【~】✪ Trilingual is a definite advantage
【~】✪ Strong listening and analytical skills
【~】✪ Positive and pleasant attitude
【~】✪ Attention to detail and accuracy
【~】✪ Ability to provide constructive feedback
💠 𝐑𝐄𝐒𝐏𝐎𝐍𝐒𝐈𝐁𝐈𝐋𝐈𝐓𝐈𝐄𝐒 : | # 💠 𝐉𝐎𝐁 𝐏𝐑𝐎𝐅𝐈𝐋𝐄 :
【~】✪ Monitor and evaluate inbound/outbound calls
【~】✪ Full-time position at Softlogic BPO Services (Pvt) Ltd
【~】✪ Prepare QA reports and performance analytics
【~】✪ Location: No. 268, Nawala Rd, Sri Jayewardenepura Kotte
【~】✪ Identify training and performance gaps
【~】✪ Work with Training and Operations team
【~】✪ Provide feedback and coaching to agents
【~】✪ Career growth opportunities in BPO sector
【~】✪ Ensure compliance with quality standards and processes |【~】✪ Office-based role
✅ 𝐁𝐄𝐍𝐄𝐅𝐈𝐓𝐒 :
【~】✪ We offer an attractive remuneration package & incentives that are above market standards for the suitable candidate.
✅ 𝐇𝐎𝐖 𝐓𝐎 𝐀𝐏𝐏𝐋𝐘 ✍️ :
If you feel you are the right individual for the above position, then apply via ""Apply Now"" of this advert.
[ 𝐖𝐄 𝐇𝐈𝐆𝐇𝐋𝐘 𝐈𝐍𝐅𝐎𝐑𝐌 𝐀𝐋𝐋 𝐓𝐇𝐄 𝐂𝐀𝐍𝐃𝐈𝐃𝐀𝐓𝐄𝐒 𝐓𝐎 𝐌𝐄𝐍𝐓𝐈𝐎𝐍 𝐀 𝐕𝐀𝐋𝐈𝐃 𝐌𝐎𝐁𝐈𝐋𝐄 𝐍𝐔𝐌𝐁𝐄𝐑 & 𝐈𝐓 𝐈𝐒 𝐂𝐎𝐌𝐏𝐔𝐋𝐒𝐎𝐑𝐘 𝐓𝐎 𝐀𝐓𝐓𝐀𝐂𝐇 𝐘𝐎𝐔𝐑 𝐂𝐕 ]
＃ 📧 𝐸𝓂𝒶𝒾𝓁: hr@softlogic.lk",,
https://ikman.lk/en/ad/quality-assurance-executive-colombo,"💼 𝐏𝐎𝐒𝐈𝐓𝐈𝐎𝐍 : Quality Assurance Executive (Call Center)
📍 Sri Jayewardenepura Kotte
💠 𝐑𝐄𝐐𝐔𝐈𝐑𝐄𝐌𝐄𝐍𝐓𝐒 : | # 💠 𝐂𝐀𝐍𝐃𝐈𝐃𝐀𝐓𝐄 𝐏𝐑𝐎𝐅𝐈𝐋𝐄 :
【~】✪ Mandatory previous experience answering
inbound/outbound calls
【~】✪ Proficient in at least two languages (Sinhala/English/Tamil)
【~】✪ Mandatory good reporting and Microsoft Excel skills
【~】✪ Trilingual is a definite advantage
【~】✪ Strong listening and analytical skills
【~】✪ Positive and pleasant attitude
【~】✪ Attention to detail and accuracy
【~】✪ Ability to provide constructive feedback
💠 𝐑𝐄𝐒𝐏𝐎𝐍𝐒𝐈𝐁𝐈𝐋𝐈𝐓𝐈𝐄𝐒 : | # 💠 𝐉𝐎𝐁 𝐏𝐑𝐎𝐅𝐈𝐋𝐄 :
【~】✪ Monitor and evaluate inbound/outbound calls
【~】✪ Full-time position at Softlogic BPO Services (Pvt) Ltd
【~】✪ Prepare QA reports and performance analytics
【~】✪ Location: No. 268, Nawala Rd, Sri Jayewardenepura Kotte
【~】✪ Identify training and performance gaps
【~】✪ Work with Training and Operations team
【~】✪ Provide feedback and coaching to agents
【~】✪ Career growth opportunities in BPO sector
【~】✪ Ensure compliance with quality standards and processes |【~】✪ Office-based role
✅ 𝐁𝐄𝐍𝐄𝐅𝐈𝐓𝐒 :
【~】✪ We offer an attractive remuneration package & incentives that are above market standards for the suitable candidate.
✅ 𝐇𝐎𝐖 𝐓𝐎 𝐀𝐏𝐏𝐋𝐘 ✍️ :
If you feel you are the right individual for the above position, then apply via ""Apply Now"" of this advert.
[ 𝐖𝐄 𝐇𝐈𝐆𝐇𝐋𝐘 𝐈𝐍𝐅𝐎𝐑𝐌 𝐀𝐋𝐋 𝐓𝐇𝐄 𝐂𝐀𝐍𝐃𝐈𝐃𝐀𝐓𝐄𝐒 𝐓𝐎 𝐌𝐄𝐍𝐓𝐈𝐎𝐍 𝐀 𝐕𝐀𝐋𝐈𝐃 𝐌𝐎𝐁𝐈𝐋𝐄 𝐍𝐔𝐌𝐁𝐄𝐑 & 𝐈𝐓 𝐈𝐒 𝐂𝐎𝐌𝐏𝐔𝐋𝐒𝐎𝐑𝐘 𝐓𝐎 𝐀𝐓𝐓𝐀𝐂𝐇 𝐘𝐎𝐔𝐑 𝐂𝐕 ]
＃ 📧 𝐸𝓂𝒶𝒾𝓁: hr@softlogic.lk",,
https://ikman.lk/en/ad/project-analyst-gampaha-1,"We Are Hiring – Join Our Team!
Are you looking for a job opportunity to grow your career?
We are looking for motivated, energetic, and responsible individuals to join our team.
Salary 30000 to 35000
No experience needed. full training will be given.
Now we are hiring for Project Analyst. The position is focused on the draftsman side, where employees will work with building plans and spatial data.
Key Responsibilities:
Digitizing building layouts using CAD/GIS software
Drawing and updating house plans based on provided documents
Verifying architectural and building plans for accuracy
Converting physical or scanned plans into digital formats
Ensuring measurements and property details are correctly represented
Requirements
Positive attitude and willingness to learn
Ability to work under pressure
Good teamwork and communication skills
Responsible and punctual
*****Around Negombo area preferred
We conduct a selection test for candidates prior to the interview.
Selection Test
📅 Date: Weekdays (Monday to Saturday) except Mercantile Holidays
⏰ Time: 9.30 AM – 3.00 PM
Location
Synet Technologies Lanka
229 1/1, St. Joseph Street,
Negombo
Contact
📞 070 214 0972",,
https://ikman.lk/en/ad/quality-executive-trained-untrained-gampaha-1,"💼 Position: Quality Executive (Trained / Untrained)
Company: Diapers World Pvt Ltd - Seeduwa
💠 Qualifications:
【~】 Good knowledge of quality standards of products.
【~】 Minimum 02 years’ experience in basic quality control procedures.
【~】 Ability to provide necessary leadership to experienced quality control employees.
💠 Job Duties:
【~】 Checking whether the products produced are in accordance with the prescribed standards.
【~】 Segregating defective products and maintaining quality records.
✅ Benefits:
【~】 Attractive salary package.
【~】 A safe work environment with career growth.
【~】 Training opportunities provided by the organization
✅ How to Apply:
Applicants with the above qualifications should contact the number below.
＃📳 WhatsApp: 011-4323102 / 011-4981509
💼 තනතුර : Quality Executive (පුහුණු / නුපුහුණු)
සමාගම: Diapers World Pvt Ltd - Seeduwa
💠 සුදුසුකම් :
【~】 නිෂ්පාදන තත්ත්ව සිද්ධාන්ත පිළිබඳ මනා දැනුමක් තිබීම.
【~】 තත්ත්ව පාලනය පිළිබඳ දැනුමක් සහ අවම වශයෙන් අවුරුදු 02ක පළපුරුද්දක් තිබීම.
【~】 පළපුරුදු තත්ත්ව පාලන සේවිකාවන් හට අවශ්‍ය නායකත්වය ලබාදීමේ හැකියාව.
💠 රැකියාවේ කාර්ය භාරය :
【~】 නිපදවන භාණ්ඩ නියමිත ප්‍රමිතීන්ට අනුකූලදැයි පරීක්ෂා කිරීම.
【~】 දෝෂ සහිත නිෂ්පාදන වෙන් කිරීම සහ ගුණාත්මක වාර්තා පවත්වා ගැනීම.
✅ ප්‍රතිලාභ :
【~】 ආකර්ශනීය වැටුප් පැකේජයක්.
【~】 වෘත්තීය වර්ධනයක් සහිත ආරක්ෂිත රැකියා පරිසරයක්.
【~】 ආයතනය විසින් ලබාදෙන පුහුණු අවස්ථා
✅ ඉල්ලුම් කළ යුතු ආකාරය :
ඉහත සුදුසුකම් සහිත අයදුම්කරුවන්  පහත අංකයට අමතන්න.
＃📳 WhatsApp: 011-4323102 / 011-4981509",,
https://ikman.lk/en/ad/data-analyst-colombo-2,"JOB DESCRIPTION – DATA ANALYST
Position: Data Analyst
Company: Wnato (Pvt) Ltd
Salary Range: LKR 80,000 – 100,000
Job Summary
Wnato (Pvt) Ltd is looking for an experienced and detail-oriented Data Analyst to join our team. The ideal candidate should have strong analytical skills, excellent knowledge of MS Office applications, and experience working with data management and reporting tools.
Key Responsibilities
•	Collect, organize, and analyze company data
•	Prepare reports, summaries, and presentations for management
•	Maintain accurate records and databases
•	Identify trends and provide insights based on data analysis
•	Generate daily, weekly, and monthly reports
•	Ensure data accuracy and confidentiality
•	Support departments with data-related tasks and reporting requirements
•	Work with spreadsheets and related software efficiently
Requirements
•	Previous experience as a Data Analyst or in a similar role
•	Strong knowledge of MS Office, especially Excel
•	Familiarity with data analysis and reporting software
•	Excellent analytical and problem-solving skills
•	Good communication and organizational abilities
•	Ability to work independently and meet deadlines
•	Attention to detail and accuracy
•	Preferred Qualifications
•	Diploma or Degree in IT, Data Analytics, or a related field
•	Experience with advanced Excel functions, reporting tools, or database systems will be an added advantage
Working Hours
•	Monday to Saturday
•	10:00 AM to 7:00 PM",,
https://ikman.lk/en/ad/investment-research-analyst-colombo-7,"💼 𝐏𝐎𝐒𝐈𝐓𝐈𝐎𝐍 : Investment Research Analyst
💠 𝐑𝐄𝐐𝐔𝐈𝐑𝐄𝐌𝐄𝐍𝐓𝐒 : | # 💠 𝐂𝐀𝐍𝐃𝐈𝐃𝐀𝐓𝐄 𝐏𝐑𝐎𝐅𝐈𝐋𝐄 :
【~】✪ 5+ years of relevant experience, preferably in Investment Research, Banking, and/or Corporate Finance.
【~】✪ The ability to compile a coherent and logical investment thesis on a company by gaining a detailed understanding of its business and the ability to write concise and crisp investment recommendation reports.
【~】✪ A degree in business/accounting/economics or a completed professional qualification such as CIMA, ACCA, or CA Sri Lanka; a full/part qualification in CFA will be an added advantage.
【~】✪ A highly analytical mind with strong attention to detail.
【~】✪ Good written and spoken English communication skills.
【~】✪ The ability to work independently and meet deadlines under pressure.
【~】✪ Should be willing to work for the US calendar, and working hours would be from 3:00 PM to 12:00 AM (Monday to Friday).
【~】✪ Preference will be given to candidates who have high interpersonal skills and a team player who can work well with all levels of employees.
💠 𝐑𝐄𝐒𝐏𝐎𝐍𝐒𝐈𝐁𝐈𝐋𝐈𝐓𝐈𝐄𝐒 : | # 💠 𝐉𝐎𝐁 𝐏𝐑𝐎𝐅𝐈𝐋𝐄 :
【~】✪ Following global industries/markets and analyzing multinational companies to enable our clients to make sound investment decisions.
【~】✪ Conducting background research independently and documenting the findings and conclusions in the form of investment research reports.
【~】✪ Building and maintaining financial models and generating forecasts as an integral part of the analysis.
【~】✪ Applying appropriate absolute and relative valuation methods applicable to various sectors and companies.
✅ 𝐁𝐄𝐍𝐄𝐅𝐈𝐓𝐒 :
【~】✪ Competitive salary and benefits package.
【~】✪ Opportunities for professional growth and development.
【~】✪ A collaborative and inclusive work environment.
【~】✪ Exposure to global markets and investment strategies.
【~】✪ Work with a team of experienced investment professionals.
✅ 𝐇𝐎𝐖 𝐓𝐎 𝐀𝐏𝐏𝐋𝐘 ✍️ :
If you feel you are the right individual for the above position, then apply via ""𝗔𝗽𝗽𝗹𝘆 𝗡𝗼𝘄"" of this advert.
[ 𝐖𝐄 𝐇𝐈𝐆𝐇𝐋𝐘 𝐈𝐍𝐅𝐎𝐑𝐌 𝐀𝐋𝐋 𝐓𝐇𝐄 𝐂𝐀𝐍𝐃𝐈𝐃𝐀𝐓𝐄𝐒 𝐓𝐎 𝐌𝐄𝐍𝐓𝐈𝐎𝐍 𝐀 𝐕𝐀𝐋𝐈𝐃 𝐌𝐎𝐁𝐈𝐋𝐄 𝐍𝐔𝐌𝐁𝐄𝐑 & 𝐈𝐓 𝐈𝐒 𝐂𝐎𝐌𝐏𝐔𝐋𝐒𝐎𝐑𝐘 𝐓𝐎 𝐀𝐓𝐓𝐀𝐂𝐇 𝐘𝐎𝐔𝐑 𝐂𝐕 𝐁𝐘 𝐔𝐏𝐃𝐀𝐓𝐈𝐍𝐆 𝐘𝐎𝐔𝐑 ""𝗜𝗞𝗠𝗔𝗡 𝗥𝗘𝗦𝗨𝗠𝗘"" ]
＃ 📧 𝐸𝓂𝒶𝒾𝓁:  asath.afham@legacyhealthllc.com",,
https://ikman.lk/en/ad/investment-research-analyst-colombo-6,"💼 𝐏𝐎𝐒𝐈𝐓𝐈𝐎𝐍 : Investment Research Analyst
💠 𝐑𝐄𝐐𝐔𝐈𝐑𝐄𝐌𝐄𝐍𝐓𝐒 : | # 💠 𝐂𝐀𝐍𝐃𝐈𝐃𝐀𝐓𝐄 𝐏𝐑𝐎𝐅𝐈𝐋𝐄 :
【~】✪ 5+ years of relevant experience, preferably in Investment Research, Banking, and/or Corporate Finance.
【~】✪ The ability to compile a coherent and logical investment thesis on a company by gaining a detailed understanding of its business and the ability to write concise and crisp investment recommendation reports.
【~】✪ A degree in business/accounting/economics or a completed professional qualification such as CIMA, ACCA, or CA Sri Lanka; a full/part qualification in CFA will be an added advantage.
【~】✪ A highly analytical mind with strong attention to detail.
【~】✪ Good written and spoken English communication skills.
【~】✪ The ability to work independently and meet deadlines under pressure.
【~】✪ Should be willing to work for the US calendar, and working hours would be from 3:00 PM to 12:00 AM (Monday to Friday).
【~】✪ Preference will be given to candidates who have high interpersonal skills and a team player who can work well with all levels of employees.
💠 𝐑𝐄𝐒𝐏𝐎𝐍𝐒𝐈𝐁𝐈𝐋𝐈𝐓𝐈𝐄𝐒 : | # 💠 𝐉𝐎𝐁 𝐏𝐑𝐎𝐅𝐈𝐋𝐄 :
【~】✪ Following global industries/markets and analyzing multinational companies to enable our clients to make sound investment decisions.
【~】✪ Conducting background research independently and documenting the findings and conclusions in the form of investment research reports.
【~】✪ Building and maintaining financial models and generating forecasts as an integral part of the analysis.
【~】✪ Applying appropriate absolute and relative valuation methods applicable to various sectors and companies.
✅ 𝐁𝐄𝐍𝐄𝐅𝐈𝐓𝐒 :
【~】✪ Competitive salary and benefits package.
【~】✪ Opportunities for professional growth and development.
【~】✪ A collaborative and inclusive work environment.
【~】✪ Exposure to global markets and investment strategies.
【~】✪ Work with a team of experienced investment professionals.
✅ 𝐇𝐎𝐖 𝐓𝐎 𝐀𝐏𝐏𝐋𝐘 ✍️ :
If you feel you are the right individual for the above position, then apply via ""𝗔𝗽𝗽𝗹𝘆 𝗡𝗼𝘄"" of this advert.
[ 𝐖𝐄 𝐇𝐈𝐆𝐇𝐋𝐘 𝐈𝐍𝐅𝐎𝐑𝐌 𝐀𝐋𝐋 𝐓𝐇𝐄 𝐂𝐀𝐍𝐃𝐈𝐃𝐀𝐓𝐄𝐒 𝐓𝐎 𝐌𝐄𝐍𝐓𝐈𝐎𝐍 𝐀 𝐕𝐀𝐋𝐈𝐃 𝐌𝐎𝐁𝐈𝐋𝐄 𝐍𝐔𝐌𝐁𝐄𝐑 & 𝐈𝐓 𝐈𝐒 𝐂𝐎𝐌𝐏𝐔𝐋𝐒𝐎𝐑𝐘 𝐓𝐎 𝐀𝐓𝐓𝐀𝐂𝐇 𝐘𝐎𝐔𝐑 𝐂𝐕 𝐁𝐘 𝐔𝐏𝐃𝐀𝐓𝐈𝐍𝐆 𝐘𝐎𝐔𝐑 ""𝗜𝗞𝗠𝗔𝗡 𝗥𝗘𝗦𝗨𝗠𝗘"" ]
＃ 📧 𝐸𝓂𝒶𝒾𝓁:  asath.afham@legacyhealthllc.com",,
https://ikman.lk/en/ad/research-analyst-colombo-1,"💼 𝐏𝐎𝐒𝐈𝐓𝐈𝐎𝐍 :  Research Analyst
💠 𝐑𝐄𝐐𝐔𝐈𝐑𝐄𝐌𝐄𝐍𝐓𝐒 : | # 💠 𝐂𝐀𝐍𝐃𝐈𝐃𝐀𝐓𝐄 𝐏𝐑𝐎𝐅𝐈𝐋𝐄 :
【~】✪ 5+ years of relevant experience, preferably in Investment Research, Banking, and/or Corporate Finance.
【~】✪ The ability to compile a coherent and logical investment thesis on a company by gaining a detailed understanding of its business and the ability to write concise and crisp investment recommendation reports.
【~】✪ A degree in business/accounting/economics or a completed professional qualification such as CIMA, ACCA, or CA Sri Lanka; a full/part qualification in CFA will be an added advantage.
【~】✪ A highly analytical mind with strong attention to detail.
【~】✪ Good written and spoken English communication skills.
【~】✪ The ability to work independently and meet deadlines under pressure.
【~】✪ Should be willing to work for the US calendar, and working hours would be from 3:00 PM to 12:00 AM (Monday to Friday).
【~】✪ Preference will be given to candidates who have high interpersonal skills and a team player who can work well with all levels of employees.
💠 𝐑𝐄𝐒𝐏𝐎𝐍𝐒𝐈𝐁𝐈𝐋𝐈𝐓𝐈𝐄𝐒 : | # 💠 𝐉𝐎𝐁 𝐏𝐑𝐎𝐅𝐈𝐋𝐄 :
【~】✪ Following global industries/markets and analyzing multinational companies to enable our clients to make sound investment decisions.
【~】✪ Conducting background research independently and documenting the findings and conclusions in the form of investment research reports.
【~】✪ Building and maintaining financial models and generating forecasts as an integral part of the analysis.
【~】✪ Applying appropriate absolute and relative valuation methods applicable to various sectors and companies.
✅ 𝐁𝐄𝐍𝐄𝐅𝐈𝐓𝐒 :
【~】✪ Competitive salary and benefits package.
【~】✪ Opportunities for professional growth and development.
【~】✪ A collaborative and inclusive work environment.
【~】✪ Exposure to global markets and investment strategies.
【~】✪ Work with a team of experienced investment professionals.
✅ 𝐇𝐎𝐖 𝐓𝐎 𝐀𝐏𝐏𝐋𝐘 ✍️ :
If you feel you are the right individual for the above position, then apply via ""𝗔𝗽𝗽𝗹𝘆 𝗡𝗼𝘄"" of this advert.
[ 𝐖𝐄 𝐇𝐈𝐆𝐇𝐋𝐘 𝐈𝐍𝐅𝐎𝐑𝐌 𝐀𝐋𝐋 𝐓𝐇𝐄 𝐂𝐀𝐍𝐃𝐈𝐃𝐀𝐓𝐄𝐒 𝐓𝐎 𝐌𝐄𝐍𝐓𝐈𝐎𝐍 𝐀 𝐕𝐀𝐋𝐈𝐃 𝐌𝐎𝐁𝐈𝐋𝐄 𝐍𝐔𝐌𝐁𝐄𝐑 & 𝐈𝐓 𝐈𝐒 𝐂𝐎𝐌𝐏𝐔𝐋𝐒𝐎𝐑𝐘 𝐓𝐎 𝐀𝐓𝐓𝐀𝐂𝐇 𝐘𝐎𝐔𝐑 𝐂𝐕 𝐁𝐘 𝐔𝐏𝐃𝐀𝐓𝐈𝐍𝐆 𝐘𝐎𝐔𝐑 ""𝗜𝗞𝗠𝗔𝗡 𝗥𝗘𝗦𝗨𝗠𝗘"" ]
＃ 📧 𝐸𝓂𝒶𝒾𝓁:  asath.afham@legacyhealthllc.com",,
https://ikman.lk/en/ad/investment-research-analyst-colombo-5,"💼 𝐏𝐎𝐒𝐈𝐓𝐈𝐎𝐍 : Investment Research Analyst
💠 𝐑𝐄𝐐𝐔𝐈𝐑𝐄𝐌𝐄𝐍𝐓𝐒 : | # 💠 𝐂𝐀𝐍𝐃𝐈𝐃𝐀𝐓𝐄 𝐏𝐑𝐎𝐅𝐈𝐋𝐄 :
【~】✪ 5+ years of relevant experience, preferably in Investment Research, Banking, and/or Corporate Finance.
【~】✪ The ability to compile a coherent and logical investment thesis on a company by gaining a detailed understanding of its business and the ability to write concise and crisp investment recommendation reports.
【~】✪ A degree in business/accounting/economics or a completed professional qualification such as CIMA, ACCA, or CA Sri Lanka; a full/part qualification in CFA will be an added advantage.
【~】✪ A highly analytical mind with strong attention to detail.
【~】✪ Good written and spoken English communication skills.
【~】✪ The ability to work independently and meet deadlines under pressure.
【~】✪ Should be willing to work for the US calendar, and working hours would be from 3:00 PM to 12:00 AM (Monday to Friday).
【~】✪ Preference will be given to candidates who have high interpersonal skills and a team player who can work well with all levels of employees.
💠 𝐑𝐄𝐒𝐏𝐎𝐍𝐒𝐈𝐁𝐈𝐋𝐈𝐓𝐈𝐄𝐒 : | # 💠 𝐉𝐎𝐁 𝐏𝐑𝐎𝐅𝐈𝐋𝐄 :
【~】✪ Following global industries/markets and analyzing multinational companies to enable our clients to make sound investment decisions.
【~】✪ Conducting background research independently and documenting the findings and conclusions in the form of investment research reports.
【~】✪ Building and maintaining financial models and generating forecasts as an integral part of the analysis.
【~】✪ Applying appropriate absolute and relative valuation methods applicable to various sectors and companies.
✅ 𝐁𝐄𝐍𝐄𝐅𝐈𝐓𝐒 :
【~】✪ Competitive salary and benefits package.
【~】✪ Opportunities for professional growth and development.
【~】✪ A collaborative and inclusive work environment.
【~】✪ Exposure to global markets and investment strategies.
【~】✪ Work with a team of experienced investment professionals.
✅ 𝐇𝐎𝐖 𝐓𝐎 𝐀𝐏𝐏𝐋𝐘 ✍️ :
If you feel you are the right individual for the above position, then apply via ""𝗔𝗽𝗽𝗹𝘆 𝗡𝗼𝘄"" of this advert.
[ 𝐖𝐄 𝐇𝐈𝐆𝐇𝐋𝐘 𝐈𝐍𝐅𝐎𝐑𝐌 𝐀𝐋𝐋 𝐓𝐇𝐄 𝐂𝐀𝐍𝐃𝐈𝐃𝐀𝐓𝐄𝐒 𝐓𝐎 𝐌𝐄𝐍𝐓𝐈𝐎𝐍 𝐀 𝐕𝐀𝐋𝐈𝐃 𝐌𝐎𝐁𝐈𝐋𝐄 𝐍𝐔𝐌𝐁𝐄𝐑 & 𝐈𝐓 𝐈𝐒 𝐂𝐎𝐌𝐏𝐔𝐋𝐒𝐎𝐑𝐘 𝐓𝐎 𝐀𝐓𝐓𝐀𝐂𝐇 𝐘𝐎𝐔𝐑 𝐂𝐕 𝐁𝐘 𝐔𝐏𝐃𝐀𝐓𝐈𝐍𝐆 𝐘𝐎𝐔𝐑 ""𝗜𝗞𝗠𝗔𝗡 𝗥𝗘𝗦𝗨𝗠𝗘"" ]
＃ 📧 𝐸𝓂𝒶𝒾𝓁:  asath.afham@legacyhealthllc.com",,
https://ikman.lk/en/ad/market-research-analyst-jaffna-jaffna,"CADIGAL GROUP
‼️WE'RE HIRING‼️
MARKET RESEARCH ANALYST
(FULL-TIME | JAFFNA)
🛑 Responsibilities
👉Conduct data-driven market research on investment opportunities
👉Analyse market trends using statistical and quantitative methods
👉Support feasibility assessments through data interpretation and basic financial analysis
👉Collect, clean, and organise data from multiple sources, including market reports and public datasets
👉Prepare clear reports, dashboards, and summaries of key insights
👉Track market movements, competitor activity, and emerging opportunities
👉Support business development initiatives with data-backed findings
🟣Qualifications/Requirements:
👉 Recent graduate in Business Administration, Business Management, Statistics, or a related analytical field
👉Strong interest in data analysis and market research
👉Proficiency in Microsoft Excel
👉Strong numerical, analytical, and problem-solving skills
👉Good communication skills with the ability to present data insights clearly
👉Eagerness to learn and apply statistical knowledge in a business environment
Please send your resume and a short cover letter to hr@cadigalgroup.com.au with the subject line ""Market Research Analyst""
No.47, KKS Road, Kokuvil, Jaffna.
https://www.cadigalgroup.com.au/",,
https://ikman.lk/en/ad/video-editor-kalutara-6,,,
https://ikman.lk/en/ad/video-editor-colombo-263,,,
https://ikman.lk/en/ad/video-editor-colombo-colombo-2,"ශ්‍රී ලංකාවේ ප්‍රමුඛතම අධ්‍යාපන සන්නාමයක් වන pb.lk හි වීඩියෝ සංස්කරණ ශිල්පී (Video Editor) තනතුර සඳහා ඇබෑර්තු ඇත.
සුදුසුකම් (Qualifications):
තාක්ෂණික දැනුම: Adobe Premiere Pro, After Effects, Photoshop, Capcut හෝ වෙනත් ප්‍රමුඛ පෙළේ වීඩියෝ සංස්කරණ මෘදුකාංග හැසිරවීමේ මනා පළපුරුද්ද.
නිර්මාණශීලීත්වය: ආකර්ශනීය ලෙස අධ්‍යාපනික වීඩියෝ සහ ප්‍රචාරණ පට (Shorts/Reels/Promos) නිර්මාණය කිරීමේ හැකියාව.
වේගය සහ කාර්යක්ෂමතාව: නියමිත කාලසීමාවන් තුළ උසස් ප්‍රමිතියෙන් යුතුව වැඩ නිම කිරීමේ හැකියාව.
අමතර සුදුසුකම්: වීඩියෝ වල වර්ණ සංයෝජනය (Color Grading) සහ ශබ්ද පරිපාලනය (Audio Editing) පිළිබඳ මූලික දැනුම තිබීම වාසියකි.
අත්දැකීම්: ක්ෂේත්‍රයේ පළපුරුද්දක් සහිත අය වඩාත් ප්‍රමුඛ වේ.
ඔබත් නවීන තාක්ෂණය සමඟ වැඩ කිරීමට කැමති, නිර්මාණශීලී අයෙක් නම් දැන්ම අයදුම්කරන්න.
ඔබගේ අයදුම්පත (CV) සහ ඔබ විසින් මීට පෙර නිම කරන ලද නිර්මාණ කිහිපයක් (Portfolio/Samples) 0769800132 අංකයට WhatsApp කරන්න.",,
https://ikman.lk/en/ad/junior-video-editor-kandy,"We are a growing organization based in Divulapitiya and Kandy, looking for a hardworking, detail-oriented Video Editor to join our team. This role involves creating a mix of long-form and short-form video content, and once well trained, posting the content on social media platforms.
We aren't necessarily looking for seasoned experts, but we want individuals who have mastered the basics and possess a strong drive to learn, grow, and become best-in-class editors. If you have a passion for visual storytelling and a keen eye for detail, we want to hear from you!
This is a hybrid role, meaning the vast majority of your time will be spent working from home, with occasional in-person alignment.
For the right candidate, we are fully committed to providing long-term employment along with all the hands-on training you need to master your craft.",,
https://ikman.lk/en/ad/photo-editor-in-kiribathgoda-gampaha,"Join Our Studio Team! we`re Looking for a Skilled
photo Editor.
.
✔️ Experience in Photoshop
✔️ Skilled in retouching & color correction
✔️ Able to meet deadlines
✔️ Passion for photography
✔️ Photography skills would be an added qualification
📍 Studio-based role
📩 Send your CV & portfolio to apply
Be part of a creative team and grow with us!
📸 ඡායාරූප සංස්කාරකවරුන් (Photo Editors) අවශ්‍යයි!
ඔබේ නිර්මාණශීලීත්වයට නව මානයක් දෙන්න!
අපගේ ආයතනය සඳහා ඡායාරූප සංස්කරණයට (Photo Editing) දක්ෂ, පළපුරුදු නිර්මාණශීලී පුද්ගලයින්  බඳවා ගැනීමට කටයුතු යොදා ඇත
📌 ඔබ සතු විය යුතු සුදුසුකම්:
# මෘදුකාංග දැනුම: Adobe Photoshop, Lightroom සහ අනෙකුත් අදාළ   මෘදුකාංග පිළිබඳ මනා දැනුමක් තිබීම.
#නිර්මාණශීලීත්වය: පාරිභෝගික අවශ්‍යතා අනුව ඡායාරූප ආකර්ෂණීය ලෙස සකස් කිරීමට සහ වර්ණ ගැන්වීමට (Color Grading) ඇති හැකියාව.
#කාල කළමනාකරණය: ලබා දී ඇති කාලසීමාවන් තුළ වැඩ නිම කිරීමේ හැකියාව.
# ඡායාරූප ගැනීමට ඇති හැකියාව අමතර සුදුසු කමක්වේ.
📩 අයදුම් කළ යුතු ආකාරය:
ඔබේ අයදුම්පත (CV) සහ ඔබේ හොඳම නිර්මාණ කිහිපයක් සමඟින් පහත  දුරකථන අංකයට අපව සම්බන්ධ කරගන්න.
දුරකථන අංකය: 0112914904/ 0716114001/0761545763",,
https://ikman.lk/en/ad/video-editor-kandy,"FULL TIME YOUTUBE CONTENT MANAGER & VIDEO EDITOR
Salary: LKR 100,000 per month + Performance Bonuses
We are looking for a passionate and creative full time Content Manager & Video Editor to help build a large YouTube and social media brand from the ground up.
Our content includes:
• Travel Vlogs
• Couple & Lifestyle Content
• Street Interviews
• Car Reviews
• Business & Entrepreneurship Content
• YouTube Shorts, Instagram Reels, TikTok & Facebook Reels
This is NOT a traditional editing job.
We are looking for someone who understands YouTube, cinematic storytelling, audience retention, social media growth, and content strategy.
Responsibilities:
• Edit and produce atleast 15-20 long form videos a month
• Create multiple Shorts/Reels from each video
• Upload and schedule content across platforms
• Create engaging titles and descriptions
• Design basic thumbnails
• Organise footage and content libraries
• Monitor analytics and provide weekly reports
• Suggest content improvements and video ideas
• Work closely with the creator to help grow the channel
Requirements:
• Strong experience with professional video editing software
• Good understanding of YouTube content and trends
• Strong English comprehension
• Ability to work independently
• Reliable internet connection
• Strong attention to detail
• Passion for social media and content creation
Bonus Skills:
• Thumbnail design
• After Effects
• Motion graphics
• AI tools
• Experience managing YouTube channels
• Interest in travel, automotive, and lifestyle content
To Apply:
Please send:
1. Your resume, portfolio or examples of your best work to amgrentau@gmail.com
3. Links to any YouTube channels you have worked on
4. A short introduction about yourself and why you would be a good fit
We are looking for a long term team member who wants to grow with the business and eventually become a key part of a large content brand.",,
https://ikman.lk/en/ad/video-editor-kalutara-5,,,
https://ikman.lk/en/ad/vedio-editing-vavuniya-1,"💢உடனடி வேலைவாய்ப்பு
⭐VEDIO EDITING (வீடியோ எடிட்டிங்)
⭕3 வார இலவசப் பயிற்சி வழங்கப்படும் 🎓
⭕ஆண் பெண் இருபாலரும் விரும்பத்தக்கது
⏰பணி நேரம் :-
காலை 8:15 – மாலை 5:15 வரை
💵 சம்பளம் & நன்மைகள்
ஆரம்ப சம்பளம் :-
ரூ.34,000 – 40,000 (ஓவர்டைம் உட்பட)
✅ EPF & ETF வழங்கப்படும்
👉QUALIFICATION :-
(தகுதிகள்)
⭕வயது :-
21 – 26 வயதுக்கு மேல்
🆎ஆங்கில மொழியில் வாசிக்க தெரிந்து இருத்தல் வேண்டும் .
💻MS Office, Photoshop மற்றும் பிற தொடர்புடைய கணினி பயன்பாடுகள்  தெரிந்து இருத்தல் வேண்டும் .
⭕கற்றுக்கொள்ளும் ஆர்வம் மற்றும் குழுவுடன் இணைந்து பணியாற்றும் மனப்பான்மை இருத்தல் வேண்டும் .🤝
📍இடம் :-
Goodshed Road, Vavuniya
📲தொடர்புகளுக்கு :-
0777106333
(வவுனியாவில் உள்ளவர்கள் மட்டும் தொடர்பு கொள்ளவும்)
❇️ஒரு தொழில்முறை சூழலில் உங்கள் திறன்களை வளர்த்துக் கொள்ள தயாராக இருந்தால், தயங்காமல் எங்களை தொடர்பு கொள்ளுங்கள்! 🚀",,
https://ikman.lk/en/ad/short-form-content-editor-needed-colombo,"Job Requirements
-Work from home
-Editing of short form content for marketing purposes.
-Should be able to use Capcut, Adobe Premiere Pro or any suitable software
-Work to be completed on time.
SERIOUS CANDIDATES ONLY!",,
https://ikman.lk/en/ad/video-editor-colombo-260,,,
https://ikman.lk/en/ad/video-editor-kalutara-4,,,
https://ikman.lk/en/ad/content-creator-colombo-04-colombo,"Content Creator – Colombo 04
We are looking for a creative Content Creator to manage social media and digital content.
Responsibilities:
Create posts, reels, and stories for Instagram, TikTok, and Facebook.
Write engaging captions and support marketing campaigns.
Edit photos/videos and design visuals using tools like Canva or Photoshop
Requirements:
1–2 years’ experience in content creation.
Knowledge of social media trends and tools.
Creative, punctual, and team-oriented personality
Benefits:
Competitive salary
Career growth opportunities
Friendly work environment
📧 Email: aero.express319@gmail.com
📞 Contact: 076 914 5576 team‑oriented personality",,
https://ikman.lk/en/ad/news-writer-jaffna-jaffna,"ஊடக உலகில் பிரகாசிக்க ஆர்வமுள்ளவரா நீங்கள்?
எமது நிறுவனத்தில் பின்வரும் துறைகளுக்கான வெற்றிடங்கள் உள்ளன.
தகுதியும் அனுபவமும் உள்ளவர்களிடமிருந்து விண்ணப்பங்கள் வரவேற்கப்படுகின்றன!
செய்தி எழுதுனர் (News Writer / Journalist)
(குறிப்பு: அனைத்துப் பதவிகளுக்கும் தகுந்த அனுபவம் அவசியமாகும்.)
விண்ணப்பிக்கும் முறை:
உங்கள் சுயவிவரக் கோவையை (CV) எமது மின்னஞ்சல் முகவரிக்கு அனுப்பி வைக்கவும்.
மின்னஞ்சல்: hr.samugam@gmail.com
மேலும் விபரங்களுக்கு தொடர்புகொள்ள:
📲 கைபேசி: 0767905846",,
https://ikman.lk/en/ad/content-creator-vaccancy-colombo,"🎥 WE'RE HIRING – CONTENT CREATOR & DIGITAL MARKETING EXECUTIVE
Do you love creating content, appearing on camera, and bringing brands to life through creative ideas?
We're looking for an energetic and creative individual to join the marketing team at Wimaladharma & Sons.
What you'll do:
✅ Create engaging reels, videos, and social media content
✅ Manage and grow our social media pages
✅ Develop creative campaign ideas for international watch brands
✅ Present products confidently on camera
✅ Assist with digital marketing and advertising campaigns
✅ Engage with customers and represent the brand professionally
What we're looking for:
✔ Strong communication and presentation skills
✔ Confident personality and comfortable in front of the camera
✔ Creative mindset with a passion for social media
✔ Basic photography and video editing skills
✔ Knowledge of Instagram, Facebook, TikTok, and digital marketing
✔ Experience in content creation is an advantage
📍 Location: Colombo
📱 Apply via WhatsApp: 077 735 3873
📧 Send your CV, portfolio, or social media links
""If you can turn ideas into engaging content and love being creative, we'd love to hear from you",,
https://ikman.lk/en/ad/content-writer-colombo,"Content Writer – Sinhala Scripts
Company: Lakmini International (Pvt) Ltd
Location: Pannipitiya, Colombo
Job Type: Full-Time
Lakmini International (Pvt) Ltd, a reputed software development and digital marketing company established in 2012, is looking for creative, trend-aware, and talented Content Writer to join our growing team.
We specialize in developing high-quality mobile and web applications for clients around the world. As part of our digital content team, you will be responsible for creating engaging Sinhala scripts for social media platforms such as Facebook, TikTok, YouTube, and other digital channels.
The ideal candidate should have strong Sinhala writing skills, a good understanding of social media trends in Sri Lanka, and the ability to turn trending stories, news, viral posts, photos, events, and ideas into engaging storytelling scripts.
**Key Responsibilities**
Write creative Sinhala scripts for social media videos, short-form content, and YouTube videos
Monitor trending content on Facebook, TikTok, YouTube, and other platforms
Convert viral topics, stories, photos, events, and news into engaging scripts
Research topics using Sinhala and English sources
Suggest fresh content ideas based on current trends
Work closely with the content, marketing, and production teams
Ensure content is accurate, engaging, and suitable for digital platforms
Maintain consistency and complete assigned tasks within deadlines
**Requirements**
Good Sinhala writing and storytelling skills
Basic to good English knowledge for research purposes
Strong understanding of Sri Lankan social media trends
Interest in news, politics, history, lifestyle, and viral content
Ability to identify trending topics and convert them into creative scripts
Knowledge of social media policies, community guidelines, and content safety
Ability to work under deadlines with consistency and creativity
**Additional Advantages**
Previous experience in content writing, media, or digital marketing
Experience with social media monitoring tools
Familiarity with AI tools such as ChatGPT, Gemini, and other research tools
Knowledge of Facebook, TikTok, YouTube, and digital content strategies
Ability to write scripts for voiceovers, reels, and short video content
**Working Details**
Working Days: Monday to Saturday (9.00AM - 5.30PM)
Location: Pannipitiya, Colombo
Job Type: Full-Time
**Salary & Benefits**
Attractive salary based on experience and skill level
Overtime payments available
Opportunity to work with a professional software and digital marketing company
Creative and growth-focused working environment
**How to Apply**
Send your CV and 2 sample Sinhala scripts to:
📧 Email: info.lakminiinternational@gmail.com
📞 Contact Number: 0114063286
Join Lakmini International (Pvt) Ltd and be part of a creative digital team that builds powerful content for modern online audiences.",,
https://ikman.lk/en/ad/video-content-creator-colombo11-colombo,"📢 உடனடி வேலைவாய்ப்பு
‼️ கொழும்பு 11 இல் அமைந்துள்ள FASHION GALLERY நிறுவனத்திற்கு வேலையாட்கள் தேவை .‼️
✳️ விற்பனையாளர்
💰சம்பளம் :-35000-70000/=
(அனுபவத்திற்கேற்ப வழங்கப்படும் )
✳️ VIDEO CONTENT CREATOR
நன்மைகள்
⭕சம்பளத்துடன் மதிய உணவும் வழங்கப்படும்.
📌கொழும்பு பகுதியில் வசிப்பவர்கள் விரும்பத்தக்கது.
👉ஆண்கள், பெண்கள் இருபாலரும் விண்ணப்பிக்கலாம்.
📍 இடம் :- 186 Main
Street ,
Colombo11
📲 தொடர்புகளுக்கு :-
0775552215
---------------------------------------------------
📢 IMMEDIATE VACANCY
‼️ FASHION GALLERY located in Colombo 11 is looking for workers .‼️
✳️ SALES PERSON
💰Salary:-35000-70000/=
(Will be awarded based on experience.)
✳️ VIDEO CONTENT CREATOR
Benefits
⭕Lunch will be provided along with salary.
📌Residents of Colombo area are preferred.
👉Gender:- Male/Female
📍 Location:- 186 Main
Street,
Colombo11
📲 Contacts :-
0775552215",,
https://ikman.lk/en/ad/interior-designer-colombo-38,"We’re Hiring | Interior Designer (Retail Projects)
At Hameedia, we are entering a high-growth phase of retail transformation — with multiple showroom upgrades, renovations, and new store developments across the island.
We’re looking for a hands-on, driven Interior Designer who can think, create, and execute - not just design.
What You’ll Be Driving
Design and execute premium retail spaces that elevate the Hameedia brand experience
Lead end-to-end project coordination – from concept to completion
Work closely with internal teams, contractors, and stakeholders to deliver projects on time
Translate ideas into practical, cost-effective design solutions
Ensure every showroom reflects aesthetic excellence + commercial impact
Who You Are
A go-getter with energy to handle multiple projects and tight timelines
Strong in space planning, layouts, materials, and retail design thinking
Comfortable taking ownership and driving execution independently
A problem-solver who can balance design vision with practicality
Confident working with teams, vendors, and management
What You Bring
2–4 years’ experience in interior design (retail exposure preferred)
Proficiency in AutoCAD, SketchUp / 3D tools
Ability to estimate costs, manage materials, and support project delivery
A portfolio that demonstrates creativity + real execution
Why Join Hameedia
Be part of a brand-led retail transformation journey
Work on high-visibility showroom projects across Sri Lanka
Opportunity to build a strong project portfolio quickly
A professional, fast-paced environment where your work is seen and valued
Send your CV + Portfolio to: careers@hameedia.com
(Please include “Interior Designer Application” in the subject)",,
